Protocollo;Gruppo;DataOraIncidente;Localizzazione1;STRADA1;Localizzazione2;STRADA2;Strada02;Chilometrica;DaSpecificare;NaturaIncidente;particolaritastrade;TipoStrada;FondoStradale;Pavimentazione;Segnaletica;CondizioneAtmosferica;Traffico;Visibilita;Illuminazione;NUM_FERITI;NUM_RISERVATA;NUM_MORTI;NUM_ILLESI;Longitudine;Latitudine;Confermato;Progressivo;TipoVeicolo;StatoVeicolo;TipoPersona;Sesso;Tipolesione;Deceduto;DecedutoDopo;CinturaCascoUtilizzato;Airbag;
5624722;8;02/10/2021 10:00:00;Statale entro l'abitato;VIA CASILINA;da specificare;;;;50mt prima della rampa per v.le Oxford, fuori Roma;Veicolo in marcia contro ostacolo accidentale;Rettilineo;Due carreggiate;Asciutto;Strada pavimentata dissestata;Verticale ed orizzontale;Nuvoloso;Scarso;Sufficiente;;0;0;0;1;12.6212;41.8626;-1;1;Autovettura privata;In marcia / fermata / arresto;Conducente;M;Illeso;0;;Non accertato;Inesploso
5624726;9;03/10/2021 11:15:00;Strada Urbana;VIA MACEDONIA;all'intersezione con;VIA CENTURIPE;VIA CENTURIPE;;;Investimento di pedone;Intersezione stradale segnalata;Una carreggiata a senso unico di marcia;Asciutto;Asfaltata;Orizzontale;Sereno;Scarso;Buona;;1;0;0;1;12.5128;41.8718;-1;;;;Pedone;M;Rimandato;0;NON DECEDUTO;;
5624726;9;03/10/2021 11:15:00;Strada Urbana;VIA MACEDONIA;all'intersezione con;VIA CENTURIPE;VIA CENTURIPE;;;Investimento di pedone;Intersezione stradale segnalata;Una carreggiata a senso unico di marcia;Asciutto;Asfaltata;Orizzontale;Sereno;Scarso;Buona;;1;0;0;1;12.5128;41.8718;-1;1;Motociclo a solo;In marcia / fermata / arresto;Conducente;M;Illeso;0;;Non accertato;
5624729;8;02/10/2021 06:05:00;Strada Urbana;VIA PRENESTINA;in corrispondenza;;del civico n.;1132;;Scontro frontale/laterale SX fra veicoli in marcia;Rettilineo;Una carreggiata a doppio senso;Asciutto;Asfaltata;Verticale ed orizzontale;Sereno;Normale;Buona;;1;0;0;1;12.6184;41.8931;-1;1;Autocarro inferiore 35 q.;In marcia / fermata / arresto;Conducente;M;Illeso;0;;;
5624729;8;02/10/2021 06:05:00;Strada Urbana;VIA PRENESTINA;in corrispondenza;;del civico n.;1132;;Scontro frontale/laterale SX fra veicoli in marcia;Rettilineo;Una carreggiata a doppio senso;Asciutto;Asfaltata;Verticale ed orizzontale;Sereno;Normale;Buona;;1;0;0;1;12.6184;41.8931;-1;2;Motociclo a solo;In marcia / fermata / arresto;Conducente;M;Rimandato;0;NON DECEDUTO;;
5624735;8;02/10/2021 06:35:00;Strada Urbana;VIA PRENESTINA;in corrispondenza;;del civico n.;1132;;Veicolo in marcia contro ostacolo accidentale;Rettilineo;Una carreggiata a doppio senso;Asciutto;Asfaltata;Verticale ed orizzontale;Sereno;Normale;Buona;;0;0;0;2;12.6183;41.8931;-1;1;Autovettura privata;In marcia / fermata / arresto;Conducente;M;Illeso;0;;;
5624735;8;02/10/2021 06:35:00;Strada Urbana;VIA PRENESTINA;in corrispondenza;;del civico n.;1132;;Veicolo in marcia contro ostacolo accidentale;Rettilineo;Una carreggiata a doppio senso;Asciutto;Asfaltata;Verticale ed orizzontale;Sereno;Normale;Buona;;0;0;0;2;12.6183;41.8931;-1;2;Motociclo a solo;In marcia / fermata / arresto;Conducente;M;Illeso;0;;;
5624736;8;03/10/2021 18:15:00;Statale entro l'abitato;VIA CASILINA;da specificare;;;;altezza VIA GRAMMICHELE;Veicolo in marcia contro veicolo in sosta;Rettilineo;Una carreggiata a doppio senso;Asciutto;Asfaltata;Verticale ed orizzontale;Sereno;Intenso;Buona;;0;0;0;1;12.6212;41.8626;-1;1;Autovettura privata;Sosta;;;;;;;
5624736;8;03/10/2021 18:15:00;Statale entro l'abitato;VIA CASILINA;da specificare;;;;altezza VIA GRAMMICHELE;Veicolo in marcia contro veicolo in sosta;Rettilineo;Una carreggiata a doppio senso;Asciutto;Asfaltata;Verticale ed orizzontale;Sereno;Intenso;Buona;;0;0;0;1;12.6212;41.8626;-1;2;Autobus urbano;In marcia / fermata / arresto;Conducente;M;Illeso;0;;Non accertato;Inesploso
5624741;8;03/10/2021 05:03:00;Strada Urbana;VIA EMILIO GALLORI;in corrispondenza;;del civico n.;43;;Scontro frontale/laterale SX fra veicoli in marcia;Rettilineo;Una carreggiata a senso unico di marcia;Asciutto;Asfaltata;Verticale;Sereno;Scarso;Sufficiente;;1;0;0;2;12.6018;41.8563;-1;1;Bicicletta elettrica;In marcia / fermata / arresto;Conducente;M;Rimandato;0;NON DECEDUTO;Non utilizzato;Inesploso
5624741;8;03/10/2021 05:03:00;Strada Urbana;VIA EMILIO GALLORI;in corrispondenza;;del civico n.;43;;Scontro frontale/laterale SX fra veicoli in marcia;Rettilineo;Una carreggiata a senso unico di marcia;Asciutto;Asfaltata;Verticale;Sereno;Scarso;Sufficiente;;1;0;0;2;12.6018;41.8563;-1;2;Autovettura privata;In marcia / fermata / arresto;Conducente;M;Illeso;0;;Non accertato;Inesploso
5624741;8;03/10/2021 05:03:00;Strada Urbana;VIA EMILIO GALLORI;in corrispondenza;;del civico n.;43;;Scontro frontale/laterale SX fra veicoli in marcia;Rettilineo;Una carreggiata a senso unico di marcia;Asciutto;Asfaltata;Verticale;Sereno;Scarso;Sufficiente;;1;0;0;2;12.6018;41.8563;-1;2;Autovettura privata;In marcia / fermata / arresto;Passeggero;M;Illeso;0;;Non accertato;Inesploso
5624746;8;02/10/2021 19:45:00;Strada Urbana;VIA DI TOR BELLA MONACA;da specificare;;;;100 mt prima del civ. 280 (direzione via Casilina);Scontro laterale fra veicoli in marcia;Rettilineo;Due carreggiate;Asciutto;Asfaltata;Verticale ed orizzontale;Sereno;Normale;Buona;;1;0;0;2;12.6282;41.8763;-1;1;Autovettura privata;In marcia / fermata / arresto;Conducente;F;Illeso;0;;;
5624746;8;02/10/2021 19:45:00;Strada Urbana;VIA DI TOR BELLA MONACA;da specificare;;;;100 mt prima del civ. 280 (direzione via Casilina);Scontro laterale fra veicoli in marcia;Rettilineo;Due carreggiate;Asciutto;Asfaltata;Verticale ed orizzontale;Sereno;Normale;Buona;;1;0;0;2;12.6282;41.8763;-1;1;Autovettura privata;In marcia / fermata / arresto;Passeggero;F;Illeso;0;;;
5624746;8;02/10/2021 19:45:00;Strada Urbana;VIA DI TOR BELLA MONACA;da specificare;;;;100 mt prima del civ. 280 (direzione via Casilina);Scontro laterale fra veicoli in marcia;Rettilineo;Due carreggiate;Asciutto;Asfaltata;Verticale ed orizzontale;Sereno;Normale;Buona;;1;0;0;2;12.6282;41.8763;-1;2;Motociclo a solo;In marcia / fermata / arresto;Conducente;M;Rimandato;0;NON DECEDUTO;;
5624754;8;03/10/2021 02:30:00;Strada Urbana;VIA TIBURTINA;da specificare;;;;fronte civico 1383;Scontro laterale fra veicoli in marcia;Rettilineo;Due carreggiate;Asciutto;Asfaltata;Verticale ed orizzontale;Sereno;Scarso;Buona;;0;0;0;4;12.6229;41.9385;-1;1;Autovettura privata;In marcia / fermata / arresto;Conducente;M;Illeso;0;;Non accertato;Inesploso
5624754;8;03/10/2021 02:30:00;Strada Urbana;VIA TIBURTINA;da specificare;;;;fronte civico 1383;Scontro laterale fra veicoli in marcia;Rettilineo;Due carreggiate;Asciutto;Asfaltata;Verticale ed orizzontale;Sereno;Scarso;Buona;;0;0;0;4;12.6229;41.9385;-1;1;Autovettura privata;In marcia / fermata / arresto;Passeggero;F;Illeso;0;;Non accertato;Inesploso
5624754;8;03/10/2021 02:30:00;Strada Urbana;VIA TIBURTINA;da specificare;;;;fronte civico 1383;Scontro laterale fra veicoli in marcia;Rettilineo;Due carreggiate;Asciutto;Asfaltata;Verticale ed orizzontale;Sereno;Scarso;Buona;;0;0;0;4;12.6229;41.9385;-1;2;Autovettura privata;In marcia / fermata / arresto;Passeggero;F;Illeso;0;;Non accertato;Inesploso
5624754;8;03/10/2021 02:30:00;Strada Urbana;VIA TIBURTINA;da specificare;;;;fronte civico 1383;Scontro laterale fra veicoli in marcia;Rettilineo;Due carreggiate;Asciutto;Asfaltata;Verticale ed orizzontale;Sereno;Scarso;Buona;;0;0;0;4;12.6229;41.9385;-1;2;Autovettura privata;In marcia / fermata / arresto;Conducente;F;Illeso;0;;Non accertato;Inesploso
5624755;8;03/10/2021 17:40:00;Strada Urbana;VIA CASILINA;in prossimit�;;del civico n.;1777;;Scontro laterale fra veicoli in marcia;Rettilineo;Una carreggiata a doppio senso;Asciutto;Asfaltata;Verticale ed orizzontale;Sereno;Intenso;Buona;;1;0;0;3;12.6711;41.864;-1;1;Autovettura privata;In marcia / fermata / arresto;Conducente;F;Rimandato;0;NON DECEDUTO;Non accertato;Inesploso
5624755;8;03/10/2021 17:40:00;Strada Urbana;VIA CASILINA;in prossimit�;;del civico n.;1777;;Scontro laterale fra veicoli in marcia;Rettilineo;Una carreggiata a doppio senso;Asciutto;Asfaltata;Verticale ed orizzontale;Sereno;Intenso;Buona;;1;0;0;3;12.6711;41.864;-1;1;Autovettura privata;In marcia / fermata / arresto;Passeggero;M;Illeso;0;;Non accertato;Inesploso
5624755;8;03/10/2021 17:40:00;Strada Urbana;VIA CASILINA;in prossimit�;;del civico n.;1777;;Scontro laterale fra veicoli in marcia;Rettilineo;Una carreggiata a doppio senso;Asciutto;Asfaltata;Verticale ed orizzontale;Sereno;Intenso;Buona;;1;0;0;3;12.6711;41.864;-1;2;Autovettura privata;In marcia / fermata / arresto;Conducente;M;Illeso;0;;Non accertato;Inesploso
5624755;8;03/10/2021 17:40:00;Strada Urbana;VIA CASILINA;in prossimit�;;del civico n.;1777;;Scontro laterale fra veicoli in marcia;Rettilineo;Una carreggiata a doppio senso;Asciutto;Asfaltata;Verticale ed orizzontale;Sereno;Intenso;Buona;;1;0;0;3;12.6711;41.864;-1;3;Autovettura privata;In marcia / fermata / arresto;Conducente;M;Illeso;0;;Non accertato;Inesploso
5624770;20;03/10/2021 11:00:00;Strada Urbana;VIA DELLA VILLA DI LIVIA;all'intersezione con;VIALE DEGLI UFFICI;VIALE DEGLI UFFICI;;;Scontro frontale/laterale DX fra veicoli in marcia;Incrocio;Una carreggiata a doppio senso;Asciutto;Asfaltata;Verticale ed orizzontale;Sereno;Normale;Buona;;0;0;0;5;12.4916;42.008;-1;1;Autovettura privata;In marcia / fermata / arresto;Passeggero;F;Illeso;0;;Non accertato;
5624770;20;03/10/2021 11:00:00;Strada Urbana;VIA DELLA VILLA DI LIVIA;all'intersezione con;VIALE DEGLI UFFICI;VIALE DEGLI UFFICI;;;Scontro frontale/laterale DX fra veicoli in marcia;Incrocio;Una carreggiata a doppio senso;Asciutto;Asfaltata;Verticale ed orizzontale;Sereno;Normale;Buona;;0;0;0;5;12.4916;42.008;-1;1;Autovettura privata;In marcia / fermata / arresto;Conducente;F;Illeso;0;;Non accertato;
5624770;20;03/10/2021 11:00:00;Strada Urbana;VIA DELLA VILLA DI LIVIA;all'intersezione con;VIALE DEGLI UFFICI;VIALE DEGLI UFFICI;;;Scontro frontale/laterale DX fra veicoli in marcia;Incrocio;Una carreggiata a doppio senso;Asciutto;Asfaltata;Verticale ed orizzontale;Sereno;Normale;Buona;;0;0;0;5;12.4916;42.008;-1;2;Autovettura privata;In marcia / fermata / arresto;Passeggero;F;Illeso;0;;Non accertato;
5624770;20;03/10/2021 11:00:00;Strada Urbana;VIA DELLA VILLA DI LIVIA;all'intersezione con;VIALE DEGLI UFFICI;VIALE DEGLI UFFICI;;;Scontro frontale/laterale DX fra veicoli in marcia;Incrocio;Una carreggiata a doppio senso;Asciutto;Asfaltata;Verticale ed orizzontale;Sereno;Normale;Buona;;0;0;0;5;12.4916;42.008;-1;2;Autovettura privata;In marcia / fermata / arresto;Conducente;M;Illeso;0;;Non accertato;
5624770;20;03/10/2021 11:00:00;Strada Urbana;VIA DELLA VILLA DI LIVIA;all'intersezione con;VIALE DEGLI UFFICI;VIALE DEGLI UFFICI;;;Scontro frontale/laterale DX fra veicoli in marcia;Incrocio;Una carreggiata a doppio senso;Asciutto;Asfaltata;Verticale ed orizzontale;Sereno;Normale;Buona;;0;0;0;5;12.4916;42.008;-1;2;Autovettura privata;In marcia / fermata / arresto;Passeggero;M;Illeso;0;;Non accertato;
5624774;20;03/10/2021 20:35:00;Provinciale;VIA FORMELLESE;da specificare;;;;in prossimit� del Vicolo Formellese;Scontro laterale fra veicoli in marcia;Rettilineo;Una carreggiata a doppio senso;Asciutto;Asfaltata;Orizzontale;Nuvoloso;Scarso;Insufficiente;;0;0;0;4;12.3754;42.0282;-1;1;Autovettura privata;In marcia / fermata / arresto;Passeggero;M;Illeso;0;;Non accertato;Inesploso
5624774;20;03/10/2021 20:35:00;Provinciale;VIA FORMELLESE;da specificare;;;;in prossimit� del Vicolo Formellese;Scontro laterale fra veicoli in marcia;Rettilineo;Una carreggiata a doppio senso;Asciutto;Asfaltata;Orizzontale;Nuvoloso;Scarso;Insufficiente;;0;0;0;4;12.3754;42.0282;-1;1;Autovettura privata;In marcia / fermata / arresto;Conducente;F;Illeso;0;;Non accertato;Inesploso
5624774;20;03/10/2021 20:35:00;Provinciale;VIA FORMELLESE;da specificare;;;;in prossimit� del Vicolo Formellese;Scontro laterale fra veicoli in marcia;Rettilineo;Una carreggiata a doppio senso;Asciutto;Asfaltata;Orizzontale;Nuvoloso;Scarso;Insufficiente;;0;0;0;4;12.3754;42.0282;-1;2;Autovettura privata;In marcia / fermata / arresto;Conducente;M;Illeso;0;;Non accertato;Inesploso
5624774;20;03/10/2021 20:35:00;Provinciale;VIA FORMELLESE;da specificare;;;;in prossimit� del Vicolo Formellese;Scontro laterale fra veicoli in marcia;Rettilineo;Una carreggiata a doppio senso;Asciutto;Asfaltata;Orizzontale;Nuvoloso;Scarso;Insufficiente;;0;0;0;4;12.3754;42.0282;-1;2;Autovettura privata;In marcia / fermata / arresto;Passeggero;M;Illeso;0;;Non accertato;
5624781;20;03/10/2021 08:45:00;Strada Urbana;VIA MAESTRE PIE FILIPPINI;in corrispondenza;;del civico n.;28;;Veicolo in marcia contro veicolo in sosta;Rettilineo;Una carreggiata a senso unico di marcia;Asciutto;Asfaltata;Assente;Sereno;Normale;Buona;;0;0;0;2;12.4075;41.962;-1;1;Autovettura privata;In marcia / fermata / arresto;Conducente;M;Illeso;0;;;
5624781;20;03/10/2021 08:45:00;Strada Urbana;VIA MAESTRE PIE FILIPPINI;in corrispondenza;;del civico n.;28;;Veicolo in marcia contro veicolo in sosta;Rettilineo;Una carreggiata a senso unico di marcia;Asciutto;Asfaltata;Assente;Sereno;Normale;Buona;;0;0;0;2;12.4075;41.962;-1;2;Autovettura di polizia;Sosta;Passeggero;F;Illeso;0;;Non accertato;
5624785;8;03/10/2021 12:35:00;Strada Urbana;VIA DEL TORRACCIO DI TORRENOVA;in prossimit�;;del civico n.;2/A;;Veicolo in marcia contro veicolo in sosta;Pianeggiante;Una carreggiata a senso unico di marcia;Asciutto;Asfaltata;Orizzontale;Sereno;Scarso;Buona;;0;0;0;1;12.6325;41.8632;-1;1;Autovettura privata;Sosta;;;;;;;
5624785;8;03/10/2021 12:35:00;Strada Urbana;VIA DEL TORRACCIO DI TORRENOVA;in prossimit�;;del civico n.;2/A;;Veicolo in marcia contro veicolo in sosta;Pianeggiante;Una carreggiata a senso unico di marcia;Asciutto;Asfaltata;Orizzontale;Sereno;Scarso;Buona;;0;0;0;1;12.6325;41.8632;-1;2;Autovettura privata;In marcia / fermata / arresto;Conducente;M;Illeso;0;;;
5624787;15;03/10/2021 11:30:00;Strada Urbana;VIA DELLA MAGLIANA;all'intersezione con;VIA DI VALLE LUPARA;VIA DI VALLE LUPARA;;;Scontro frontale/laterale SX fra veicoli in marcia;Incrocio;Una carreggiata a doppio senso;Asciutto;Asfaltata;Verticale ed orizzontale;Sereno;Normale;Sufficiente;;1;0;0;2;12.4196;41.8317;-1;1;Autovettura privata;In marcia / fermata / arresto;Conducente;M;Illeso;0;;Non accertato;Inesploso
5624787;15;03/10/2021 11:30:00;Strada Urbana;VIA DELLA MAGLIANA;all'intersezione con;VIA DI VALLE LUPARA;VIA DI VALLE LUPARA;;;Scontro frontale/laterale SX fra veicoli in marcia;Incrocio;Una carreggiata a doppio senso;Asciutto;Asfaltata;Verticale ed orizzontale;Sereno;Normale;Sufficiente;;1;0;0;2;12.4196;41.8317;-1;1;Autovettura privata;In marcia / fermata / arresto;Passeggero;F;Rimandato;0;NON DECEDUTO;Non accertato;Inesploso
5624787;15;03/10/2021 11:30:00;Strada Urbana;VIA DELLA MAGLIANA;all'intersezione con;VIA DI VALLE LUPARA;VIA DI VALLE LUPARA;;;Scontro frontale/laterale SX fra veicoli in marcia;Incrocio;Una carreggiata a doppio senso;Asciutto;Asfaltata;Verticale ed orizzontale;Sereno;Normale;Sufficiente;;1;0;0;2;12.4196;41.8317;-1;2;Autovettura privata;In marcia / fermata / arresto;Conducente;M;Illeso;0;;Non accertato;Inesploso
5624791;10;04/10/2021 06:30:00;Strada Urbana;VIA TUSCOLANA;all'intersezione con;VIA DEL CASALE FERRANTI;VIA DEL CASALE FERRANTI;;;Scontro frontale/laterale DX fra veicoli in marcia;Intersezione stradale segnalata;Due carreggiate;Asciutto;Asfaltata;Verticale ed orizzontale;Sereno;Normale;Buona;;0;0;0;3;12.5869;41.8406;-1;1;Autovettura privata;In marcia / fermata / arresto;Conducente;M;Illeso;0;;Non accertato;Inesploso
5624791;10;04/10/2021 06:30:00;Strada Urbana;VIA TUSCOLANA;all'intersezione con;VIA DEL CASALE FERRANTI;VIA DEL CASALE FERRANTI;;;Scontro frontale/laterale DX fra veicoli in marcia;Intersezione stradale segnalata;Due carreggiate;Asciutto;Asfaltata;Verticale ed orizzontale;Sereno;Normale;Buona;;0;0;0;3;12.5869;41.8406;-1;2;Autovettura privata;In marcia / fermata / arresto;Passeggero;F;Illeso;0;;Non accertato;Inesploso
5624791;10;04/10/2021 06:30:00;Strada Urbana;VIA TUSCOLANA;all'intersezione con;VIA DEL CASALE FERRANTI;VIA DEL CASALE FERRANTI;;;Scontro frontale/laterale DX fra veicoli in marcia;Intersezione stradale segnalata;Due carreggiate;Asciutto;Asfaltata;Verticale ed orizzontale;Sereno;Normale;Buona;;0;0;0;3;12.5869;41.8406;-1;2;Autovettura privata;In marcia / fermata / arresto;Conducente;F;Illeso;0;;Non accertato;Inesploso
5624797;9;03/10/2021 12:00:00;Strada Urbana;VIA MONZA;in corrispondenza;;del civico n.;15;;Scontro laterale fra veicoli in marcia;Rettilineo;Una carreggiata a doppio senso;Asciutto;Asfaltata;Orizzontale;Sereno;Intenso;Sufficiente;;0;0;0;2;12.5155;41.8855;-1;1;Autocarro superiore 35 q.;In marcia / fermata / arresto;Conducente;M;Illeso;0;;Non accertato;Inesploso
5624797;9;03/10/2021 12:00:00;Strada Urbana;VIA MONZA;in corrispondenza;;del civico n.;15;;Scontro laterale fra veicoli in marcia;Rettilineo;Una carreggiata a doppio senso;Asciutto;Asfaltata;Orizzontale;Sereno;Intenso;Sufficiente;;0;0;0;2;12.5155;41.8855;-1;2;Autovettura privata;In marcia / fermata / arresto;Conducente;M;Illeso;0;;;
5624815;8;02/10/2021 15:30:00;Strada Urbana;VIA DI TOR BELLA MONACA;in prossimit�;;del palo luce n.;40;;Scontro frontale/laterale SX fra veicoli in marcia;Rettilineo;Due carreggiate;Asciutto;Asfaltata;Verticale;Nuvoloso;Intenso;Buona;;1;0;0;2;12.6282;41.8763;-1;1;Autovettura privata;In marcia / fermata / arresto;Passeggero;M;Illeso;0;;Non accertato;Inesploso
5624815;8;02/10/2021 15:30:00;Strada Urbana;VIA DI TOR BELLA MONACA;in prossimit�;;del palo luce n.;40;;Scontro frontale/laterale SX fra veicoli in marcia;Rettilineo;Due carreggiate;Asciutto;Asfaltata;Verticale;Nuvoloso;Intenso;Buona;;1;0;0;2;12.6282;41.8763;-1;1;Autovettura privata;In marcia / fermata / arresto;Conducente;M;Illeso;0;;Non accertato;Inesploso
5624815;8;02/10/2021 15:30:00;Strada Urbana;VIA DI TOR BELLA MONACA;in prossimit�;;del palo luce n.;40;;Scontro frontale/laterale SX fra veicoli in marcia;Rettilineo;Due carreggiate;Asciutto;Asfaltata;Verticale;Nuvoloso;Intenso;Buona;;1;0;0;2;12.6282;41.8763;-1;2;Autovettura privata;In marcia / fermata / arresto;Conducente;M;Rimandato;0;NON DECEDUTO;Non accertato;Inesploso
5624824;19;02/10/2021 23:40:00;Strada Urbana;VIALE CORTINA D'AMPEZZO;in prossimit�;;del civico n.;112;;Veicolo in marcia contro ostacolo fisso;Curva senza visuale libera;Una carreggiata a doppio senso;Asciutto;Asfaltata;Orizzontale;Nuvoloso;Normale;Buona;;2;0;0;0;9.644;45.397;-1;1;Quadriciclo leggero;In marcia / fermata / arresto;Conducente;M;Rimandato;0;NON DECEDUTO;Non accertato;Inesploso
5624824;19;02/10/2021 23:40:00;Strada Urbana;VIALE CORTINA D'AMPEZZO;in prossimit�;;del civico n.;112;;Veicolo in marcia contro ostacolo fisso;Curva senza visuale libera;Una carreggiata a doppio senso;Asciutto;Asfaltata;Orizzontale;Nuvoloso;Normale;Buona;;2;0;0;0;9.644;45.397;-1;1;Quadriciclo leggero;In marcia / fermata / arresto;Passeggero;M;Rimandato;0;NON DECEDUTO;Non accertato;Inesploso
5624832;6;03/10/2021 17:25:00;Strada Urbana;VIA GIACOMO BRESADOLA;all'intersezione con;VIA PRENESTINA;VIA PRENESTINA;;;Tamponamento;Incrocio;Una carreggiata a doppio senso;Asciutto;Asfaltata;Verticale ed orizzontale;Sereno;Normale;Buona;;1;0;0;2;12.5593;41.8948;-1;1;Autovettura privata;In marcia / fermata / arresto;Conducente;M;Illeso;0;;Non accertato;Inesploso
5624832;6;03/10/2021 17:25:00;Strada Urbana;VIA GIACOMO BRESADOLA;all'intersezione con;VIA PRENESTINA;VIA PRENESTINA;;;Tamponamento;Incrocio;Una carreggiata a doppio senso;Asciutto;Asfaltata;Verticale ed orizzontale;Sereno;Normale;Buona;;1;0;0;2;12.5593;41.8948;-1;1;Autovettura privata;In marcia / fermata / arresto;Passeggero;M;Rifiuta cure immediate;0;NON DECEDUTO;Non accertato;Inesploso
5624832;6;03/10/2021 17:25:00;Strada Urbana;VIA GIACOMO BRESADOLA;all'intersezione con;VIA PRENESTINA;VIA PRENESTINA;;;Tamponamento;Incrocio;Una carreggiata a doppio senso;Asciutto;Asfaltata;Verticale ed orizzontale;Sereno;Normale;Buona;;1;0;0;2;12.5593;41.8948;-1;2;Autovettura privata;In marcia / fermata / arresto;Conducente;M;Illeso;0;;Non accertato;Inesploso
5624837;7;01/10/2021 12:45:00;Strada Urbana;VIA DELLE ACACIE;all'intersezione con;VIA DEI GINEPRI;VIA DEI GINEPRI;;;Scontro frontale/laterale SX fra veicoli in marcia;Incrocio;Una carreggiata a senso unico di marcia;Asciutto;Asfaltata;Verticale ed orizzontale;Sereno;Scarso;Sufficiente;;0;0;0;2;12.5675;41.888;-1;1;Autovettura privata;In marcia / fermata / arresto;Conducente;M;Illeso;0;;;
5624837;7;01/10/2021 12:45:00;Strada Urbana;VIA DELLE ACACIE;all'intersezione con;VIA DEI GINEPRI;VIA DEI GINEPRI;;;Scontro frontale/laterale SX fra veicoli in marcia;Incrocio;Una carreggiata a senso unico di marcia;Asciutto;Asfaltata;Verticale ed orizzontale;Sereno;Scarso;Sufficiente;;0;0;0;2;12.5675;41.888;-1;2;Motociclo a solo;In marcia / fermata / arresto;Conducente;M;Illeso;0;;;
5624840;9;03/10/2021 13:00:00;Strada Urbana;VIA GENZANO;in corrispondenza;;del civico n.;64;;Veicolo in marcia contro veicoli in sosta;Rettilineo;Una carreggiata a doppio senso;Asciutto;Asfaltata;Orizzontale;Sereno;Scarso;Sufficiente;;0;0;0;1;12.5319;41.8705;-1;1;Autovettura privata;In marcia / fermata / arresto;Conducente;F;Illeso;0;;Non accertato;Inesploso
5624840;9;03/10/2021 13:00:00;Strada Urbana;VIA GENZANO;in corrispondenza;;del civico n.;64;;Veicolo in marcia contro veicoli in sosta;Rettilineo;Una carreggiata a doppio senso;Asciutto;Asfaltata;Orizzontale;Sereno;Scarso;Sufficiente;;0;0;0;1;12.5319;41.8705;-1;2;Autovettura privata;Sosta;;;;;;;
5624840;9;03/10/2021 13:00:00;Strada Urbana;VIA GENZANO;in corrispondenza;;del civico n.;64;;Veicolo in marcia contro veicoli in sosta;Rettilineo;Una carreggiata a doppio senso;Asciutto;Asfaltata;Orizzontale;Sereno;Scarso;Sufficiente;;0;0;0;1;12.5319;41.8705;-1;3;Autovettura privata;Sosta;;;;;;;
5624840;9;03/10/2021 13:00:00;Strada Urbana;VIA GENZANO;in corrispondenza;;del civico n.;64;;Veicolo in marcia contro veicoli in sosta;Rettilineo;Una carreggiata a doppio senso;Asciutto;Asfaltata;Orizzontale;Sereno;Scarso;Sufficiente;;0;0;0;1;12.5319;41.8705;-1;4;Autovettura privata;Sosta;;;;;;;
5624843;5;01/10/2021 06:25:00;Strada Urbana;VIA DI PORTONACCIO;in prossimit�;;del civico n.;120;;Veicolo in marcia contro veicoli in sosta;Rettilineo;Due carreggiate;Asciutto;Asfaltata;Verticale ed orizzontale;Sereno;Scarso;Buona;;0;0;0;2;12.537;41.9003;-1;1;Autovettura privata;In marcia / fermata / arresto;Passeggero;F;Illeso;0;;Non accertato;Esploso
5624843;5;01/10/2021 06:25:00;Strada Urbana;VIA DI PORTONACCIO;in prossimit�;;del civico n.;120;;Veicolo in marcia contro veicoli in sosta;Rettilineo;Due carreggiate;Asciutto;Asfaltata;Verticale ed orizzontale;Sereno;Scarso;Buona;;0;0;0;2;12.537;41.9003;-1;1;Autovettura privata;In marcia / fermata / arresto;Conducente;M;Illeso;0;;Non accertato;Esploso
5624843;5;01/10/2021 06:25:00;Strada Urbana;VIA DI PORTONACCIO;in prossimit�;;del civico n.;120;;Veicolo in marcia contro veicoli in sosta;Rettilineo;Due carreggiate;Asciutto;Asfaltata;Verticale ed orizzontale;Sereno;Scarso;Buona;;0;0;0;2;12.537;41.9003;-1;2;Autovettura privata;Sosta;;;;;;;
5624843;5;01/10/2021 06:25:00;Strada Urbana;VIA DI PORTONACCIO;in prossimit�;;del civico n.;120;;Veicolo in marcia contro veicoli in sosta;Rettilineo;Due carreggiate;Asciutto;Asfaltata;Verticale ed orizzontale;Sereno;Scarso;Buona;;0;0;0;2;12.537;41.9003;-1;3;Autovettura privata;Sosta;;;;;;;
5624853;13;03/10/2021 19:15:00;Provinciale;VIA LITORANEA;in corrispondenza;;della chilometrica;3.5;;Scontro laterale fra veicoli in marcia;Rettilineo;Una carreggiata a doppio senso;Asciutto;Asfaltata;Verticale ed orizzontale;Sereno;Normale;Buona;;2;0;0;1;12.3735;41.6876;-1;1;Autovettura privata;In marcia / fermata / arresto;Conducente;F;Rimandato;0;NON DECEDUTO;Non accertato;Esploso
5624853;13;03/10/2021 19:15:00;Provinciale;VIA LITORANEA;in corrispondenza;;della chilometrica;3.5;;Scontro laterale fra veicoli in marcia;Rettilineo;Una carreggiata a doppio senso;Asciutto;Asfaltata;Verticale ed orizzontale;Sereno;Normale;Buona;;2;0;0;1;12.3735;41.6876;-1;2;Autovettura privata;In marcia / fermata / arresto;Passeggero;F;Illeso;0;;Non accertato;Esploso