Protocollo;Gruppo;DataOraIncidente;Localizzazione1;STRADA1;Localizzazione2;STRADA2;Strada02;Chilometrica;DaSpecificare;NaturaIncidente;particolaritastrade;TipoStrada;FondoStradale;Pavimentazione;Segnaletica;CondizioneAtmosferica;Traffico;Visibilita;Illuminazione;NUM_FERITI;NUM_RISERVATA;NUM_MORTI;NUM_ILLESI;Longitudine;Latitudine;Confermato;Progressivo;TipoVeicolo;StatoVeicolo;TipoPersona;Sesso;Tipolesione;Deceduto;DecedutoDopo;CinturaCascoUtilizzato;Airbag;
5630779;5;06/10/2021 13:40:00;Strada Urbana;VIA TIBURTINA;da specificare;;;;altezza via Morolo;Scontro laterale fra veicoli in marcia;Rettilineo;Due carreggiate;Asciutto;Asfaltata;Verticale ed orizzontale;Nuvoloso;Normale;Buona;;0;0;0;1;12.6191;41.9375;-1;2;Autovettura privata;Allontanatosi;;;;;;;
5630788;9;06/10/2021 23:50:00;;VIA TUSCOLANA;in prossimit�;;del civico n.;585;;Scontro frontale fra veicoli in marcia;;;;;;;;;;0;0;0;4;12.5485;41.864;0;1;Autoambulanza;In marcia / fermata / arresto;Passeggero;M;Illeso;0;;Non accertato;Inesploso
5630788;9;06/10/2021 23:50:00;;VIA TUSCOLANA;in prossimit�;;del civico n.;585;;Scontro frontale fra veicoli in marcia;;;;;;;;;;0;0;0;4;12.5485;41.864;0;1;Autoambulanza;In marcia / fermata / arresto;Conducente;M;Illeso;0;;Non accertato;Inesploso
5630788;9;06/10/2021 23:50:00;;VIA TUSCOLANA;in prossimit�;;del civico n.;585;;Scontro frontale fra veicoli in marcia;;;;;;;;;;0;0;0;4;12.5485;41.864;0;1;Autoambulanza;In marcia / fermata / arresto;Passeggero;F;Illeso;0;;Non accertato;Inesploso
5630788;9;06/10/2021 23:50:00;;VIA TUSCOLANA;in prossimit�;;del civico n.;585;;Scontro frontale fra veicoli in marcia;;;;;;;;;;0;0;0;4;12.5485;41.864;0;2;Monopattino elettrico;In marcia / fermata / arresto;Conducente;M;Illeso;0;;Esente;Inesistente
5630794;10;07/10/2021;Strada Urbana;VIA TUSCOLANA;da specificare;;;;cavalcavia direzione centro;Tamponamento;Rettilineo;Due carreggiate;Asciutto;Asfaltata;Verticale ed orizzontale;Sereno;Intenso;Buona;;1;0;0;1;12.5923;41.8396;-1;1;Autovettura privata;In marcia / fermata / arresto;Conducente;M;Illeso;0;;;
5630794;10;07/10/2021;Strada Urbana;VIA TUSCOLANA;da specificare;;;;cavalcavia direzione centro;Tamponamento;Rettilineo;Due carreggiate;Asciutto;Asfaltata;Verticale ed orizzontale;Sereno;Intenso;Buona;;1;0;0;1;12.5923;41.8396;-1;2;Autovettura privata;In marcia / fermata / arresto;Conducente;F;Rimandato;0;NON DECEDUTO;;
5630872;1;06/10/2021 08:50:00;Strada Urbana;VIA VITTORIO EMANUELE ORLANDO;all'intersezione con;VIA GIUSEPPE ROMITA;VIA GIUSEPPE ROMITA;;;Scontro laterale fra veicoli in marcia;Intersezione semaforizzata;Una carreggiata a senso unico di marcia;Bagnato (pioggia);Acciotolata;Verticale ed orizzontale;Grandine in atto;Scarso;Buona;;1;0;0;0;12.4952;41.9036;-1;1;Motociclo a solo;In marcia / fermata / arresto;Conducente;M;Rimandato;0;NON DECEDUTO;Non accertato;
5630872;1;06/10/2021 08:50:00;Strada Urbana;VIA VITTORIO EMANUELE ORLANDO;all'intersezione con;VIA GIUSEPPE ROMITA;VIA GIUSEPPE ROMITA;;;Scontro laterale fra veicoli in marcia;Intersezione semaforizzata;Una carreggiata a senso unico di marcia;Bagnato (pioggia);Acciotolata;Verticale ed orizzontale;Grandine in atto;Scarso;Buona;;1;0;0;0;12.4952;41.9036;-1;2;Autocarro inferiore 35 q.;Allontanatosi;;;;;;;
5630889;13;07/10/2021 07:45:00;Strada Urbana;VIA CRISTOFORO COLOMBO;in prossimit�;;della chilometrica;24.9;;Tamponamento Multiplo;Rettilineo;Pi� di due carreggiate;Asciutto;Asfaltata;Verticale ed orizzontale;Sereno;Normale;Buona;;0;0;0;5;;;0;1;Autovettura privata;In marcia / fermata / arresto;Conducente;F;Illeso;0;;Non accertato;Inesploso
5630889;13;07/10/2021 07:45:00;Strada Urbana;VIA CRISTOFORO COLOMBO;in prossimit�;;della chilometrica;24.9;;Tamponamento Multiplo;Rettilineo;Pi� di due carreggiate;Asciutto;Asfaltata;Verticale ed orizzontale;Sereno;Normale;Buona;;0;0;0;5;;;0;2;Autovettura privata;In marcia / fermata / arresto;Conducente;F;Illeso;0;;Non accertato;Inesploso
5630889;13;07/10/2021 07:45:00;Strada Urbana;VIA CRISTOFORO COLOMBO;in prossimit�;;della chilometrica;24.9;;Tamponamento Multiplo;Rettilineo;Pi� di due carreggiate;Asciutto;Asfaltata;Verticale ed orizzontale;Sereno;Normale;Buona;;0;0;0;5;;;0;3;Autovettura privata;In marcia / fermata / arresto;Conducente;M;Illeso;0;;Non accertato;Inesploso
5630889;13;07/10/2021 07:45:00;Strada Urbana;VIA CRISTOFORO COLOMBO;in prossimit�;;della chilometrica;24.9;;Tamponamento Multiplo;Rettilineo;Pi� di due carreggiate;Asciutto;Asfaltata;Verticale ed orizzontale;Sereno;Normale;Buona;;0;0;0;5;;;0;3;Autovettura privata;In marcia / fermata / arresto;Passeggero;M;Illeso;0;;Non accertato;Inesploso
5630889;13;07/10/2021 07:45:00;Strada Urbana;VIA CRISTOFORO COLOMBO;in prossimit�;;della chilometrica;24.9;;Tamponamento Multiplo;Rettilineo;Pi� di due carreggiate;Asciutto;Asfaltata;Verticale ed orizzontale;Sereno;Normale;Buona;;0;0;0;5;;;0;4;Autovettura privata;In marcia / fermata / arresto;Conducente;F;Illeso;0;;Non accertato;Inesploso
5630902;6;06/10/2021 23:30:00;Strada Urbana;VIALE DELL'ACQUEDOTTO ALESSANDRINO;all'intersezione con;VIA GIUSEPPE CEI;VIA GIUSEPPE CEI;;;Veicolo in marcia contro animale;Incrocio;Una carreggiata a senso unico di marcia;Asciutto;Asfaltata;Verticale ed orizzontale;Sereno;Scarso;Sufficiente;;0;0;0;2;12.5469;41.8768;-1;1;Autovettura privata;In marcia / fermata / arresto;Passeggero;M;Illeso;0;;Non accertato;Inesploso
5630902;6;06/10/2021 23:30:00;Strada Urbana;VIALE DELL'ACQUEDOTTO ALESSANDRINO;all'intersezione con;VIA GIUSEPPE CEI;VIA GIUSEPPE CEI;;;Veicolo in marcia contro animale;Incrocio;Una carreggiata a senso unico di marcia;Asciutto;Asfaltata;Verticale ed orizzontale;Sereno;Scarso;Sufficiente;;0;0;0;2;12.5469;41.8768;-1;1;Autovettura privata;In marcia / fermata / arresto;Conducente;M;Illeso;0;;Non accertato;Inesploso
5630915;23;06/10/2021 10:30:00;Strada Urbana;VIA QUATTRO NOVEMBRE;in corrispondenza;;del civico n.;139;;Veicolo in marcia contro animale;Curva senza visuale libera;Una carreggiata a doppio senso;Bagnato (pioggia);Asfaltata;Verticale ed orizzontale;Pioggia in atto;Normale;Buona;;1;0;0;0;12.4846;41.8973;-1;1;Motociclo di polizia;In marcia / fermata / arresto;Conducente;M;Rimandato;0;NON DECEDUTO;Non accertato;
5631052;18;06/10/2021 19:50:00;Strada Urbana;VIA BALDO DEGLI UBALDI;da specificare;;;;FRONTE CIVICO 346;Investimento di pedone;Rettilineo;Due carreggiate;Asciutto;Asfaltata;Verticale ed orizzontale;Nuvoloso;Normale;Buona;;1;0;0;1;12.4363;41.8999;-1;;;;Pedone;F;Rimandato;0;NON DECEDUTO;;
5631052;18;06/10/2021 19:50:00;Strada Urbana;VIA BALDO DEGLI UBALDI;da specificare;;;;FRONTE CIVICO 346;Investimento di pedone;Rettilineo;Due carreggiate;Asciutto;Asfaltata;Verticale ed orizzontale;Nuvoloso;Normale;Buona;;1;0;0;1;12.4363;41.8999;-1;1;Autovettura privata;In marcia / fermata / arresto;Conducente;M;Illeso;0;;Non accertato;Inesploso
5631107;6;07/10/2021 07:50:00;Strada Urbana;LARGO PRENESTE;all'intersezione semaforizzata con;VIA DI PORTONACCIO;VIA DI PORTONACCIO;;;Scontro laterale fra veicoli in marcia;Intersezione semaforizzata;Pi� di due carreggiate;Asciutto;Asfaltata;Verticale;Sereno;Intenso;Buona;;0;0;0;3;12.5418;41.8928;-1;1;Autocarro superiore 35 q.;In marcia / fermata / arresto;Conducente;M;Illeso;0;;Non accertato;Inesploso
5631107;6;07/10/2021 07:50:00;Strada Urbana;LARGO PRENESTE;all'intersezione semaforizzata con;VIA DI PORTONACCIO;VIA DI PORTONACCIO;;;Scontro laterale fra veicoli in marcia;Intersezione semaforizzata;Pi� di due carreggiate;Asciutto;Asfaltata;Verticale;Sereno;Intenso;Buona;;0;0;0;3;12.5418;41.8928;-1;2;Autovettura privata;In marcia / fermata / arresto;Conducente;M;Illeso;0;;Non accertato;Inesploso
5631107;6;07/10/2021 07:50:00;Strada Urbana;LARGO PRENESTE;all'intersezione semaforizzata con;VIA DI PORTONACCIO;VIA DI PORTONACCIO;;;Scontro laterale fra veicoli in marcia;Intersezione semaforizzata;Pi� di due carreggiate;Asciutto;Asfaltata;Verticale;Sereno;Intenso;Buona;;0;0;0;3;12.5418;41.8928;-1;2;Autovettura privata;In marcia / fermata / arresto;Passeggero;M;Illeso;0;;Non accertato;Inesploso
5631152;16;06/10/2021 08:00:00;Strada Urbana;VIALE DELLE MURA GIANICOLENSI;all'intersezione con;VIA FRATELLI BONNET;VIA FRATELLI BONNET;;;Scontro frontale/laterale SX fra veicoli in marcia;Intersezione stradale segnalata;Una carreggiata a doppio senso;Bagnato (umidit� in atto);Asfaltata;Verticale ed orizzontale;Nuvoloso;Normale;Buona;;1;0;0;1;12.4619;41.8856;-1;1;Autovettura privata;In marcia / fermata / arresto;Conducente;M;Illeso;0;;Non accertato;
5631152;16;06/10/2021 08:00:00;Strada Urbana;VIALE DELLE MURA GIANICOLENSI;all'intersezione con;VIA FRATELLI BONNET;VIA FRATELLI BONNET;;;Scontro frontale/laterale SX fra veicoli in marcia;Intersezione stradale segnalata;Una carreggiata a doppio senso;Bagnato (umidit� in atto);Asfaltata;Verticale ed orizzontale;Nuvoloso;Normale;Buona;;1;0;0;1;12.4619;41.8856;-1;2;Motociclo a solo;In marcia / fermata / arresto;Conducente;M;Rimandato;0;NON DECEDUTO;Non accertato;
5631181;16;06/10/2021 15:15:00;;VIA DI VILLA TROILI;da specificare;;;;prox palo luce 42 rotatoria (cantiere);Scontro frontale/laterale SX fra veicoli in marcia;;;;;;;;;;0;0;0;3;12.4069;41.8814;0;1;Autovettura privata;In marcia / fermata / arresto;Conducente;M;Illeso;0;;;
5631181;16;06/10/2021 15:15:00;;VIA DI VILLA TROILI;da specificare;;;;prox palo luce 42 rotatoria (cantiere);Scontro frontale/laterale SX fra veicoli in marcia;;;;;;;;;;0;0;0;3;12.4069;41.8814;0;2;Autovettura privata;In marcia / fermata / arresto;Conducente;M;Illeso;0;;;
5631181;16;06/10/2021 15:15:00;;VIA DI VILLA TROILI;da specificare;;;;prox palo luce 42 rotatoria (cantiere);Scontro frontale/laterale SX fra veicoli in marcia;;;;;;;;;;0;0;0;3;12.4069;41.8814;0;2;Autovettura privata;In marcia / fermata / arresto;Passeggero;F;Illeso;0;;;
5631210;9;07/10/2021 08:35:00;Strada Urbana;VIA MAGNAGRECIA;in prossimit�;;del civico n.;50;;Investimento di pedone;Rettilineo;Due carreggiate;Asciutto;Asfaltata;Verticale ed orizzontale;Sereno;Normale;Buona;;1;0;0;1;12.5084;41.8828;-1;;;;Pedone;M;Ricoverato;0;NON DECEDUTO;;
5631210;9;07/10/2021 08:35:00;Strada Urbana;VIA MAGNAGRECIA;in prossimit�;;del civico n.;50;;Investimento di pedone;Rettilineo;Due carreggiate;Asciutto;Asfaltata;Verticale ed orizzontale;Sereno;Normale;Buona;;1;0;0;1;12.5084;41.8828;-1;1;Motociclo a solo;In marcia / fermata / arresto;Conducente;M;Illeso;0;;Non accertato;
5631222;9;07/10/2021 08:53:00;;VIA TARANTO;in corrispondenza;;del civico n.;134;;Veicolo in marcia contro ostacolo accidentale;;;;;;;;;;1;0;0;0;12.5186;41.8835;0;1;Motociclo a solo;In marcia / fermata / arresto;Conducente;M;Rimandato;0;NON DECEDUTO;Non accertato;
5631240;7;07/10/2021 05:50:00;Strada Urbana;VIA DI S. ROMANO;in corrispondenza;;del civico n.;14;;Scontro frontale/laterale DX fra veicoli in marcia;Rettilineo;Una carreggiata a doppio senso;Asciutto;Asfaltata;Verticale ed orizzontale;Sereno;Scarso;Sufficiente;;0;0;0;3;12.5378;41.9071;-1;1;Autovettura privata;In marcia / fermata / arresto;Passeggero;M;Illeso;0;;Non accertato;Inesploso
5631240;7;07/10/2021 05:50:00;Strada Urbana;VIA DI S. ROMANO;in corrispondenza;;del civico n.;14;;Scontro frontale/laterale DX fra veicoli in marcia;Rettilineo;Una carreggiata a doppio senso;Asciutto;Asfaltata;Verticale ed orizzontale;Sereno;Scarso;Sufficiente;;0;0;0;3;12.5378;41.9071;-1;1;Autovettura privata;In marcia / fermata / arresto;Conducente;F;Illeso;0;;Non accertato;Inesploso
5631240;7;07/10/2021 05:50:00;Strada Urbana;VIA DI S. ROMANO;in corrispondenza;;del civico n.;14;;Scontro frontale/laterale DX fra veicoli in marcia;Rettilineo;Una carreggiata a doppio senso;Asciutto;Asfaltata;Verticale ed orizzontale;Sereno;Scarso;Sufficiente;;0;0;0;3;12.5378;41.9071;-1;2;Autovettura privata;In marcia / fermata / arresto;Conducente;M;Illeso;0;;Non accertato;Inesploso
5631240;7;07/10/2021 05:50:00;Strada Urbana;VIA DI S. ROMANO;in corrispondenza;;del civico n.;14;;Scontro frontale/laterale DX fra veicoli in marcia;Rettilineo;Una carreggiata a doppio senso;Asciutto;Asfaltata;Verticale ed orizzontale;Sereno;Scarso;Sufficiente;;0;0;0;3;12.5378;41.9071;-1;3;Autocarro inferiore 35 q.;Sosta;;;;;;;
5631250;9;07/10/2021 11:45:00;Strada Urbana;PIAZZA CASALMAGGIORE;da specificare;;;;fronte civico 6;Infortunio per caduta del veicolo;Rettilineo;Una carreggiata a senso unico di marcia;Asciutto;Asfaltata;Verticale ed orizzontale;Sereno;Normale;Buona;;1;0;0;0;12.517;41.8836;-1;1;Monopattino elettrico;In marcia / fermata / arresto;Conducente;M;Rimandato;0;NON DECEDUTO;Non accertato;Inesistente
5631270;1;07/10/2021 08:30:00;Strada Urbana;LUNGOTEVERE TESTACCIO;all'intersezione con;VIA GIOVANNI BATTISTA BODONI;VIA GIOVANNI BATTISTA BODONI;;;Scontro frontale fra veicoli in marcia;Intersezione stradale segnalata;Una carreggiata a doppio senso;Bagnato (umidit� in atto);Asfaltata;Verticale ed orizzontale;Sereno;Normale;Buona;;1;0;0;1;12.4707;41.8777;-1;1;Autovettura privata;In marcia / fermata / arresto;Conducente;M;Illeso;0;;;
5631270;1;07/10/2021 08:30:00;Strada Urbana;LUNGOTEVERE TESTACCIO;all'intersezione con;VIA GIOVANNI BATTISTA BODONI;VIA GIOVANNI BATTISTA BODONI;;;Scontro frontale fra veicoli in marcia;Intersezione stradale segnalata;Una carreggiata a doppio senso;Bagnato (umidit� in atto);Asfaltata;Verticale ed orizzontale;Sereno;Normale;Buona;;1;0;0;1;12.4707;41.8777;-1;2;Motociclo a solo;In marcia / fermata / arresto;Conducente;M;Rimandato;0;NON DECEDUTO;;
5631293;9;07/10/2021 11:30:00;Strada Urbana;VIA ALBENGA;in prossimit�;;del civico n.;33;;Veicolo in marcia contro veicolo fermo;Rettilineo;Una carreggiata a doppio senso;Asciutto;Asfaltata;Verticale ed orizzontale;Sereno;Scarso;Buona;;0;0;0;1;12.5174;41.8781;-1;1;Autovettura privata;In marcia / fermata / arresto;;;;;;;
5631293;9;07/10/2021 11:30:00;Strada Urbana;VIA ALBENGA;in prossimit�;;del civico n.;33;;Veicolo in marcia contro veicolo fermo;Rettilineo;Una carreggiata a doppio senso;Asciutto;Asfaltata;Verticale ed orizzontale;Sereno;Scarso;Buona;;0;0;0;1;12.5174;41.8781;-1;2;Autovettura privata;In marcia / fermata / arresto;Conducente;F;Illeso;0;;Non accertato;Inesploso
5631298;15;07/10/2021 11:20:00;Strada Urbana;VIA DELLA MAGLIANA;in corrispondenza;;del civico n.;874;;Infortunio per sola frenata improvvisa;Rettilineo;Una carreggiata a doppio senso;Asciutto;Asfaltata;Orizzontale;Nuvoloso;Normale;Buona;;1;0;0;0;12.3998;41.822;-1;1;Motociclo con passeggero;In marcia / fermata / arresto;Conducente;M;Rimandato;0;NON DECEDUTO;Non accertato;
5631302;15;07/10/2021 08:40:00;Strada Urbana;VIA PORTUENSE;all'intersezione semaforizzata con;LARGO VOLONTARI DEL SANGUE;LARGO VOLONTARI DEL SANGUE;;;Scontro laterale fra veicoli in marcia;Intersezione semaforizzata;Una carreggiata a doppio senso;Asciutto;Asfaltata;Verticale ed orizzontale;Sereno;Normale;Buona;;0;0;0;2;12.414;41.8469;-1;1;Motociclo a solo;In marcia / fermata / arresto;Conducente;M;Illeso;0;;Non accertato;
5631302;15;07/10/2021 08:40:00;Strada Urbana;VIA PORTUENSE;all'intersezione semaforizzata con;LARGO VOLONTARI DEL SANGUE;LARGO VOLONTARI DEL SANGUE;;;Scontro laterale fra veicoli in marcia;Intersezione semaforizzata;Una carreggiata a doppio senso;Asciutto;Asfaltata;Verticale ed orizzontale;Sereno;Normale;Buona;;0;0;0;2;12.414;41.8469;-1;2;Motociclo a solo;In marcia / fermata / arresto;Conducente;M;Illeso;0;;Non accertato;
5631308;1;07/10/2021 11:00:00;Strada Urbana;LUNGOTEVERE DEI FIORENTINI;in corrispondenza;;del civico n.;2;;Scontro laterale fra veicoli in marcia;Rettilineo;Una carreggiata a senso unico di marcia;Asciutto;Asfaltata;Verticale ed orizzontale;Sereno;Intenso;Buona;;1;0;0;1;12.4644;41.9003;-1;1;Autovettura privata;In marcia / fermata / arresto;Conducente;M;Illeso;0;;Non accertato;Inesploso
5631308;1;07/10/2021 11:00:00;Strada Urbana;LUNGOTEVERE DEI FIORENTINI;in corrispondenza;;del civico n.;2;;Scontro laterale fra veicoli in marcia;Rettilineo;Una carreggiata a senso unico di marcia;Asciutto;Asfaltata;Verticale ed orizzontale;Sereno;Intenso;Buona;;1;0;0;1;12.4644;41.9003;-1;2;Motociclo a solo;In marcia / fermata / arresto;Conducente;F;Rifiuta cure immediate;0;NON DECEDUTO;Non accertato;
5631313;15;07/10/2021 10:00:00;Strada Urbana;VIA DELLE VIGNE;da specificare;;;;fronte civico 14;Scontro laterale fra veicoli in marcia;Rettilineo;Una carreggiata a doppio senso;Asciutto;Asfaltata;Verticale ed orizzontale;Sereno;Intenso;Buona;;0;0;0;1;12.422;41.8404;-1;1;Autovettura privata;In marcia / fermata / arresto;Conducente;M;Illeso;0;;Non accertato;Inesploso
5631313;15;07/10/2021 10:00:00;Strada Urbana;VIA DELLE VIGNE;da specificare;;;;fronte civico 14;Scontro laterale fra veicoli in marcia;Rettilineo;Una carreggiata a doppio senso;Asciutto;Asfaltata;Verticale ed orizzontale;Sereno;Intenso;Buona;;0;0;0;1;12.422;41.8404;-1;2;Autovettura privata;Allontanatosi;;;;;;;
5631361;3;05/10/2021 16:35:00;Strada Urbana;VIALE DEL POLICLINICO;in prossimit�;;del civico n.;159;;Veicolo in marcia contro ostacolo fisso;Rettilineo;Pi� di due carreggiate;Asciutto;Asfaltata;Verticale ed orizzontale;Sereno;Normale;Buona;;0;0;0;1;12.5103;41.905;-1;1;Motociclo con passeggero;In marcia / fermata / arresto;Conducente;M;Illeso;0;;;
5631367;3;06/10/2021 12:35:00;Strada Urbana;VIA ARDUINO;all'intersezione semaforizzata con;VIA DELLA LEGA LOMBARDA;VIA DELLA LEGA LOMBARDA;;;Scontro laterale fra veicoli in marcia;Intersezione semaforizzata;Una carreggiata a doppio senso;Bagnato (pioggia);Asfaltata;Verticale ed orizzontale;Nuvoloso;Normale;Buona;;1;0;0;2;12.5237;41.9088;-1;1;Autovettura privata;In marcia / fermata / arresto;Passeggero;M;Illeso;0;;Non accertato;
5631367;3;06/10/2021 12:35:00;Strada Urbana;VIA ARDUINO;all'intersezione semaforizzata con;VIA DELLA LEGA LOMBARDA;VIA DELLA LEGA LOMBARDA;;;Scontro laterale fra veicoli in marcia;Intersezione semaforizzata;Una carreggiata a doppio senso;Bagnato (pioggia);Asfaltata;Verticale ed orizzontale;Nuvoloso;Normale;Buona;;1;0;0;2;12.5237;41.9088;-1;1;Autovettura privata;In marcia / fermata / arresto;Conducente;M;Illeso;0;;Non accertato;
5631367;3;06/10/2021 12:35:00;Strada Urbana;VIA ARDUINO;all'intersezione semaforizzata con;VIA DELLA LEGA LOMBARDA;VIA DELLA LEGA LOMBARDA;;;Scontro laterale fra veicoli in marcia;Intersezione semaforizzata;Una carreggiata a doppio senso;Bagnato (pioggia);Asfaltata;Verticale ed orizzontale;Nuvoloso;Normale;Buona;;1;0;0;2;12.5237;41.9088;-1;2;Motociclo a solo;In marcia / fermata / arresto;Conducente;M;Rimandato;0;NON DECEDUTO;Non accertato;
5631386;3;06/10/2021 14:05:00;Strada Urbana;VIA DELLA LEGA LOMBARDA;in prossimit�;;del civico n.;2;;Veicolo in marcia contro veicolo in sosta;Rettilineo;Una carreggiata a doppio senso;Bagnato (umidit� in atto);Asfaltata;Verticale ed orizzontale;Nuvoloso;Normale;Buona;;0;0;0;1;12.5216;41.9092;-1;1;Motociclo a solo;Sosta;;;;;;;
5631386;3;06/10/2021 14:05:00;Strada Urbana;VIA DELLA LEGA LOMBARDA;in prossimit�;;del civico n.;2;;Veicolo in marcia contro veicolo in sosta;Rettilineo;Una carreggiata a doppio senso;Bagnato (umidit� in atto);Asfaltata;Verticale ed orizzontale;Nuvoloso;Normale;Buona;;0;0;0;1;12.5216;41.9092;-1;2;Autovettura privata;In marcia / fermata / arresto;Conducente;M;Illeso;0;;Non accertato;
5631468;12;07/10/2021 12:55:00;Strada Urbana;VIALE GUGLIELMO MARCONI;all'intersezione con;VIA CRISTOFORO COLOMBO;VIA CRISTOFORO COLOMBO;;;Tamponamento;Intersezione stradale segnalata;Una carreggiata a senso unico di marcia;Asciutto;Asfaltata;Verticale ed orizzontale;Sereno;Normale;Buona;;0;0;0;2;12.4775;41.8445;-1;1;Autovettura privata;In marcia / fermata / arresto;Conducente;F;Illeso;0;;Non accertato;Inesploso
5631468;12;07/10/2021 12:55:00;Strada Urbana;VIALE GUGLIELMO MARCONI;all'intersezione con;VIA CRISTOFORO COLOMBO;VIA CRISTOFORO COLOMBO;;;Tamponamento;Intersezione stradale segnalata;Una carreggiata a senso unico di marcia;Asciutto;Asfaltata;Verticale ed orizzontale;Sereno;Normale;Buona;;0;0;0;2;12.4775;41.8445;-1;2;Autovettura privata;In marcia / fermata / arresto;Conducente;M;Illeso;0;;Non accertato;Inesploso
5631491;17;07/10/2021 10:30:00;Strada Urbana;PIAZZALE MARESCIALLO GIARDINO;in prossimit�;;del civico n.;46;;Tamponamento;Rettilineo;Due carreggiate;Asciutto;Asfaltata;Verticale ed orizzontale;Sereno;Intenso;Buona;;0;0;0;3;12.4575;41.9242;0;1;Autovettura privata;In marcia / fermata / arresto;Conducente;M;Illeso;0;;;
5631491;17;07/10/2021 10:30:00;Strada Urbana;PIAZZALE MARESCIALLO GIARDINO;in prossimit�;;del civico n.;46;;Tamponamento;Rettilineo;Due carreggiate;Asciutto;Asfaltata;Verticale ed orizzontale;Sereno;Intenso;Buona;;0;0;0;3;12.4575;41.9242;0;1;Autovettura privata;In marcia / fermata / arresto;Passeggero;F;Illeso;0;;;
5631491;17;07/10/2021 10:30:00;Strada Urbana;PIAZZALE MARESCIALLO GIARDINO;in prossimit�;;del civico n.;46;;Tamponamento;Rettilineo;Due carreggiate;Asciutto;Asfaltata;Verticale ed orizzontale;Sereno;Intenso;Buona;;0;0;0;3;12.4575;41.9242;0;2;Autobus urbano;In marcia / fermata / arresto;Conducente;M;Illeso;0;;;
5631587;19;07/10/2021 13:15:00;Strada Urbana;VIA DEL FORTE BRASCHI;da specificare;;;;prossimit� civ. 102 C;Investimento di pedone;Rettilineo;Una carreggiata a doppio senso;Asciutto;Asfaltata;Verticale ed orizzontale;Sereno;Normale;Buona;;1;0;0;2;12.4199;41.9134;-1;;;;Pedone;F;Rimandato;0;NON DECEDUTO;;
5631587;19;07/10/2021 13:15:00;Strada Urbana;VIA DEL FORTE BRASCHI;da specificare;;;;prossimit� civ. 102 C;Investimento di pedone;Rettilineo;Una carreggiata a doppio senso;Asciutto;Asfaltata;Verticale ed orizzontale;Sereno;Normale;Buona;;1;0;0;2;12.4199;41.9134;-1;1;Autovettura privata;In marcia / fermata / arresto;Conducente;M;Illeso;0;;;
5631587;19;07/10/2021 13:15:00;Strada Urbana;VIA DEL FORTE BRASCHI;da specificare;;;;prossimit� civ. 102 C;Investimento di pedone;Rettilineo;Una carreggiata a doppio senso;Asciutto;Asfaltata;Verticale ed orizzontale;Sereno;Normale;Buona;;1;0;0;2;12.4199;41.9134;-1;1;Autovettura privata;In marcia / fermata / arresto;Passeggero;F;Illeso;0;;;
5631620;12;07/10/2021 05:15:00;Strada Urbana;VIA DI PORTA MEDAGLIA;in corrispondenza;;del civico n.;127;;Scontro frontale/laterale SX fra veicoli in marcia;Curva a visuale libera;Una carreggiata a doppio senso;Asciutto;Asfaltata;Verticale ed orizzontale;Sereno;Normale;Insufficiente;;0;0;0;2;12.5257;41.76;-1;1;Autovettura privata;In marcia / fermata / arresto;;;;;;;
5631620;12;07/10/2021 05:15:00;Strada Urbana;VIA DI PORTA MEDAGLIA;in corrispondenza;;del civico n.;127;;Scontro frontale/laterale SX fra veicoli in marcia;Curva a visuale libera;Una carreggiata a doppio senso;Asciutto;Asfaltata;Verticale ed orizzontale;Sereno;Normale;Insufficiente;;0;0;0;2;12.5257;41.76;-1;2;Autobus di linea;In marcia / fermata / arresto;Conducente;F;Illeso;0;;;
5631620;12;07/10/2021 05:15:00;Strada Urbana;VIA DI PORTA MEDAGLIA;in corrispondenza;;del civico n.;127;;Scontro frontale/laterale SX fra veicoli in marcia;Curva a visuale libera;Una carreggiata a doppio senso;Asciutto;Asfaltata;Verticale ed orizzontale;Sereno;Normale;Insufficiente;;0;0;0;2;12.5257;41.76;-1;3;Autovettura privata;In marcia / fermata / arresto;Conducente;M;Illeso;0;;;
5631625;12;06/10/2021 20:30:00;Strada Urbana;VIA DELLA MAGLIANA;da specificare;;;;prossimit� rampa GRA carreggiata esterna;Scontro frontale/laterale SX fra veicoli in marcia;Rettilineo;Una carreggiata a doppio senso;Asciutto;Asfaltata;Verticale ed orizzontale;Nuvoloso;Normale;Insufficiente;;1;0;0;1;12.3907;41.8229;-1;1;Autovettura privata;In marcia / fermata / arresto;Conducente;M;Illeso;0;;;
5631625;12;06/10/2021 20:30:00;Strada Urbana;VIA DELLA MAGLIANA;da specificare;;;;prossimit� rampa GRA carreggiata esterna;Scontro frontale/laterale SX fra veicoli in marcia;Rettilineo;Una carreggiata a doppio senso;Asciutto;Asfaltata;Verticale ed orizzontale;Nuvoloso;Normale;Insufficiente;;1;0;0;1;12.3907;41.8229;-1;2;Autovettura privata;In marcia / fermata / arresto;Conducente;F;Rimandato;0;NON DECEDUTO;;
5631633;12;06/10/2021 15:50:00;Strada Urbana;VIALE UMBERTO TUPINI;in corrispondenza;;del civico n.;101;;Veicolo in marcia contro ostacolo accidentale;Rettilineo;Una carreggiata a doppio senso;Bagnato (pioggia);Asfaltata;Temporanea di cantiere;Nuvoloso;Normale;Buona;;2;0;0;0;12.4628;41.8338;-1;1;Autovettura privata;In marcia / fermata / arresto;Passeggero;M;Rimandato;0;NON DECEDUTO;Non accertato;Inesploso