Protocollo;Gruppo;DataOraIncidente;Localizzazione1;STRADA1;Localizzazione2;STRADA2;Strada02;Chilometrica;DaSpecificare;NaturaIncidente;particolaritastrade;TipoStrada;FondoStradale;Pavimentazione;Segnaletica;CondizioneAtmosferica;Traffico;Visibilita;Illuminazione;NUM_FERITI;NUM_RISERVATA;NUM_MORTI;NUM_ILLESI;Longitudine;Latitudine;Confermato;Progressivo;TipoVeicolo;StatoVeicolo;TipoPersona;Sesso;Tipolesione;Deceduto;DecedutoDopo;CinturaCascoUtilizzato;Airbag;
5631633;12;06/10/2021 15:50:00;Strada Urbana;VIALE UMBERTO TUPINI;in corrispondenza;;del civico n.;101;;Veicolo in marcia contro ostacolo accidentale;Rettilineo;Una carreggiata a doppio senso;Bagnato (pioggia);Asfaltata;Temporanea di cantiere;Nuvoloso;Normale;Buona;;2;0;0;0;12.4628;41.8338;-1;1;Autovettura privata;In marcia / fermata / arresto;Conducente;M;Rimandato;0;NON DECEDUTO;;
5631635;12;07/10/2021 11:30:00;Strada Urbana;VIALE EGEO;in corrispondenza;;del palo luce n.;11;;Veicolo in marcia contro veicolo in sosta;Rettilineo;Una carreggiata a doppio senso;Asciutto;Asfaltata;Verticale ed orizzontale;Sereno;Normale;Buona;;0;0;0;1;12.457;41.8325;-1;1;Autovettura privata;In marcia / fermata / arresto;Conducente;M;Illeso;0;;Utilizzato;Esploso
5631635;12;07/10/2021 11:30:00;Strada Urbana;VIALE EGEO;in corrispondenza;;del palo luce n.;11;;Veicolo in marcia contro veicolo in sosta;Rettilineo;Una carreggiata a doppio senso;Asciutto;Asfaltata;Verticale ed orizzontale;Sereno;Normale;Buona;;0;0;0;1;12.457;41.8325;-1;2;Autovettura privata;Sosta;;;;;;;
5631645;6;07/10/2021 07:45:00;Strada Urbana;VIA DI GROTTA DI GREGNA;in corrispondenza;;del civico n.;188;;Scontro frontale/laterale SX fra veicoli in marcia;Rettilineo;Una carreggiata a doppio senso;Bagnato (umidit� in atto);Asfaltata;Verticale ed orizzontale;Sereno;Intenso;Buona;;1;0;0;1;12.5673;41.9012;-1;1;Autocarro inferiore 35 q.;In marcia / fermata / arresto;Conducente;M;Illeso;0;;Non accertato;Inesploso
5631645;6;07/10/2021 07:45:00;Strada Urbana;VIA DI GROTTA DI GREGNA;in corrispondenza;;del civico n.;188;;Scontro frontale/laterale SX fra veicoli in marcia;Rettilineo;Una carreggiata a doppio senso;Bagnato (umidit� in atto);Asfaltata;Verticale ed orizzontale;Sereno;Intenso;Buona;;1;0;0;1;12.5673;41.9012;-1;2;Motociclo a solo;In marcia / fermata / arresto;Conducente;M;Rimandato;0;NON DECEDUTO;Utilizzato;
5631669;9;07/10/2021 14:10:00;Strada Urbana;VIA SANNIO;all'intersezione con;VIA MARRUVIO;VIA MARRUVIO;;;Scontro frontale/laterale DX fra veicoli in marcia;Incrocio;Una carreggiata a doppio senso;Asciutto;Asfaltata;Verticale ed orizzontale;Sereno;Scarso;Buona;;0;0;0;2;12.5074;41.8841;-1;1;Autovettura privata;In marcia / fermata / arresto;Conducente;M;Illeso;0;;Non accertato;Inesploso
5631669;9;07/10/2021 14:10:00;Strada Urbana;VIA SANNIO;all'intersezione con;VIA MARRUVIO;VIA MARRUVIO;;;Scontro frontale/laterale DX fra veicoli in marcia;Incrocio;Una carreggiata a doppio senso;Asciutto;Asfaltata;Verticale ed orizzontale;Sereno;Scarso;Buona;;0;0;0;2;12.5074;41.8841;-1;2;Autocarro inferiore 35 q.;In marcia / fermata / arresto;Conducente;M;Illeso;0;;Non accertato;Inesploso
5631670;6;07/10/2021 11:35:00;Strada Urbana;VIA ANAGNI;in corrispondenza;;del civico n.;39;;Scontro laterale fra veicoli in marcia;Rettilineo;Una carreggiata a doppio senso;Asciutto;Asfaltata;Orizzontale;Sereno;Normale;Buona;;1;0;0;1;12.5565;41.89;-1;1;Autovettura privata;In marcia / fermata / arresto;Conducente;M;Illeso;0;;Non accertato;Inesploso
5631670;6;07/10/2021 11:35:00;Strada Urbana;VIA ANAGNI;in corrispondenza;;del civico n.;39;;Scontro laterale fra veicoli in marcia;Rettilineo;Una carreggiata a doppio senso;Asciutto;Asfaltata;Orizzontale;Sereno;Normale;Buona;;1;0;0;1;12.5565;41.89;-1;2;Motociclo a solo;In marcia / fermata / arresto;Conducente;M;Rifiuta cure immediate;0;NON DECEDUTO;Non accertato;
5631682;9;07/10/2021 15:20:00;Strada Urbana;VIA TUSCOLANA;in prossimit�;;del civico n.;481;;Veicolo in marcia contro veicolo in sosta;Rettilineo;Due carreggiate;Asciutto;Asfaltata;Verticale ed orizzontale;Sereno;Intenso;Buona;;0;0;0;1;12.5395;41.8684;-1;1;Autobus di linea;In marcia / fermata / arresto;Conducente;M;Illeso;0;;Non accertato;Inesploso
5631682;9;07/10/2021 15:20:00;Strada Urbana;VIA TUSCOLANA;in prossimit�;;del civico n.;481;;Veicolo in marcia contro veicolo in sosta;Rettilineo;Due carreggiate;Asciutto;Asfaltata;Verticale ed orizzontale;Sereno;Intenso;Buona;;0;0;0;1;12.5395;41.8684;-1;2;Veicolo speciale;Sosta;;;;;;;
5631723;20;07/10/2021 16:50:00;Strada Urbana;VIA CALVI DELL'UMBRIA;in corrispondenza;;del civico n.;3;;Investimento di pedone;Rettilineo;Una carreggiata a senso unico di marcia;Asciutto;Asfaltata;Orizzontale;Sereno;Normale;Buona;;0;0;1;1;12.475;41.9425;-1;;;;Pedone;F;Ricoverato;0;DECEDUTO DA 13 A 24 ORE DOPO;;
5631723;20;07/10/2021 16:50:00;Strada Urbana;VIA CALVI DELL'UMBRIA;in corrispondenza;;del civico n.;3;;Investimento di pedone;Rettilineo;Una carreggiata a senso unico di marcia;Asciutto;Asfaltata;Orizzontale;Sereno;Normale;Buona;;0;0;1;1;12.475;41.9425;-1;1;Autocarro inferiore 35 q.;In marcia / fermata / arresto;Conducente;M;Illeso;0;;Non accertato;Inesploso
5631797;12;07/10/2021 03:20:00;Strada Urbana;VIALE AMERICA;in corrispondenza;;del civico n.;201;;Veicolo in marcia contro veicolo in sosta;Rettilineo;Una carreggiata a doppio senso;Asciutto;Asfaltata;Verticale ed orizzontale;Sereno;Scarso;Buona;;0;0;0;1;12.4666;41.8305;-1;1;Autovettura privata;In marcia / fermata / arresto;Conducente;F;Illeso;0;;Non utilizzato;Inesploso
5631797;12;07/10/2021 03:20:00;Strada Urbana;VIALE AMERICA;in corrispondenza;;del civico n.;201;;Veicolo in marcia contro veicolo in sosta;Rettilineo;Una carreggiata a doppio senso;Asciutto;Asfaltata;Verticale ed orizzontale;Sereno;Scarso;Buona;;0;0;0;1;12.4666;41.8305;-1;2;Autovettura privata;Sosta;;;;;;;
5631804;9;07/10/2021 18:10:00;Strada Urbana;VIA GELA;in corrispondenza;;del civico n.;99;;Scontro laterale fra veicoli in marcia;Rettilineo;Una carreggiata a doppio senso;Asciutto;Asfaltata;Verticale ed orizzontale;Sereno;Normale;Buona;;0;0;0;3;12.5215;41.8794;-1;1;Autovettura privata;In marcia / fermata / arresto;Passeggero;F;Illeso;0;;Non accertato;Inesploso
5631804;9;07/10/2021 18:10:00;Strada Urbana;VIA GELA;in corrispondenza;;del civico n.;99;;Scontro laterale fra veicoli in marcia;Rettilineo;Una carreggiata a doppio senso;Asciutto;Asfaltata;Verticale ed orizzontale;Sereno;Normale;Buona;;0;0;0;3;12.5215;41.8794;-1;1;Autovettura privata;In marcia / fermata / arresto;Conducente;M;Illeso;0;;;
5631804;9;07/10/2021 18:10:00;Strada Urbana;VIA GELA;in corrispondenza;;del civico n.;99;;Scontro laterale fra veicoli in marcia;Rettilineo;Una carreggiata a doppio senso;Asciutto;Asfaltata;Verticale ed orizzontale;Sereno;Normale;Buona;;0;0;0;3;12.5215;41.8794;-1;2;Motociclo a solo;In marcia / fermata / arresto;Conducente;M;Illeso;0;;Non accertato;
5631811;10;07/10/2021 10:30:00;Strada Urbana;VIA TUSCOLANA;all'intersezione semaforizzata con;VIA S. MARIA DEL BUON CONSIGLIO;VIA S. MARIA DEL BUON CONSIGLIO;;;Scontro frontale/laterale SX fra veicoli in marcia;Intersezione semaforizzata;Due carreggiate;Asciutto;Asfaltata;Verticale ed orizzontale;Sereno;Normale;Buona;;0;0;0;5;12.5497;41.8635;-1;1;Autovettura privata;In marcia / fermata / arresto;Passeggero;M;Illeso;0;;Non accertato;Inesploso
5631811;10;07/10/2021 10:30:00;Strada Urbana;VIA TUSCOLANA;all'intersezione semaforizzata con;VIA S. MARIA DEL BUON CONSIGLIO;VIA S. MARIA DEL BUON CONSIGLIO;;;Scontro frontale/laterale SX fra veicoli in marcia;Intersezione semaforizzata;Due carreggiate;Asciutto;Asfaltata;Verticale ed orizzontale;Sereno;Normale;Buona;;0;0;0;5;12.5497;41.8635;-1;1;Autovettura privata;In marcia / fermata / arresto;Passeggero;F;Illeso;0;;Non accertato;Inesploso
5631811;10;07/10/2021 10:30:00;Strada Urbana;VIA TUSCOLANA;all'intersezione semaforizzata con;VIA S. MARIA DEL BUON CONSIGLIO;VIA S. MARIA DEL BUON CONSIGLIO;;;Scontro frontale/laterale SX fra veicoli in marcia;Intersezione semaforizzata;Due carreggiate;Asciutto;Asfaltata;Verticale ed orizzontale;Sereno;Normale;Buona;;0;0;0;5;12.5497;41.8635;-1;1;Autovettura privata;In marcia / fermata / arresto;Conducente;F;Illeso;0;;Non accertato;Inesploso
5631811;10;07/10/2021 10:30:00;Strada Urbana;VIA TUSCOLANA;all'intersezione semaforizzata con;VIA S. MARIA DEL BUON CONSIGLIO;VIA S. MARIA DEL BUON CONSIGLIO;;;Scontro frontale/laterale SX fra veicoli in marcia;Intersezione semaforizzata;Due carreggiate;Asciutto;Asfaltata;Verticale ed orizzontale;Sereno;Normale;Buona;;0;0;0;5;12.5497;41.8635;-1;2;Autovettura privata;In marcia / fermata / arresto;Conducente;M;Illeso;0;;Non accertato;Inesploso
5631811;10;07/10/2021 10:30:00;Strada Urbana;VIA TUSCOLANA;all'intersezione semaforizzata con;VIA S. MARIA DEL BUON CONSIGLIO;VIA S. MARIA DEL BUON CONSIGLIO;;;Scontro frontale/laterale SX fra veicoli in marcia;Intersezione semaforizzata;Due carreggiate;Asciutto;Asfaltata;Verticale ed orizzontale;Sereno;Normale;Buona;;0;0;0;5;12.5497;41.8635;-1;2;Autovettura privata;In marcia / fermata / arresto;Passeggero;F;Illeso;0;;Non accertato;Inesploso
5631847;12;07/10/2021 18:05:00;Regionale;VIA PONTINA;in prossimit�;;della chilometrica;23.5;;Tamponamento;Rettilineo;Due carreggiate;Asciutto;Asfaltata;Verticale ed orizzontale;Sereno;Intenso;Sufficiente;;1;0;0;4;12.4513;41.7185;-1;1;Autovettura privata;In marcia / fermata / arresto;Passeggero;F;Illeso;0;;Non accertato;Inesploso
5631847;12;07/10/2021 18:05:00;Regionale;VIA PONTINA;in prossimit�;;della chilometrica;23.5;;Tamponamento;Rettilineo;Due carreggiate;Asciutto;Asfaltata;Verticale ed orizzontale;Sereno;Intenso;Sufficiente;;1;0;0;4;12.4513;41.7185;-1;1;Autovettura privata;In marcia / fermata / arresto;Passeggero;M;Rimandato;0;NON DECEDUTO;Non accertato;
5631847;12;07/10/2021 18:05:00;Regionale;VIA PONTINA;in prossimit�;;della chilometrica;23.5;;Tamponamento;Rettilineo;Due carreggiate;Asciutto;Asfaltata;Verticale ed orizzontale;Sereno;Intenso;Sufficiente;;1;0;0;4;12.4513;41.7185;-1;1;Autovettura privata;In marcia / fermata / arresto;Conducente;F;Illeso;0;;Non accertato;Inesploso
5631847;12;07/10/2021 18:05:00;Regionale;VIA PONTINA;in prossimit�;;della chilometrica;23.5;;Tamponamento;Rettilineo;Due carreggiate;Asciutto;Asfaltata;Verticale ed orizzontale;Sereno;Intenso;Sufficiente;;1;0;0;4;12.4513;41.7185;-1;1;Autovettura privata;In marcia / fermata / arresto;Passeggero;M;Illeso;0;;Non accertato;
5631847;12;07/10/2021 18:05:00;Regionale;VIA PONTINA;in prossimit�;;della chilometrica;23.5;;Tamponamento;Rettilineo;Due carreggiate;Asciutto;Asfaltata;Verticale ed orizzontale;Sereno;Intenso;Sufficiente;;1;0;0;4;12.4513;41.7185;-1;2;Autovettura privata;In marcia / fermata / arresto;Conducente;M;Illeso;0;;Non accertato;Inesploso
5632020;8;07/10/2021 23:55:00;Strada Urbana;VIA DEL PADIGLIONE;in corrispondenza;;del civico n.;93;;Veicolo in marcia contro ostacolo fisso;Curva senza visuale libera;Una carreggiata a senso unico di marcia;Asciutto;Asfaltata;Assente;Sereno;Scarso;Sufficiente;;0;0;0;0;12.6816;41.8547;-1;1;Autovettura privata;In marcia / fermata / arresto;;;;;;;
5632098;1;07/10/2021 13:30:00;Strada Urbana;VIA MILANO;all'intersezione con;VIA PALERMO;VIA PALERMO;;;Scontro frontale/laterale DX fra veicoli in marcia;Incrocio;Una carreggiata a senso unico di marcia;Asciutto;In cubetti di porfido;Verticale ed orizzontale;Sereno;Normale;Buona;;1;0;0;1;12.4914;41.898;-1;1;Autocarro inferiore 35 q.;In marcia / fermata / arresto;Conducente;M;Illeso;0;;Non accertato;Inesploso
5632098;1;07/10/2021 13:30:00;Strada Urbana;VIA MILANO;all'intersezione con;VIA PALERMO;VIA PALERMO;;;Scontro frontale/laterale DX fra veicoli in marcia;Incrocio;Una carreggiata a senso unico di marcia;Asciutto;In cubetti di porfido;Verticale ed orizzontale;Sereno;Normale;Buona;;1;0;0;1;12.4914;41.898;-1;2;Motociclo a solo;In marcia / fermata / arresto;Conducente;M;Rimandato;0;NON DECEDUTO;Non accertato;
5632144;8;07/10/2021 08:10:00;Strada Urbana;VIALE PIETRO GISMONDI;da specificare;;;;rotatoria con Via dell'Archiginnasio;Scontro frontale/laterale DX fra veicoli in marcia;Rotatoria;Una carreggiata a senso unico di marcia;Asciutto;Asfaltata;Verticale ed orizzontale;Sereno;Scarso;Buona;;2;0;0;2;12.6324;41.8536;-1;1;Autovettura privata;In marcia / fermata / arresto;Conducente;M;Rifiuta cure immediate;0;NON DECEDUTO;;
5632144;8;07/10/2021 08:10:00;Strada Urbana;VIALE PIETRO GISMONDI;da specificare;;;;rotatoria con Via dell'Archiginnasio;Scontro frontale/laterale DX fra veicoli in marcia;Rotatoria;Una carreggiata a senso unico di marcia;Asciutto;Asfaltata;Verticale ed orizzontale;Sereno;Scarso;Buona;;2;0;0;2;12.6324;41.8536;-1;2;Autovettura privata;In marcia / fermata / arresto;Conducente;M;Illeso;0;;;
5632144;8;07/10/2021 08:10:00;Strada Urbana;VIALE PIETRO GISMONDI;da specificare;;;;rotatoria con Via dell'Archiginnasio;Scontro frontale/laterale DX fra veicoli in marcia;Rotatoria;Una carreggiata a senso unico di marcia;Asciutto;Asfaltata;Verticale ed orizzontale;Sereno;Scarso;Buona;;2;0;0;2;12.6324;41.8536;-1;2;Autovettura privata;In marcia / fermata / arresto;Passeggero;M;Illeso;0;;;
5632144;8;07/10/2021 08:10:00;Strada Urbana;VIALE PIETRO GISMONDI;da specificare;;;;rotatoria con Via dell'Archiginnasio;Scontro frontale/laterale DX fra veicoli in marcia;Rotatoria;Una carreggiata a senso unico di marcia;Asciutto;Asfaltata;Verticale ed orizzontale;Sereno;Scarso;Buona;;2;0;0;2;12.6324;41.8536;-1;2;Autovettura privata;In marcia / fermata / arresto;Passeggero;F;Rifiuta cure immediate;0;NON DECEDUTO;;
5632153;8;07/10/2021 22:10:00;Strada Urbana;VIA DELLA RISERVA NUOVA;in corrispondenza;;del civico n.;151;;Veicolo in marcia contro ostacolo fisso;Rettilineo;Una carreggiata a doppio senso;Asciutto;Asfaltata;Orizzontale;Nuvoloso;Normale;Buona;;1;0;0;0;12.6807;41.8954;-1;1;Autovettura privata;In marcia / fermata / arresto;Conducente;M;Rifiuta cure immediate;0;NON DECEDUTO;;
5632161;10;07/10/2021 18:20:00;Statale entro l'abitato;VIA APPIA NUOVA;in corrispondenza;;del civico n.;1010;;Scontro laterale fra veicoli in marcia;Rettilineo;Due carreggiate;Asciutto;Asfaltata;Verticale ed orizzontale;Sereno;Normale;Buona;;1;0;0;1;12.5515;41.8365;-1;1;Motociclo a solo;In marcia / fermata / arresto;Conducente;M;Ricoverato;0;NON DECEDUTO;Non accertato;
5632161;10;07/10/2021 18:20:00;Statale entro l'abitato;VIA APPIA NUOVA;in corrispondenza;;del civico n.;1010;;Scontro laterale fra veicoli in marcia;Rettilineo;Due carreggiate;Asciutto;Asfaltata;Verticale ed orizzontale;Sereno;Normale;Buona;;1;0;0;1;12.5515;41.8365;-1;2;Autovettura privata;In marcia / fermata / arresto;Conducente;M;Illeso;0;;Non accertato;Inesploso
5632166;8;07/10/2021 17:45:00;Strada Urbana;VIA ANTONIO CAPETTI;da specificare;;;;altezza palo luce 6;Tamponamento;Rettilineo;Una carreggiata a doppio senso;Asciutto;Asfaltata;Verticale ed orizzontale;Sereno;Scarso;Buona;;1;0;0;2;12.662;41.912;-1;1;Autovettura privata;In marcia / fermata / arresto;Passeggero;F;Rifiuta cure immediate;0;NON DECEDUTO;;
5632166;8;07/10/2021 17:45:00;Strada Urbana;VIA ANTONIO CAPETTI;da specificare;;;;altezza palo luce 6;Tamponamento;Rettilineo;Una carreggiata a doppio senso;Asciutto;Asfaltata;Verticale ed orizzontale;Sereno;Scarso;Buona;;1;0;0;2;12.662;41.912;-1;1;Autovettura privata;In marcia / fermata / arresto;Conducente;M;Illeso;0;;;
5632166;8;07/10/2021 17:45:00;Strada Urbana;VIA ANTONIO CAPETTI;da specificare;;;;altezza palo luce 6;Tamponamento;Rettilineo;Una carreggiata a doppio senso;Asciutto;Asfaltata;Verticale ed orizzontale;Sereno;Scarso;Buona;;1;0;0;2;12.662;41.912;-1;2;Autovettura privata;In marcia / fermata / arresto;Conducente;M;Illeso;0;;;
5632193;13;07/10/2021 07:20:00;;LUNGOMARE DUCA DEGLI ABRUZZI;in corrispondenza;;del civico n.;32;;Veicolo in marcia contro veicolo fermo;;;;;;;;;;0;0;0;1;;;0;1;Autovettura privata;Sosta;;;;;;;
5632193;13;07/10/2021 07:20:00;;LUNGOMARE DUCA DEGLI ABRUZZI;in corrispondenza;;del civico n.;32;;Veicolo in marcia contro veicolo fermo;;;;;;;;;;0;0;0;1;;;0;2;Autovettura privata;In marcia / fermata / arresto;Conducente;M;Illeso;0;;;
5632195;20;07/10/2021 09:40:00;Strada Urbana;VIALE CORTINA D'AMPEZZO;in corrispondenza;;del civico n.;47;;Tamponamento;Rettilineo;Una carreggiata a doppio senso;Asciutto;Asfaltata;Verticale ed orizzontale;Sereno;Normale;Buona;;0;0;0;1;12.4429;41.9449;-1;1;Altro;In marcia / fermata / arresto;Conducente;F;Illeso;0;;Non accertato;Inesploso
5632195;20;07/10/2021 09:40:00;Strada Urbana;VIALE CORTINA D'AMPEZZO;in corrispondenza;;del civico n.;47;;Tamponamento;Rettilineo;Una carreggiata a doppio senso;Asciutto;Asfaltata;Verticale ed orizzontale;Sereno;Normale;Buona;;0;0;0;1;12.4429;41.9449;-1;2;Autovettura privata;In marcia / fermata / arresto;;;;;;;
5632205;20;07/10/2021 11:30:00;Strada Urbana;VIA DEGLI ORTI DELLA FARNESINA;in prossimit�;;del civico n.;85;;Veicolo in marcia contro veicolo in sosta;Rettilineo;Una carreggiata a doppio senso;Asciutto;Asfaltata;Verticale ed orizzontale;Sereno;Normale;Buona;;0;0;0;1;12.4624;41.9413;-1;1;Autovettura privata;In marcia / fermata / arresto;Conducente;M;Illeso;0;;;
5632205;20;07/10/2021 11:30:00;Strada Urbana;VIA DEGLI ORTI DELLA FARNESINA;in prossimit�;;del civico n.;85;;Veicolo in marcia contro veicolo in sosta;Rettilineo;Una carreggiata a doppio senso;Asciutto;Asfaltata;Verticale ed orizzontale;Sereno;Normale;Buona;;0;0;0;1;12.4624;41.9413;-1;2;Autovettura privata;Sosta;;;;;;;
5632234;1;07/10/2021 15:30:00;Strada Urbana;PONTE SUBLICIO;da specificare;;;;pross. lungotevere aventino;Veicolo in marcia contro ostacolo accidentale;Rettilineo;Una carreggiata a doppio senso;Asciutto;Asfaltata;Verticale ed orizzontale;Sereno;Intenso;Buona;;1;0;0;0;;;0;1;Motociclo a solo;In marcia / fermata / arresto;Conducente;F;Rimandato;0;NON DECEDUTO;;
5632240;19;07/10/2021 07:50:00;Strada Urbana;VIALE DELLE MEDAGLIE D'ORO;da specificare;;;;fronte civ. 67;Scontro laterale fra veicoli in marcia;Rettilineo;Una carreggiata a doppio senso;Asciutto;Asfaltata;Orizzontale;Sereno;Intenso;Buona;;0;0;0;3;12.4457;41.9235;-1;1;Veicolo speciale;In marcia / fermata / arresto;Conducente;M;Illeso;0;;Non accertato;Inesploso
5632240;19;07/10/2021 07:50:00;Strada Urbana;VIALE DELLE MEDAGLIE D'ORO;da specificare;;;;fronte civ. 67;Scontro laterale fra veicoli in marcia;Rettilineo;Una carreggiata a doppio senso;Asciutto;Asfaltata;Orizzontale;Sereno;Intenso;Buona;;0;0;0;3;12.4457;41.9235;-1;2;Autovettura privata;In marcia / fermata / arresto;Conducente;M;Illeso;0;;Non accertato;Inesploso
5632240;19;07/10/2021 07:50:00;Strada Urbana;VIALE DELLE MEDAGLIE D'ORO;da specificare;;;;fronte civ. 67;Scontro laterale fra veicoli in marcia;Rettilineo;Una carreggiata a doppio senso;Asciutto;Asfaltata;Orizzontale;Sereno;Intenso;Buona;;0;0;0;3;12.4457;41.9235;-1;3;Autovettura privata;In marcia / fermata / arresto;Conducente;M;Illeso;0;;Non accertato;Inesploso
5632259;13;07/10/2021 07:45:00;Strada Urbana;VIALE CRISTOFORO COLOMBO;in prossimit�;;della chilometrica;24.9;;Tamponamento Multiplo;Rettilineo;Pi� di due carreggiate;Asciutto;Asfaltata;Verticale ed orizzontale;Sereno;Normale;Buona;;0;0;0;6;12.3313;41.7253;-1;1;Autovettura privata;In marcia / fermata / arresto;Conducente;F;Illeso;0;;;
5632259;13;07/10/2021 07:45:00;Strada Urbana;VIALE CRISTOFORO COLOMBO;in prossimit�;;della chilometrica;24.9;;Tamponamento Multiplo;Rettilineo;Pi� di due carreggiate;Asciutto;Asfaltata;Verticale ed orizzontale;Sereno;Normale;Buona;;0;0;0;6;12.3313;41.7253;-1;2;Autovettura privata;In marcia / fermata / arresto;Conducente;F;Illeso;0;;;
5632259;13;07/10/2021 07:45:00;Strada Urbana;VIALE CRISTOFORO COLOMBO;in prossimit�;;della chilometrica;24.9;;Tamponamento Multiplo;Rettilineo;Pi� di due carreggiate;Asciutto;Asfaltata;Verticale ed orizzontale;Sereno;Normale;Buona;;0;0;0;6;12.3313;41.7253;-1;3;Autovettura privata;In marcia / fermata / arresto;Passeggero;M;Illeso;0;;;
5632259;13;07/10/2021 07:45:00;Strada Urbana;VIALE CRISTOFORO COLOMBO;in prossimit�;;della chilometrica;24.9;;Tamponamento Multiplo;Rettilineo;Pi� di due carreggiate;Asciutto;Asfaltata;Verticale ed orizzontale;Sereno;Normale;Buona;;0;0;0;6;12.3313;41.7253;-1;3;Autovettura privata;In marcia / fermata / arresto;Conducente;M;Illeso;0;;;
5632259;13;07/10/2021 07:45:00;Strada Urbana;VIALE CRISTOFORO COLOMBO;in prossimit�;;della chilometrica;24.9;;Tamponamento Multiplo;Rettilineo;Pi� di due carreggiate;Asciutto;Asfaltata;Verticale ed orizzontale;Sereno;Normale;Buona;;0;0;0;6;12.3313;41.7253;-1;4;Autovettura privata;In marcia / fermata / arresto;Passeggero;M;Illeso;0;;;
5632259;13;07/10/2021 07:45:00;Strada Urbana;VIALE CRISTOFORO COLOMBO;in prossimit�;;della chilometrica;24.9;;Tamponamento Multiplo;Rettilineo;Pi� di due carreggiate;Asciutto;Asfaltata;Verticale ed orizzontale;Sereno;Normale;Buona;;0;0;0;6;12.3313;41.7253;-1;4;Autovettura privata;In marcia / fermata / arresto;Conducente;F;Illeso;0;;;
5632264;7;07/10/2021 19:45:00;Strada Urbana;VIALE PALMIRO TOGLIATTI;all'intersezione con;VIA CASILINA;VIA CASILINA;;;Scontro frontale/laterale DX fra veicoli in marcia;Incrocio;Una carreggiata a senso unico di marcia;Asciutto;Asfaltata;Verticale ed orizzontale;Sereno;Intenso;Buona;;0;0;0;2;12.5696;41.8741;-1;1;Autovettura privata;In marcia / fermata / arresto;Conducente;M;Illeso;0;;Non accertato;Inesploso
5632264;7;07/10/2021 19:45:00;Strada Urbana;VIALE PALMIRO TOGLIATTI;all'intersezione con;VIA CASILINA;VIA CASILINA;;;Scontro frontale/laterale DX fra veicoli in marcia;Incrocio;Una carreggiata a senso unico di marcia;Asciutto;Asfaltata;Verticale ed orizzontale;Sereno;Intenso;Buona;;0;0;0;2;12.5696;41.8741;-1;2;Autovettura privata;In marcia / fermata / arresto;Conducente;M;Illeso;0;;;
5632291;4;07/10/2021 19:22:00;Strada Urbana;VIA DELLA CESARINA;da specificare;;;;(dir. V. Nomentana) m 200 dopo l'inters. Via T. S.;Veicolo in marcia contro animale;Rettilineo;Una carreggiata a doppio senso;Bagnato (umidit� in atto);Asfaltata;Assente;Sereno;Scarso;Sufficiente;;0;0;0;3;12.5855;41.9756;-1;1;Autovettura privata;In marcia / fermata / arresto;Passeggero;F;Illeso;0;;Non accertato;Inesploso
5632291;4;07/10/2021 19:22:00;Strada Urbana;VIA DELLA CESARINA;da specificare;;;;(dir. V. Nomentana) m 200 dopo l'inters. Via T. S.;Veicolo in marcia contro animale;Rettilineo;Una carreggiata a doppio senso;Bagnato (umidit� in atto);Asfaltata;Assente;Sereno;Scarso;Sufficiente;;0;0;0;3;12.5855;41.9756;-1;1;Autovettura privata;In marcia / fermata / arresto;Passeggero;F;Illeso;0;;Non accertato;Inesploso
5632291;4;07/10/2021 19:22:00;Strada Urbana;VIA DELLA CESARINA;da specificare;;;;(dir. V. Nomentana) m 200 dopo l'inters. Via T. S.;Veicolo in marcia contro animale;Rettilineo;Una carreggiata a doppio senso;Bagnato (umidit� in atto);Asfaltata;Assente;Sereno;Scarso;Sufficiente;;0;0;0;3;12.5855;41.9756;-1;1;Autovettura privata;In marcia / fermata / arresto;Conducente;M;Illeso;0;;Non accertato;Inesploso
5632304;7;08/10/2021 01:15:00;Strada Urbana;VIALE PALMIRO TOGLIATTI;all'intersezione con;VIA SANTI ROMANO;VIA SANTI ROMANO;;;Scontro frontale/laterale DX fra veicoli in marcia;Incrocio;Due carreggiate;Asciutto;Asfaltata;Verticale ed orizzontale;Sereno;Scarso;Sufficiente;;0;0;0;2;12.5688;41.8624;-1;1;Autovettura privata;In marcia / fermata / arresto;Conducente;M;Illeso;0;;Non accertato;Esploso
5632304;7;08/10/2021 01:15:00;Strada Urbana;VIALE PALMIRO TOGLIATTI;all'intersezione con;VIA SANTI ROMANO;VIA SANTI ROMANO;;;Scontro frontale/laterale DX fra veicoli in marcia;Incrocio;Due carreggiate;Asciutto;Asfaltata;Verticale ed orizzontale;Sereno;Scarso;Sufficiente;;0;0;0;2;12.5688;41.8624;-1;2;Autovettura privata;In marcia / fermata / arresto;Conducente;M;Illeso;0;;Non accertato;Esploso
5632318;4;07/10/2021 13:05:00;Strada Urbana;PIAZZA GIUSEPPE PRIMOLI;da specificare;;;;fronte via A. GRAF;Scontro frontale/laterale SX fra veicoli in marcia;Rotatoria;Una carreggiata a senso unico di marcia;Asciutto;Asfaltata;Verticale ed orizzontale;Sereno;Normale;Buona;;0;0;0;3;12.5529;41.9452;-1;1;Autovettura privata;In marcia / fermata / arresto;Conducente;F;Illeso;0;;Non accertato;Inesploso