Protocollo;Gruppo;DataOraIncidente;Localizzazione1;STRADA1;Localizzazione2;STRADA2;Strada02;Chilometrica;DaSpecificare;NaturaIncidente;particolaritastrade;TipoStrada;FondoStradale;Pavimentazione;Segnaletica;CondizioneAtmosferica;Traffico;Visibilita;Illuminazione;NUM_FERITI;NUM_RISERVATA;NUM_MORTI;NUM_ILLESI;Longitudine;Latitudine;Confermato;Progressivo;TipoVeicolo;StatoVeicolo;TipoPersona;Sesso;Tipolesione;Deceduto;DecedutoDopo;CinturaCascoUtilizzato;Airbag;
5633879;9;08/10/2021 15:20:00;Strada Urbana;VIA CAMPO BARBARICO;all'intersezione con;VIA MONTE D'ONORIO;VIA MONTE D'ONORIO;;;Scontro laterale fra veicoli in marcia;Intersezione non regolata/non segnalata;Una carreggiata a doppio senso;Asciutto;Asfaltata;Assente;Sereno;Scarso;Buona;;0;0;0;3;12.5402;41.859;-1;2;Autovettura privata;In marcia / fermata / arresto;Conducente;M;Illeso;0;;Non accertato;Inesploso
5633898;9;08/10/2021 18:35:00;Strada Urbana;PIAZZA TUSCOLO;in corrispondenza;;del civico n.;2;;Scontro laterale fra veicoli in marcia;Rettilineo;Una carreggiata a senso unico di marcia;Asciutto;Asfaltata;Verticale ed orizzontale;Sereno;Normale;Buona;;1;0;0;1;12.5089;41.8805;-1;1;Autovettura privata;In marcia / fermata / arresto;Conducente;F;Illeso;0;;Non accertato;Inesploso
5633898;9;08/10/2021 18:35:00;Strada Urbana;PIAZZA TUSCOLO;in corrispondenza;;del civico n.;2;;Scontro laterale fra veicoli in marcia;Rettilineo;Una carreggiata a senso unico di marcia;Asciutto;Asfaltata;Verticale ed orizzontale;Sereno;Normale;Buona;;1;0;0;1;12.5089;41.8805;-1;2;Motociclo a solo;In marcia / fermata / arresto;Conducente;M;Rimandato;0;NON DECEDUTO;Non accertato;
5634152;11;08/10/2021 16:30:00;Strada Urbana;VIA OSTIENSE;in corrispondenza;;del civico n.;186;;Tamponamento;Rettilineo;Una carreggiata a senso unico di marcia;Asciutto;Asfaltata;Orizzontale;Sereno;Scarso;Buona;;0;0;0;2;12.4777;41.8576;-1;1;Autovettura privata;In marcia / fermata / arresto;Conducente;M;Illeso;0;;Non accertato;
5634152;11;08/10/2021 16:30:00;Strada Urbana;VIA OSTIENSE;in corrispondenza;;del civico n.;186;;Tamponamento;Rettilineo;Una carreggiata a senso unico di marcia;Asciutto;Asfaltata;Orizzontale;Sereno;Scarso;Buona;;0;0;0;2;12.4777;41.8576;-1;2;Autovettura privata;In marcia / fermata / arresto;Conducente;F;Illeso;0;;Non accertato;
5634155;1;09/10/2021 00:15:00;Strada Urbana;LUNGOTEVERE DEI TEBALDI;in prossimit�;;del civico n.;14;;Veicolo in marcia contro veicolo in sosta;Rettilineo;Una carreggiata a senso unico di marcia;Asciutto;Asfaltata;Verticale ed orizzontale;Sereno;Normale;Buona;;0;0;0;1;;;0;1;Autovettura privata;In marcia / fermata / arresto;Conducente;M;Illeso;0;;;
5634155;1;09/10/2021 00:15:00;Strada Urbana;LUNGOTEVERE DEI TEBALDI;in prossimit�;;del civico n.;14;;Veicolo in marcia contro veicolo in sosta;Rettilineo;Una carreggiata a senso unico di marcia;Asciutto;Asfaltata;Verticale ed orizzontale;Sereno;Normale;Buona;;0;0;0;1;;;0;2;Quadriciclo leggero;Sosta;;;;;;;
5634155;1;09/10/2021 00:15:00;Strada Urbana;LUNGOTEVERE DEI TEBALDI;in prossimit�;;del civico n.;14;;Veicolo in marcia contro veicolo in sosta;Rettilineo;Una carreggiata a senso unico di marcia;Asciutto;Asfaltata;Verticale ed orizzontale;Sereno;Normale;Buona;;0;0;0;1;;;0;3;Autovettura privata;Sosta;;;;;;;
5634155;1;09/10/2021 00:15:00;Strada Urbana;LUNGOTEVERE DEI TEBALDI;in prossimit�;;del civico n.;14;;Veicolo in marcia contro veicolo in sosta;Rettilineo;Una carreggiata a senso unico di marcia;Asciutto;Asfaltata;Verticale ed orizzontale;Sereno;Normale;Buona;;0;0;0;1;;;0;4;Autovettura privata;In marcia / fermata / arresto;;;;;;;
5634161;15;08/10/2021 16:05:00;Strada Urbana;VIA DEL TRULLO;da specificare;;;;fronte civico 326;Investimento di pedone;Rettilineo;Due carreggiate;Asciutto;Asfaltata;Verticale ed orizzontale;Sereno;Normale;Buona;;1;0;0;2;12.4368;41.843;-1;;;;Pedone;M;Rimandato;0;NON DECEDUTO;;
5634161;15;08/10/2021 16:05:00;Strada Urbana;VIA DEL TRULLO;da specificare;;;;fronte civico 326;Investimento di pedone;Rettilineo;Due carreggiate;Asciutto;Asfaltata;Verticale ed orizzontale;Sereno;Normale;Buona;;1;0;0;2;12.4368;41.843;-1;1;Autovettura privata;In marcia / fermata / arresto;Conducente;F;Illeso;0;;Non accertato;Inesploso
5634161;15;08/10/2021 16:05:00;Strada Urbana;VIA DEL TRULLO;da specificare;;;;fronte civico 326;Investimento di pedone;Rettilineo;Due carreggiate;Asciutto;Asfaltata;Verticale ed orizzontale;Sereno;Normale;Buona;;1;0;0;2;12.4368;41.843;-1;1;Autovettura privata;In marcia / fermata / arresto;Passeggero;M;Illeso;0;;Non accertato;Inesploso
5634165;11;09/10/2021 03:00:00;Strada Urbana;VICOLO DELLE SETTE CHIESE;in prossimit�;;del civico n.;14;;Infortunio per sola frenata improvvisa;Rettilineo;Una carreggiata a senso unico di marcia;Asciutto;Asfaltata;Verticale;Sereno;Scarso;Buona;;2;0;0;0;12.512;41.8571;-1;1;Motociclo con passeggero;In marcia / fermata / arresto;Passeggero;F;Rimandato;0;NON DECEDUTO;Non accertato;
5634165;11;09/10/2021 03:00:00;Strada Urbana;VICOLO DELLE SETTE CHIESE;in prossimit�;;del civico n.;14;;Infortunio per sola frenata improvvisa;Rettilineo;Una carreggiata a senso unico di marcia;Asciutto;Asfaltata;Verticale;Sereno;Scarso;Buona;;2;0;0;0;12.512;41.8571;-1;1;Motociclo con passeggero;In marcia / fermata / arresto;Conducente;M;Rimandato;0;NON DECEDUTO;Non accertato;
5634167;15;08/10/2021 19:45:00;Strada Urbana;PIAZZA ENRICO FERMI;da specificare;;;;fronte civico 23;Tamponamento Multiplo;Rettilineo;Due carreggiate;Asciutto;Asfaltata;Verticale ed orizzontale;Sereno;Normale;Buona;;0;0;0;4;12.4696;41.8643;-1;1;Autovettura privata;In marcia / fermata / arresto;Passeggero;F;Illeso;0;;Non accertato;Inesploso
5634167;15;08/10/2021 19:45:00;Strada Urbana;PIAZZA ENRICO FERMI;da specificare;;;;fronte civico 23;Tamponamento Multiplo;Rettilineo;Due carreggiate;Asciutto;Asfaltata;Verticale ed orizzontale;Sereno;Normale;Buona;;0;0;0;4;12.4696;41.8643;-1;1;Autovettura privata;In marcia / fermata / arresto;Conducente;M;Illeso;0;;Non accertato;Inesploso
5634167;15;08/10/2021 19:45:00;Strada Urbana;PIAZZA ENRICO FERMI;da specificare;;;;fronte civico 23;Tamponamento Multiplo;Rettilineo;Due carreggiate;Asciutto;Asfaltata;Verticale ed orizzontale;Sereno;Normale;Buona;;0;0;0;4;12.4696;41.8643;-1;2;Autovettura privata;In marcia / fermata / arresto;Conducente;M;Illeso;0;;Non accertato;Inesploso
5634167;15;08/10/2021 19:45:00;Strada Urbana;PIAZZA ENRICO FERMI;da specificare;;;;fronte civico 23;Tamponamento Multiplo;Rettilineo;Due carreggiate;Asciutto;Asfaltata;Verticale ed orizzontale;Sereno;Normale;Buona;;0;0;0;4;12.4696;41.8643;-1;3;Autovettura pubblica;In marcia / fermata / arresto;Conducente;M;Illeso;0;;Non accertato;Inesploso
5634172;11;08/10/2021 23:40:00;Strada Urbana;RIVA OSTIENSE;da specificare;;;;ALL'INTERSEZIONE CON PONTE DELLA SCIENZA;Veicolo in marcia contro ostacolo fisso;Rettilineo;Una carreggiata a doppio senso;Asciutto;Asfaltata;Verticale ed orizzontale;Nuvoloso;Scarso;Buona;;1;0;0;1;12.4745;41.8688;-1;1;Motociclo a solo;In marcia / fermata / arresto;Conducente;M;Illeso;0;;Non accertato;
5634172;11;08/10/2021 23:40:00;Strada Urbana;RIVA OSTIENSE;da specificare;;;;ALL'INTERSEZIONE CON PONTE DELLA SCIENZA;Veicolo in marcia contro ostacolo fisso;Rettilineo;Una carreggiata a doppio senso;Asciutto;Asfaltata;Verticale ed orizzontale;Nuvoloso;Scarso;Buona;;1;0;0;1;12.4745;41.8688;-1;1;Motociclo a solo;In marcia / fermata / arresto;Passeggero;M;Rimandato;0;NON DECEDUTO;Non accertato;
5634175;15;08/10/2021 19:15:00;Strada Urbana;VIA VINCENZO STATELLA;da specificare;;;;fronte civico 19;Investimento di pedone;Rettilineo;Una carreggiata a doppio senso;Asciutto;Asfaltata;Verticale ed orizzontale;Sereno;Normale;Buona;;1;0;0;1;12.4511;41.8535;-1;;;;Pedone;F;Rimandato;0;NON DECEDUTO;;
5634175;15;08/10/2021 19:15:00;Strada Urbana;VIA VINCENZO STATELLA;da specificare;;;;fronte civico 19;Investimento di pedone;Rettilineo;Una carreggiata a doppio senso;Asciutto;Asfaltata;Verticale ed orizzontale;Sereno;Normale;Buona;;1;0;0;1;12.4511;41.8535;-1;1;Motociclo a solo;In marcia / fermata / arresto;Conducente;M;Illeso;0;;Non accertato;
5634177;11;08/10/2021 09:00:00;Strada Urbana;VIA TITO OMBONI;in corrispondenza;;del civico n.;21;;Veicolo in marcia contro ostacolo accidentale;Rettilineo;Due carreggiate;Asciutto;Asfaltata;Orizzontale;Nebbia;Scarso;Buona;;0;0;0;1;12.4991;41.863;-1;1;Autovettura privata;In marcia / fermata / arresto;Conducente;F;Illeso;0;;;
5634193;11;08/10/2021 15:05:00;Strada Urbana;VIA VITTORE CARPACCIO;all'intersezione con;VIA ACCADEMIA TIBERINA;VIA ACCADEMIA TIBERINA;;;Scontro frontale/laterale SX fra veicoli in marcia;Intersezione stradale segnalata;Una carreggiata a doppio senso;Asciutto;Asfaltata;Orizzontale;Sereno;Scarso;Buona;;0;0;0;2;12.4923;41.8476;-1;1;Autovettura privata;In marcia / fermata / arresto;Conducente;F;Illeso;0;;Non accertato;
5634193;11;08/10/2021 15:05:00;Strada Urbana;VIA VITTORE CARPACCIO;all'intersezione con;VIA ACCADEMIA TIBERINA;VIA ACCADEMIA TIBERINA;;;Scontro frontale/laterale SX fra veicoli in marcia;Intersezione stradale segnalata;Una carreggiata a doppio senso;Asciutto;Asfaltata;Orizzontale;Sereno;Scarso;Buona;;0;0;0;2;12.4923;41.8476;-1;2;Autovettura privata;In marcia / fermata / arresto;Conducente;M;Illeso;0;;Non accertato;
5634213;11;08/10/2021 20:00:00;Strada Urbana;VIALE GUGLIELMO MARCONI;in prossimit�;;del civico n.;905;;Veicolo in marcia contro veicolo in sosta;Rettilineo;Due carreggiate;Asciutto;Asfaltata;Verticale ed orizzontale;Sereno;Scarso;Buona;;0;0;0;1;12.4758;41.8472;-1;1;Autovettura privata;In marcia / fermata / arresto;Conducente;F;Illeso;0;;Non accertato;
5634213;11;08/10/2021 20:00:00;Strada Urbana;VIALE GUGLIELMO MARCONI;in prossimit�;;del civico n.;905;;Veicolo in marcia contro veicolo in sosta;Rettilineo;Due carreggiate;Asciutto;Asfaltata;Verticale ed orizzontale;Sereno;Scarso;Buona;;0;0;0;1;12.4758;41.8472;-1;2;Autovettura privata;Sosta;;;;;;;
5634267;1;08/10/2021 20:35:00;Strada Urbana;LUNGOTEVERE DEGLI ANGUILLARA;all'intersezione semaforizzata con;PIAZZA GIUSEPPE GIOACHINO BELLI;PIAZZA GIUSEPPE GIOACHINO BELLI;;;Scontro laterale fra veicoli in marcia;Intersezione semaforizzata;Una carreggiata a senso unico di marcia;Asciutto;Asfaltata;Verticale ed orizzontale;Sereno;Normale;Sufficiente;;1;0;0;3;12.4745;41.8903;-1;1;Autovettura privata;In marcia / fermata / arresto;Conducente;M;Illeso;0;;;
5634267;1;08/10/2021 20:35:00;Strada Urbana;LUNGOTEVERE DEGLI ANGUILLARA;all'intersezione semaforizzata con;PIAZZA GIUSEPPE GIOACHINO BELLI;PIAZZA GIUSEPPE GIOACHINO BELLI;;;Scontro laterale fra veicoli in marcia;Intersezione semaforizzata;Una carreggiata a senso unico di marcia;Asciutto;Asfaltata;Verticale ed orizzontale;Sereno;Normale;Sufficiente;;1;0;0;3;12.4745;41.8903;-1;1;Autovettura privata;In marcia / fermata / arresto;Passeggero;F;Illeso;0;;;
5634267;1;08/10/2021 20:35:00;Strada Urbana;LUNGOTEVERE DEGLI ANGUILLARA;all'intersezione semaforizzata con;PIAZZA GIUSEPPE GIOACHINO BELLI;PIAZZA GIUSEPPE GIOACHINO BELLI;;;Scontro laterale fra veicoli in marcia;Intersezione semaforizzata;Una carreggiata a senso unico di marcia;Asciutto;Asfaltata;Verticale ed orizzontale;Sereno;Normale;Sufficiente;;1;0;0;3;12.4745;41.8903;-1;2;Motociclo con passeggero;In marcia / fermata / arresto;Passeggero;F;Illeso;0;;;
5634267;1;08/10/2021 20:35:00;Strada Urbana;LUNGOTEVERE DEGLI ANGUILLARA;all'intersezione semaforizzata con;PIAZZA GIUSEPPE GIOACHINO BELLI;PIAZZA GIUSEPPE GIOACHINO BELLI;;;Scontro laterale fra veicoli in marcia;Intersezione semaforizzata;Una carreggiata a senso unico di marcia;Asciutto;Asfaltata;Verticale ed orizzontale;Sereno;Normale;Sufficiente;;1;0;0;3;12.4745;41.8903;-1;2;Motociclo con passeggero;In marcia / fermata / arresto;Conducente;M;Rifiuta cure immediate;0;NON DECEDUTO;;
5634278;8;08/10/2021 13:10:00;Strada Urbana;VIA MONSIGNOR PIETRO ORSI;da specificare;;;;alt. intersezione con LARGO MONSIGNOR R. MICCOLI;Veicolo in marcia che urta buche nella carreggiata;Rettilineo;Una carreggiata a doppio senso;Asciutto;Strada pavimentata dissestata;Verticale ed orizzontale;Nuvoloso;Normale;Buona;;0;0;0;1;12.6708;41.9052;-1;1;Autovettura privata;In marcia / fermata / arresto;Conducente;F;Illeso;0;;;
5634294;8;08/10/2021 17:15:00;Strada Urbana;VIA ANGELO MARABINI;in prossimit�;;del civico n.;64;;Scontro laterale fra veicoli in marcia;Rettilineo;Una carreggiata a senso unico di marcia;Asciutto;Asfaltata;Assente;Sereno;Intenso;Buona;;0;0;0;1;12.6487;41.8646;-1;1;Autovettura privata;In marcia / fermata / arresto;Conducente;F;Illeso;0;;;
5634294;8;08/10/2021 17:15:00;Strada Urbana;VIA ANGELO MARABINI;in prossimit�;;del civico n.;64;;Scontro laterale fra veicoli in marcia;Rettilineo;Una carreggiata a senso unico di marcia;Asciutto;Asfaltata;Assente;Sereno;Intenso;Buona;;0;0;0;1;12.6487;41.8646;-1;2;Autovettura privata;In marcia / fermata / arresto;;;;;;;
5634303;20;08/10/2021 13:15:00;Strada Urbana;VIA FRASSINETO;in prossimit�;;del civico n.;315;;Scontro frontale/laterale DX fra veicoli in marcia;Rettilineo;Una carreggiata a doppio senso;Asciutto;Asfaltata;Assente;Sereno;Scarso;Buona;;0;0;0;6;12.4815;42.002;-1;1;Autovettura privata;In marcia / fermata / arresto;Passeggero;M;Illeso;0;;;
5634303;20;08/10/2021 13:15:00;Strada Urbana;VIA FRASSINETO;in prossimit�;;del civico n.;315;;Scontro frontale/laterale DX fra veicoli in marcia;Rettilineo;Una carreggiata a doppio senso;Asciutto;Asfaltata;Assente;Sereno;Scarso;Buona;;0;0;0;6;12.4815;42.002;-1;1;Autovettura privata;In marcia / fermata / arresto;Conducente;M;Illeso;0;;Non accertato;Inesploso
5634303;20;08/10/2021 13:15:00;Strada Urbana;VIA FRASSINETO;in prossimit�;;del civico n.;315;;Scontro frontale/laterale DX fra veicoli in marcia;Rettilineo;Una carreggiata a doppio senso;Asciutto;Asfaltata;Assente;Sereno;Scarso;Buona;;0;0;0;6;12.4815;42.002;-1;1;Autovettura privata;In marcia / fermata / arresto;Passeggero;M;Illeso;0;;;
5634303;20;08/10/2021 13:15:00;Strada Urbana;VIA FRASSINETO;in prossimit�;;del civico n.;315;;Scontro frontale/laterale DX fra veicoli in marcia;Rettilineo;Una carreggiata a doppio senso;Asciutto;Asfaltata;Assente;Sereno;Scarso;Buona;;0;0;0;6;12.4815;42.002;-1;2;Autovettura privata;In marcia / fermata / arresto;Conducente;M;Illeso;0;;Non accertato;Inesploso
5634303;20;08/10/2021 13:15:00;Strada Urbana;VIA FRASSINETO;in prossimit�;;del civico n.;315;;Scontro frontale/laterale DX fra veicoli in marcia;Rettilineo;Una carreggiata a doppio senso;Asciutto;Asfaltata;Assente;Sereno;Scarso;Buona;;0;0;0;6;12.4815;42.002;-1;2;Autovettura privata;In marcia / fermata / arresto;Passeggero;M;Illeso;0;;;
5634303;20;08/10/2021 13:15:00;Strada Urbana;VIA FRASSINETO;in prossimit�;;del civico n.;315;;Scontro frontale/laterale DX fra veicoli in marcia;Rettilineo;Una carreggiata a doppio senso;Asciutto;Asfaltata;Assente;Sereno;Scarso;Buona;;0;0;0;6;12.4815;42.002;-1;2;Autovettura privata;In marcia / fermata / arresto;Passeggero;M;Illeso;0;;;
5634308;13;08/10/2021 11:00:00;Strada Urbana;VIA DI MACCHIA SAPONARA;all'intersezione con;VIA DI PRATO CORNELIO;VIA DI PRATO CORNELIO;;;Scontro frontale/laterale DX fra veicoli in marcia;Incrocio;Una carreggiata a doppio senso;Asciutto;Asfaltata;Verticale;Nuvoloso;Normale;Sufficiente;;0;0;0;3;12.3531;41.7747;-1;1;Autovettura privata;In marcia / fermata / arresto;Conducente;F;Illeso;0;;Non accertato;Inesploso
5634308;13;08/10/2021 11:00:00;Strada Urbana;VIA DI MACCHIA SAPONARA;all'intersezione con;VIA DI PRATO CORNELIO;VIA DI PRATO CORNELIO;;;Scontro frontale/laterale DX fra veicoli in marcia;Incrocio;Una carreggiata a doppio senso;Asciutto;Asfaltata;Verticale;Nuvoloso;Normale;Sufficiente;;0;0;0;3;12.3531;41.7747;-1;2;Autovettura privata;In marcia / fermata / arresto;Passeggero;F;Illeso;0;;Non accertato;Inesploso
5634308;13;08/10/2021 11:00:00;Strada Urbana;VIA DI MACCHIA SAPONARA;all'intersezione con;VIA DI PRATO CORNELIO;VIA DI PRATO CORNELIO;;;Scontro frontale/laterale DX fra veicoli in marcia;Incrocio;Una carreggiata a doppio senso;Asciutto;Asfaltata;Verticale;Nuvoloso;Normale;Sufficiente;;0;0;0;3;12.3531;41.7747;-1;2;Autovettura privata;In marcia / fermata / arresto;Conducente;M;Illeso;0;;Non accertato;Inesploso
5634309;13;08/10/2021 11:35:00;Strada Urbana;VIA CAPO SPARTIVENTO;in corrispondenza;;del civico n.;169;;Scontro frontale/laterale SX fra veicoli in marcia;Rettilineo;Due carreggiate;Asciutto;Asfaltata;Orizzontale;Nuvoloso;Normale;Buona;;0;0;0;2;12.2867;41.739;-1;1;Autovettura privata;In marcia / fermata / arresto;Conducente;F;Illeso;0;;Non accertato;Inesploso
5634309;13;08/10/2021 11:35:00;Strada Urbana;VIA CAPO SPARTIVENTO;in corrispondenza;;del civico n.;169;;Scontro frontale/laterale SX fra veicoli in marcia;Rettilineo;Due carreggiate;Asciutto;Asfaltata;Orizzontale;Nuvoloso;Normale;Buona;;0;0;0;2;12.2867;41.739;-1;2;Autovettura privata;In marcia / fermata / arresto;Conducente;F;Illeso;0;;Non accertato;Inesploso
5634311;13;08/10/2021 12:00:00;Strada Urbana;PIAZZA ESCHILO;in corrispondenza;;del civico n.;82;;Investimento di pedone;Rettilineo;Una carreggiata a doppio senso;Asciutto;Asfaltata;Assente;Sereno;Scarso;Buona;;1;0;0;1;12.373;41.7692;-1;;;;Pedone;M;Rimandato;0;NON DECEDUTO;;
5634311;13;08/10/2021 12:00:00;Strada Urbana;PIAZZA ESCHILO;in corrispondenza;;del civico n.;82;;Investimento di pedone;Rettilineo;Una carreggiata a doppio senso;Asciutto;Asfaltata;Assente;Sereno;Scarso;Buona;;1;0;0;1;12.373;41.7692;-1;1;Autovettura privata;In marcia / fermata / arresto;Conducente;M;Illeso;0;;Non accertato;Inesploso
5634318;13;08/10/2021 17:15:00;Strada Urbana;VIALE PAOLO ORLANDO;all'intersezione semaforizzata con;VIALE DELLA VITTORIA;VIALE DELLA VITTORIA;;;Scontro frontale fra veicoli in marcia;Intersezione semaforizzata;Due carreggiate;Asciutto;Asfaltata;Verticale ed orizzontale;Sereno;Normale;Sufficiente;;0;0;0;2;12.2858;41.731;-1;1;Autovettura privata;In marcia / fermata / arresto;Conducente;M;Illeso;0;;Non accertato;Inesploso
5634318;13;08/10/2021 17:15:00;Strada Urbana;VIALE PAOLO ORLANDO;all'intersezione semaforizzata con;VIALE DELLA VITTORIA;VIALE DELLA VITTORIA;;;Scontro frontale fra veicoli in marcia;Intersezione semaforizzata;Due carreggiate;Asciutto;Asfaltata;Verticale ed orizzontale;Sereno;Normale;Sufficiente;;0;0;0;2;12.2858;41.731;-1;2;Autovettura privata;In marcia / fermata / arresto;Conducente;F;Illeso;0;;Non accertato;Inesploso
5634320;20;08/10/2021 08:05:00;Regionale;VIA FLAMINIA;da specificare;;;;ALTEZZA RAMPA IMMISSIONE GRA DIR CENTRO;Scontro laterale fra veicoli in marcia;Curva senza visuale libera;Due carreggiate;Asciutto;Asfaltata;Verticale ed orizzontale;Nuvoloso;Intenso;Buona;;0;0;0;2;12.4718;41.9419;-1;1;Autovettura privata;In marcia / fermata / arresto;Conducente;M;Illeso;0;;Non accertato;Inesploso
5634320;20;08/10/2021 08:05:00;Regionale;VIA FLAMINIA;da specificare;;;;ALTEZZA RAMPA IMMISSIONE GRA DIR CENTRO;Scontro laterale fra veicoli in marcia;Curva senza visuale libera;Due carreggiate;Asciutto;Asfaltata;Verticale ed orizzontale;Nuvoloso;Intenso;Buona;;0;0;0;2;12.4718;41.9419;-1;2;Autovettura privata;In marcia / fermata / arresto;Conducente;M;Illeso;0;;Non accertato;Inesploso
5634322;13;08/10/2021 19:30:00;Strada Urbana;VIA CRISTOFORO COLOMBO;in corrispondenza;;della chilometrica;21.1;;Tamponamento;Rettilineo;Una carreggiata a senso unico di marcia;Asciutto;Asfaltata;Verticale ed orizzontale;Sereno;Intenso;Sufficiente;;1;0;0;2;12.4536;41.8089;-1;1;Autovettura privata;In marcia / fermata / arresto;Passeggero;F;Illeso;0;;Non accertato;Inesploso
5634322;13;08/10/2021 19:30:00;Strada Urbana;VIA CRISTOFORO COLOMBO;in corrispondenza;;della chilometrica;21.1;;Tamponamento;Rettilineo;Una carreggiata a senso unico di marcia;Asciutto;Asfaltata;Verticale ed orizzontale;Sereno;Intenso;Sufficiente;;1;0;0;2;12.4536;41.8089;-1;1;Autovettura privata;In marcia / fermata / arresto;Conducente;M;Rimandato;0;NON DECEDUTO;Non accertato;Inesploso
5634322;13;08/10/2021 19:30:00;Strada Urbana;VIA CRISTOFORO COLOMBO;in corrispondenza;;della chilometrica;21.1;;Tamponamento;Rettilineo;Una carreggiata a senso unico di marcia;Asciutto;Asfaltata;Verticale ed orizzontale;Sereno;Intenso;Sufficiente;;1;0;0;2;12.4536;41.8089;-1;2;Autovettura privata;In marcia / fermata / arresto;Conducente;M;Illeso;0;;Non accertato;Inesploso
5634324;8;08/10/2021 19:00:00;Strada Urbana;VIA DI TORRENOVA;in prossimit�;;del civico n.;159 A;;Investimento di pedone;Rettilineo;Una carreggiata a doppio senso;Asciutto;Asfaltata;Verticale;Sereno;Intenso;Buona;;1;0;0;1;12.6193;41.8749;-1;;;;Pedone;F;Rifiuta cure immediate;0;NON DECEDUTO;;
5634324;8;08/10/2021 19:00:00;Strada Urbana;VIA DI TORRENOVA;in prossimit�;;del civico n.;159 A;;Investimento di pedone;Rettilineo;Una carreggiata a doppio senso;Asciutto;Asfaltata;Verticale;Sereno;Intenso;Buona;;1;0;0;1;12.6193;41.8749;-1;1;Autovettura privata;In marcia / fermata / arresto;Conducente;M;Illeso;0;;Non accertato;Inesploso
5634334;20;08/10/2021 17:40:00;Strada Urbana;VIA DELLA CAMILLUCCIA;all'intersezione con;VIA STRESA;VIA STRESA;;;Scontro frontale/laterale DX fra veicoli in marcia;Incrocio;Una carreggiata a doppio senso;Asciutto;Asfaltata;Verticale ed orizzontale;Nuvoloso;Normale;Buona;;1;0;0;1;12.4489;41.943;-1;1;Autovettura privata;In marcia / fermata / arresto;Conducente;F;Illeso;0;;Non accertato;
5634334;20;08/10/2021 17:40:00;Strada Urbana;VIA DELLA CAMILLUCCIA;all'intersezione con;VIA STRESA;VIA STRESA;;;Scontro frontale/laterale DX fra veicoli in marcia;Incrocio;Una carreggiata a doppio senso;Asciutto;Asfaltata;Verticale ed orizzontale;Nuvoloso;Normale;Buona;;1;0;0;1;12.4489;41.943;-1;2;Motociclo a solo;In marcia / fermata / arresto;Conducente;M;Rimandato;0;NON DECEDUTO;;
5634346;8;09/10/2021 04:10:00;;VIA EMANUELE CARNEVALE;in prossimit�;;del civico n.;65;;Scontro laterale fra veicoli in marcia;;;;;;;;;;3;0;0;0;;;0;1;Autovettura di polizia;In marcia / fermata / arresto;Conducente;M;Rifiuta cure immediate;0;NON DECEDUTO;;
5634346;8;09/10/2021 04:10:00;;VIA EMANUELE CARNEVALE;in prossimit�;;del civico n.;65;;Scontro laterale fra veicoli in marcia;;;;;;;;;;3;0;0;0;;;0;1;Autovettura di polizia;In marcia / fermata / arresto;Passeggero;M;Rifiuta cure immediate;0;NON DECEDUTO;;
5634346;8;09/10/2021 04:10:00;;VIA EMANUELE CARNEVALE;in prossimit�;;del civico n.;65;;Scontro laterale fra veicoli in marcia;;;;;;;;;;3;0;0;0;;;0;2;Autovettura privata;In marcia / fermata / arresto;Conducente;M;Rifiuta cure immediate;0;NON DECEDUTO;;Esploso
5634347;20;08/10/2021 19:55:00;Strada Urbana;LARGO DI VIGNA STELLUTI;da specificare;;;;FRONTE CIVICO 4;Veicolo in marcia contro veicolo in sosta;Rettilineo;Una carreggiata a senso unico di marcia;Asciutto;Asfaltata;Orizzontale;Sereno;Scarso;Buona;;0;0;0;1;12.4658;41.9477;-1;1;Quadriciclo leggero;In marcia / fermata / arresto;Conducente;M;Illeso;0;;Non accertato;
5634347;20;08/10/2021 19:55:00;Strada Urbana;LARGO DI VIGNA STELLUTI;da specificare;;;;FRONTE CIVICO 4;Veicolo in marcia contro veicolo in sosta;Rettilineo;Una carreggiata a senso unico di marcia;Asciutto;Asfaltata;Orizzontale;Sereno;Scarso;Buona;;0;0;0;1;12.4658;41.9477;-1;2;Autovettura privata;Sosta;;;;;;;
5634353;1;08/10/2021 15:10:00;Strada Urbana;VIA MARIA CRISTINA;in corrispondenza;;del civico n.;4;;Veicolo in marcia contro ostacolo accidentale;Rettilineo;Una carreggiata a senso unico di marcia;Asciutto;Asfaltata;Orizzontale;Sereno;Scarso;Buona;;0;0;0;3;12.4739;41.9108;-1;1;Autovettura privata;In marcia / fermata / arresto;Conducente;F;Illeso;0;;Non accertato;Inesploso
5634353;1;08/10/2021 15:10:00;Strada Urbana;VIA MARIA CRISTINA;in corrispondenza;;del civico n.;4;;Veicolo in marcia contro ostacolo accidentale;Rettilineo;Una carreggiata a senso unico di marcia;Asciutto;Asfaltata;Orizzontale;Sereno;Scarso;Buona;;0;0;0;3;12.4739;41.9108;-1;1;Autovettura privata;In marcia / fermata / arresto;Passeggero;F;Illeso;0;;Non accertato;Inesploso
5634353;1;08/10/2021 15:10:00;Strada Urbana;VIA MARIA CRISTINA;in corrispondenza;;del civico n.;4;;Veicolo in marcia contro ostacolo accidentale;Rettilineo;Una carreggiata a senso unico di marcia;Asciutto;Asfaltata;Orizzontale;Sereno;Scarso;Buona;;0;0;0;3;12.4739;41.9108;-1;2;Autovettura privata;In marcia / fermata / arresto;Conducente;M;Illeso;0;;Non accertato;Inesploso