Protocollo;Gruppo;DataOraIncidente;Localizzazione1;STRADA1;Localizzazione2;STRADA2;Strada02;Chilometrica;DaSpecificare;NaturaIncidente;particolaritastrade;TipoStrada;FondoStradale;Pavimentazione;Segnaletica;CondizioneAtmosferica;Traffico;Visibilita;Illuminazione;NUM_FERITI;NUM_RISERVATA;NUM_MORTI;NUM_ILLESI;Longitudine;Latitudine;Confermato;Progressivo;TipoVeicolo;StatoVeicolo;TipoPersona;Sesso;Tipolesione;Deceduto;DecedutoDopo;CinturaCascoUtilizzato;Airbag;
5639137;17;11/10/2021 10:20:00;Strada Urbana;VIA FABIO MASSIMO;all'intersezione con;VIA GERMANICO;VIA GERMANICO;;;Scontro laterale fra veicoli in marcia;Incrocio;Una carreggiata a senso unico di marcia;Bagnato (pioggia);Asfaltata;Verticale ed orizzontale;Pioggia in atto;Intenso;Buona;;0;0;0;3;12.4622;41.9088;0;1;Autovettura privata;In marcia / fermata / arresto;Conducente;M;Illeso;0;;Non accertato;Inesploso
5639137;17;11/10/2021 10:20:00;Strada Urbana;VIA FABIO MASSIMO;all'intersezione con;VIA GERMANICO;VIA GERMANICO;;;Scontro laterale fra veicoli in marcia;Incrocio;Una carreggiata a senso unico di marcia;Bagnato (pioggia);Asfaltata;Verticale ed orizzontale;Pioggia in atto;Intenso;Buona;;0;0;0;3;12.4622;41.9088;0;1;Autovettura privata;In marcia / fermata / arresto;Passeggero;F;Illeso;0;;Non accertato;Inesploso
5639137;17;11/10/2021 10:20:00;Strada Urbana;VIA FABIO MASSIMO;all'intersezione con;VIA GERMANICO;VIA GERMANICO;;;Scontro laterale fra veicoli in marcia;Incrocio;Una carreggiata a senso unico di marcia;Bagnato (pioggia);Asfaltata;Verticale ed orizzontale;Pioggia in atto;Intenso;Buona;;0;0;0;3;12.4622;41.9088;0;2;Autovettura privata;In marcia / fermata / arresto;Conducente;F;Illeso;0;;Non accertato;Inesploso
5639149;13;12/10/2021 08:50:00;Strada Urbana;VIALE AMMIRAGLIO DEL BONO;in corrispondenza;;del civico n.;67;;Scontro frontale/laterale SX fra veicoli in marcia;Rettilineo;Una carreggiata a doppio senso;Asciutto;Asfaltata;Assente;Sereno;Normale;Buona;;0;0;0;2;12.2831;41.7369;-1;1;Autovettura privata;In marcia / fermata / arresto;Conducente;M;Illeso;0;;Non accertato;Inesploso
5639149;13;12/10/2021 08:50:00;Strada Urbana;VIALE AMMIRAGLIO DEL BONO;in corrispondenza;;del civico n.;67;;Scontro frontale/laterale SX fra veicoli in marcia;Rettilineo;Una carreggiata a doppio senso;Asciutto;Asfaltata;Assente;Sereno;Normale;Buona;;0;0;0;2;12.2831;41.7369;-1;2;Autovettura privata;In marcia / fermata / arresto;Conducente;F;Illeso;0;;Non accertato;Inesploso
5639160;2;12/10/2021 07:20:00;Strada Urbana;VIA PINCIANA;all'intersezione semaforizzata con;VIA GIACOMO PUCCINI;VIA GIACOMO PUCCINI;;;Scontro frontale/laterale SX fra veicoli in marcia;Intersezione semaforizzata;Una carreggiata a doppio senso;Bagnato (umidit� in atto);Asfaltata;Verticale ed orizzontale;Nuvoloso;Normale;Buona;;1;0;0;1;12.4925;41.9122;-1;1;Motociclo a solo;In marcia / fermata / arresto;Conducente;M;Illeso;0;;;
5639160;2;12/10/2021 07:20:00;Strada Urbana;VIA PINCIANA;all'intersezione semaforizzata con;VIA GIACOMO PUCCINI;VIA GIACOMO PUCCINI;;;Scontro frontale/laterale SX fra veicoli in marcia;Intersezione semaforizzata;Una carreggiata a doppio senso;Bagnato (umidit� in atto);Asfaltata;Verticale ed orizzontale;Nuvoloso;Normale;Buona;;1;0;0;1;12.4925;41.9122;-1;2;Autovettura privata;In marcia / fermata / arresto;Conducente;M;Rifiuta cure immediate;0;NON DECEDUTO;Non accertato;Inesistente
5639165;1;12/10/2021 10:00:00;Strada Urbana;VIA CAVOUR;all'intersezione con;LARGO VISCONTI VENOSTA;LARGO VISCONTI VENOSTA;;;Scontro laterale fra veicoli in marcia;Incrocio;Una carreggiata a doppio senso;Asciutto;Asfaltata;Verticale ed orizzontale;Sereno;Normale;Buona;;0;0;0;3;12.4937;41.895;-1;1;Autovettura pubblica;In marcia / fermata / arresto;Conducente;M;Illeso;0;;Non accertato;Inesploso
5639165;1;12/10/2021 10:00:00;Strada Urbana;VIA CAVOUR;all'intersezione con;LARGO VISCONTI VENOSTA;LARGO VISCONTI VENOSTA;;;Scontro laterale fra veicoli in marcia;Incrocio;Una carreggiata a doppio senso;Asciutto;Asfaltata;Verticale ed orizzontale;Sereno;Normale;Buona;;0;0;0;3;12.4937;41.895;-1;2;Autovettura privata;In marcia / fermata / arresto;Conducente;M;Illeso;0;;Non accertato;Inesploso
5639165;1;12/10/2021 10:00:00;Strada Urbana;VIA CAVOUR;all'intersezione con;LARGO VISCONTI VENOSTA;LARGO VISCONTI VENOSTA;;;Scontro laterale fra veicoli in marcia;Incrocio;Una carreggiata a doppio senso;Asciutto;Asfaltata;Verticale ed orizzontale;Sereno;Normale;Buona;;0;0;0;3;12.4937;41.895;-1;2;Autovettura privata;In marcia / fermata / arresto;Passeggero;F;Illeso;0;;Non accertato;Inesploso
5639182;6;09/10/2021 10:30:00;Strada Urbana;VIALE DELLA PRIMAVERA;da specificare;;;;fronte numero civico 300;Scontro laterale fra veicoli in marcia;Rettilineo;Una carreggiata a doppio senso;Asciutto;Asfaltata;Verticale ed orizzontale;Sereno;Normale;Buona;;1;0;0;1;12.5595;41.8794;-1;1;Autovettura privata;In marcia / fermata / arresto;Conducente;M;Illeso;0;;Non accertato;Inesploso
5639182;6;09/10/2021 10:30:00;Strada Urbana;VIALE DELLA PRIMAVERA;da specificare;;;;fronte numero civico 300;Scontro laterale fra veicoli in marcia;Rettilineo;Una carreggiata a doppio senso;Asciutto;Asfaltata;Verticale ed orizzontale;Sereno;Normale;Buona;;1;0;0;1;12.5595;41.8794;-1;2;Motociclo a solo;In marcia / fermata / arresto;Conducente;M;Rimandato;0;NON DECEDUTO;Non accertato;
5639184;2;12/10/2021 09:30:00;Strada Urbana;VIALE DEL MURO TORTO;in prossimit�;;del palo luce n.;15;;Tamponamento;Rettilineo;Due carreggiate;Asciutto;Asfaltata;Verticale ed orizzontale;Nuvoloso;Normale;Buona;;1;0;0;1;12.4817;41.9107;-1;1;Motociclo a solo;In marcia / fermata / arresto;Conducente;F;Rimandato;0;NON DECEDUTO;Non accertato;
5639184;2;12/10/2021 09:30:00;Strada Urbana;VIALE DEL MURO TORTO;in prossimit�;;del palo luce n.;15;;Tamponamento;Rettilineo;Due carreggiate;Asciutto;Asfaltata;Verticale ed orizzontale;Nuvoloso;Normale;Buona;;1;0;0;1;12.4817;41.9107;-1;2;Autocarro inferiore 35 q.;In marcia / fermata / arresto;Conducente;M;Illeso;0;;Non accertato;Inesploso
5639187;4;11/10/2021 20:55:00;Strada Urbana;VIA SCARPANTO;all'intersezione con;VIA STAMPALIA;VIA STAMPALIA;;;Scontro laterale fra veicoli in marcia;Incrocio;Una carreggiata a senso unico di marcia;Asciutto;Asfaltata;Verticale;Sereno;Scarso;Buona;;2;0;0;1;12.5275;41.9476;-1;1;Autovettura privata;In marcia / fermata / arresto;Conducente;F;Illeso;0;;;
5639187;4;11/10/2021 20:55:00;Strada Urbana;VIA SCARPANTO;all'intersezione con;VIA STAMPALIA;VIA STAMPALIA;;;Scontro laterale fra veicoli in marcia;Incrocio;Una carreggiata a senso unico di marcia;Asciutto;Asfaltata;Verticale;Sereno;Scarso;Buona;;2;0;0;1;12.5275;41.9476;-1;2;Autovettura privata;In marcia / fermata / arresto;Passeggero;M;Rifiuta cure immediate;0;NON DECEDUTO;;
5639187;4;11/10/2021 20:55:00;Strada Urbana;VIA SCARPANTO;all'intersezione con;VIA STAMPALIA;VIA STAMPALIA;;;Scontro laterale fra veicoli in marcia;Incrocio;Una carreggiata a senso unico di marcia;Asciutto;Asfaltata;Verticale;Sereno;Scarso;Buona;;2;0;0;1;12.5275;41.9476;-1;2;Autovettura privata;In marcia / fermata / arresto;Conducente;F;Rifiuta cure immediate;0;NON DECEDUTO;;
5639213;1;10/10/2021 16:40:00;Strada Urbana;VIA DEL TEATRO DI MARCELLO;da specificare;;;;pross. civ 2;Tamponamento;Rettilineo;Una carreggiata a doppio senso;Asciutto;In cubetti di porfido;Verticale ed orizzontale;Sereno;Intenso;Buona;;0;0;0;3;12.4811;41.893;-1;1;Autovettura privata;In marcia / fermata / arresto;Conducente;M;Illeso;0;;;
5639213;1;10/10/2021 16:40:00;Strada Urbana;VIA DEL TEATRO DI MARCELLO;da specificare;;;;pross. civ 2;Tamponamento;Rettilineo;Una carreggiata a doppio senso;Asciutto;In cubetti di porfido;Verticale ed orizzontale;Sereno;Intenso;Buona;;0;0;0;3;12.4811;41.893;-1;1;Autovettura privata;In marcia / fermata / arresto;Passeggero;F;Illeso;0;;;
5639213;1;10/10/2021 16:40:00;Strada Urbana;VIA DEL TEATRO DI MARCELLO;da specificare;;;;pross. civ 2;Tamponamento;Rettilineo;Una carreggiata a doppio senso;Asciutto;In cubetti di porfido;Verticale ed orizzontale;Sereno;Intenso;Buona;;0;0;0;3;12.4811;41.893;-1;2;Autobus urbano;In marcia / fermata / arresto;Conducente;M;Illeso;0;;;
5639220;17;12/10/2021 09:08:00;Strada Urbana;VIALE DELLE MILIZIE;all'intersezione con;VIALE ANGELICO;VIALE ANGELICO;;;Tamponamento;Intersezione semaforizzata;Pi� di due carreggiate;Asciutto;Asfaltata;Verticale ed orizzontale;Sereno;Normale;Buona;;0;0;0;2;12.4619;41.9122;-1;1;Autovettura privata;In marcia / fermata / arresto;Conducente;F;Illeso;0;;Non accertato;Inesploso
5639220;17;12/10/2021 09:08:00;Strada Urbana;VIALE DELLE MILIZIE;all'intersezione con;VIALE ANGELICO;VIALE ANGELICO;;;Tamponamento;Intersezione semaforizzata;Pi� di due carreggiate;Asciutto;Asfaltata;Verticale ed orizzontale;Sereno;Normale;Buona;;0;0;0;2;12.4619;41.9122;-1;2;Autovettura privata;In marcia / fermata / arresto;Conducente;F;Illeso;0;;Non accertato;Inesploso
5639240;3;11/10/2021 08:55:00;Strada Urbana;VIALE IPPOCRATE;da specificare;;;;fronte civ 91;Scontro laterale fra veicoli in marcia;Rettilineo;Due carreggiate;Bagnato (pioggia);Asfaltata;Verticale ed orizzontale;Pioggia in atto;Normale;Buona;;0;0;0;2;12.5181;41.9071;0;1;Autovettura privata;In marcia / fermata / arresto;Conducente;F;Illeso;0;;;
5639240;3;11/10/2021 08:55:00;Strada Urbana;VIALE IPPOCRATE;da specificare;;;;fronte civ 91;Scontro laterale fra veicoli in marcia;Rettilineo;Due carreggiate;Bagnato (pioggia);Asfaltata;Verticale ed orizzontale;Pioggia in atto;Normale;Buona;;0;0;0;2;12.5181;41.9071;0;2;Autovettura privata;In marcia / fermata / arresto;Conducente;F;Illeso;0;;;
5639289;12;11/10/2021 18:30:00;Provinciale entro l'abitato;VIA DI CASTEL DI LEVA;da specificare;;;;rotatoria prossimit� uscita Via Laurentina;Scontro laterale fra veicoli in marcia;Rotatoria;Una carreggiata a senso unico di marcia;Asciutto;Asfaltata;Orizzontale;Sereno;Normale;Insufficiente;;0;0;0;3;12.5151;41.7869;-1;1;Autovettura privata;In marcia / fermata / arresto;Conducente;F;Illeso;0;;Non accertato;Inesploso
5639289;12;11/10/2021 18:30:00;Provinciale entro l'abitato;VIA DI CASTEL DI LEVA;da specificare;;;;rotatoria prossimit� uscita Via Laurentina;Scontro laterale fra veicoli in marcia;Rotatoria;Una carreggiata a senso unico di marcia;Asciutto;Asfaltata;Orizzontale;Sereno;Normale;Insufficiente;;0;0;0;3;12.5151;41.7869;-1;2;Autovettura privata;In marcia / fermata / arresto;Conducente;M;Illeso;0;;Non accertato;Inesploso
5639289;12;11/10/2021 18:30:00;Provinciale entro l'abitato;VIA DI CASTEL DI LEVA;da specificare;;;;rotatoria prossimit� uscita Via Laurentina;Scontro laterale fra veicoli in marcia;Rotatoria;Una carreggiata a senso unico di marcia;Asciutto;Asfaltata;Orizzontale;Sereno;Normale;Insufficiente;;0;0;0;3;12.5151;41.7869;-1;2;Autovettura privata;In marcia / fermata / arresto;Passeggero;M;Illeso;0;;Non accertato;Inesploso
5639304;12;11/10/2021 17:00:00;Strada Urbana;VIA GIACOMO DE BENEDETTI;in corrispondenza;;del civico n.;18;;Veicolo in marcia contro veicolo fermo;Rettilineo;Due carreggiate;Asciutto;Asfaltata;Verticale ed orizzontale;Sereno;Scarso;Buona;;0;0;0;3;12.4796;41.8197;-1;1;Autovettura privata;In marcia / fermata / arresto;Conducente;F;Illeso;0;;;Inesploso
5639304;12;11/10/2021 17:00:00;Strada Urbana;VIA GIACOMO DE BENEDETTI;in corrispondenza;;del civico n.;18;;Veicolo in marcia contro veicolo fermo;Rettilineo;Due carreggiate;Asciutto;Asfaltata;Verticale ed orizzontale;Sereno;Scarso;Buona;;0;0;0;3;12.4796;41.8197;-1;2;Autovettura privata;In marcia / fermata / arresto;Conducente;F;Illeso;0;;Non accertato;Inesploso
5639304;12;11/10/2021 17:00:00;Strada Urbana;VIA GIACOMO DE BENEDETTI;in corrispondenza;;del civico n.;18;;Veicolo in marcia contro veicolo fermo;Rettilineo;Due carreggiate;Asciutto;Asfaltata;Verticale ed orizzontale;Sereno;Scarso;Buona;;0;0;0;3;12.4796;41.8197;-1;2;Autovettura privata;In marcia / fermata / arresto;Passeggero;F;Illeso;0;;;Inesploso
5639341;19;11/10/2021 21:00:00;Strada Urbana;VIA VINCENZO TOMASSINI;all'intersezione con;VIA DEI BRUNO;VIA DEI BRUNO;;;Scontro frontale/laterale SX fra veicoli in marcia;Incrocio;Una carreggiata a senso unico alternato;Asciutto;Asfaltata;Verticale ed orizzontale;Sereno;Scarso;Buona;;1;0;0;1;12.4132;41.928;-1;1;Motociclo a solo;In marcia / fermata / arresto;Conducente;M;Rimandato;0;NON DECEDUTO;Non accertato;
5639341;19;11/10/2021 21:00:00;Strada Urbana;VIA VINCENZO TOMASSINI;all'intersezione con;VIA DEI BRUNO;VIA DEI BRUNO;;;Scontro frontale/laterale SX fra veicoli in marcia;Incrocio;Una carreggiata a senso unico alternato;Asciutto;Asfaltata;Verticale ed orizzontale;Sereno;Scarso;Buona;;1;0;0;1;12.4132;41.928;-1;2;Autovettura privata;In marcia / fermata / arresto;Conducente;M;Illeso;0;;Non accertato;Inesploso
5639372;7;12/10/2021 12:15:00;Strada Urbana;VIALE ALESSANDRINO;in prossimit�;;del civico n.;525;;Scontro laterale fra veicoli in marcia;Rettilineo;Una carreggiata a doppio senso;Asciutto;Asfaltata;Verticale ed orizzontale;Sereno;Normale;Buona;;0;0;0;4;12.5771;41.8821;-1;1;Autovettura privata;In marcia / fermata / arresto;Passeggero;F;Illeso;0;;Non accertato;Inesploso
5639372;7;12/10/2021 12:15:00;Strada Urbana;VIALE ALESSANDRINO;in prossimit�;;del civico n.;525;;Scontro laterale fra veicoli in marcia;Rettilineo;Una carreggiata a doppio senso;Asciutto;Asfaltata;Verticale ed orizzontale;Sereno;Normale;Buona;;0;0;0;4;12.5771;41.8821;-1;1;Autovettura privata;In marcia / fermata / arresto;Conducente;M;Illeso;0;;;
5639372;7;12/10/2021 12:15:00;Strada Urbana;VIALE ALESSANDRINO;in prossimit�;;del civico n.;525;;Scontro laterale fra veicoli in marcia;Rettilineo;Una carreggiata a doppio senso;Asciutto;Asfaltata;Verticale ed orizzontale;Sereno;Normale;Buona;;0;0;0;4;12.5771;41.8821;-1;1;Autovettura privata;In marcia / fermata / arresto;Passeggero;F;Illeso;0;;Non accertato;Inesploso
5639372;7;12/10/2021 12:15:00;Strada Urbana;VIALE ALESSANDRINO;in prossimit�;;del civico n.;525;;Scontro laterale fra veicoli in marcia;Rettilineo;Una carreggiata a doppio senso;Asciutto;Asfaltata;Verticale ed orizzontale;Sereno;Normale;Buona;;0;0;0;4;12.5771;41.8821;-1;2;Autovettura privata;In marcia / fermata / arresto;Conducente;M;Illeso;0;;;
5639387;1;12/10/2021 11:15:00;Strada Urbana;PIAZZALE OSTIENSE;da specificare;;;;altezza capolinea ATAC;Scontro laterale fra veicoli in marcia;Rotatoria;Una carreggiata a senso unico di marcia;Asciutto;Asfaltata;Verticale ed orizzontale;Sereno;Normale;Buona;;0;0;0;2;12.4819;41.8763;-1;1;Autovettura privata;In marcia / fermata / arresto;Conducente;M;Illeso;0;;Non accertato;Inesploso
5639387;1;12/10/2021 11:15:00;Strada Urbana;PIAZZALE OSTIENSE;da specificare;;;;altezza capolinea ATAC;Scontro laterale fra veicoli in marcia;Rotatoria;Una carreggiata a senso unico di marcia;Asciutto;Asfaltata;Verticale ed orizzontale;Sereno;Normale;Buona;;0;0;0;2;12.4819;41.8763;-1;2;Autovettura privata;In marcia / fermata / arresto;Conducente;M;Illeso;0;;Non accertato;Inesploso
5639408;10;12/10/2021 13:50:00;Strada Urbana;VIALE TITO LABIENO;all'intersezione con;VIA CAIO ATEIO CAPITONE;VIA CAIO ATEIO CAPITONE;;;Scontro frontale/laterale SX fra veicoli in marcia;Incrocio;Due carreggiate;Asciutto;Asfaltata;Verticale ed orizzontale;Sereno;Normale;Buona;;1;0;0;1;12.5652;41.8515;-1;1;Motociclo con passeggero;In marcia / fermata / arresto;Conducente;F;Rimandato;0;NON DECEDUTO;;
5639408;10;12/10/2021 13:50:00;Strada Urbana;VIALE TITO LABIENO;all'intersezione con;VIA CAIO ATEIO CAPITONE;VIA CAIO ATEIO CAPITONE;;;Scontro frontale/laterale SX fra veicoli in marcia;Incrocio;Due carreggiate;Asciutto;Asfaltata;Verticale ed orizzontale;Sereno;Normale;Buona;;1;0;0;1;12.5652;41.8515;-1;2;Autovettura privata;In marcia / fermata / arresto;Conducente;M;Illeso;0;;;Inesploso
5639425;19;11/10/2021 10:45:00;Strada Urbana;VIA INZAGO;da specificare;;;;fronte civico 45;Scontro frontale fra veicoli in marcia;Pendenza;Una carreggiata a doppio senso;Bagnato (pioggia);Asfaltata;Assente;Nuvoloso;Scarso;Buona;;0;0;0;2;12.3896;41.9473;-1;1;Autovettura privata;In marcia / fermata / arresto;Conducente;M;Illeso;0;;Non accertato;Inesploso
5639425;19;11/10/2021 10:45:00;Strada Urbana;VIA INZAGO;da specificare;;;;fronte civico 45;Scontro frontale fra veicoli in marcia;Pendenza;Una carreggiata a doppio senso;Bagnato (pioggia);Asfaltata;Assente;Nuvoloso;Scarso;Buona;;0;0;0;2;12.3896;41.9473;-1;2;Autovettura privata;In marcia / fermata / arresto;Conducente;F;Illeso;0;;Non accertato;Inesploso
5639436;17;09/10/2021 18:15:00;Strada Urbana;VIA LEONE IV;all'intersezione con;VIALE GIULIO CESARE;VIALE GIULIO CESARE;;;Scontro laterale fra veicoli in marcia;Incrocio;Due carreggiate;Asciutto;Asfaltata;Verticale ed orizzontale;Sereno;Intenso;Buona;;2;0;0;3;12.4553;41.9087;-1;1;Autovettura privata;In marcia / fermata / arresto;Passeggero;F;Illeso;0;;;
5639436;17;09/10/2021 18:15:00;Strada Urbana;VIA LEONE IV;all'intersezione con;VIALE GIULIO CESARE;VIALE GIULIO CESARE;;;Scontro laterale fra veicoli in marcia;Incrocio;Due carreggiate;Asciutto;Asfaltata;Verticale ed orizzontale;Sereno;Intenso;Buona;;2;0;0;3;12.4553;41.9087;-1;1;Autovettura privata;In marcia / fermata / arresto;Conducente;M;Illeso;0;;;
5639436;17;09/10/2021 18:15:00;Strada Urbana;VIA LEONE IV;all'intersezione con;VIALE GIULIO CESARE;VIALE GIULIO CESARE;;;Scontro laterale fra veicoli in marcia;Incrocio;Due carreggiate;Asciutto;Asfaltata;Verticale ed orizzontale;Sereno;Intenso;Buona;;2;0;0;3;12.4553;41.9087;-1;1;Autovettura privata;In marcia / fermata / arresto;Passeggero;M;Illeso;0;;;
5639436;17;09/10/2021 18:15:00;Strada Urbana;VIA LEONE IV;all'intersezione con;VIALE GIULIO CESARE;VIALE GIULIO CESARE;;;Scontro laterale fra veicoli in marcia;Incrocio;Due carreggiate;Asciutto;Asfaltata;Verticale ed orizzontale;Sereno;Intenso;Buona;;2;0;0;3;12.4553;41.9087;-1;2;Ciclomotore;In marcia / fermata / arresto;Passeggero;F;Rimandato;0;NON DECEDUTO;;
5639436;17;09/10/2021 18:15:00;Strada Urbana;VIA LEONE IV;all'intersezione con;VIALE GIULIO CESARE;VIALE GIULIO CESARE;;;Scontro laterale fra veicoli in marcia;Incrocio;Due carreggiate;Asciutto;Asfaltata;Verticale ed orizzontale;Sereno;Intenso;Buona;;2;0;0;3;12.4553;41.9087;-1;2;Ciclomotore;In marcia / fermata / arresto;Conducente;M;Rimandato;0;NON DECEDUTO;;
5639448;17;11/10/2021 10:25:00;Strada Urbana;CIRCONVALLAZIONE CLODIA;in prossimit�;;del civico n.;72;;Tamponamento;Rettilineo;Due carreggiate;Asciutto;Asfaltata;Verticale ed orizzontale;Nuvoloso;Normale;Buona;;1;0;0;2;12.4572;41.919;0;1;Autovettura privata;In marcia / fermata / arresto;Passeggero;F;Rimandato;0;NON DECEDUTO;Non accertato;Inesploso
5639448;17;11/10/2021 10:25:00;Strada Urbana;CIRCONVALLAZIONE CLODIA;in prossimit�;;del civico n.;72;;Tamponamento;Rettilineo;Due carreggiate;Asciutto;Asfaltata;Verticale ed orizzontale;Nuvoloso;Normale;Buona;;1;0;0;2;12.4572;41.919;0;1;Autovettura privata;In marcia / fermata / arresto;Conducente;M;Illeso;0;;;
5639448;17;11/10/2021 10:25:00;Strada Urbana;CIRCONVALLAZIONE CLODIA;in prossimit�;;del civico n.;72;;Tamponamento;Rettilineo;Due carreggiate;Asciutto;Asfaltata;Verticale ed orizzontale;Nuvoloso;Normale;Buona;;1;0;0;2;12.4572;41.919;0;2;Autovettura privata;In marcia / fermata / arresto;Conducente;F;Illeso;0;;Non accertato;Inesploso
5639473;19;11/10/2021 13:50:00;Strada Urbana;VIA MONTIGLIO;all'intersezione con;VIA BERNARDO BARBIELLINI AMIDEI;VIA BERNARDO BARBIELLINI AMIDEI;;;Scontro frontale/laterale SX fra veicoli in marcia;Incrocio;Una carreggiata a doppio senso;Bagnato (pioggia);Asfaltata;Verticale ed orizzontale;Sereno;Scarso;Buona;;0;0;0;2;12.4267;41.9247;-1;1;Autovettura privata;In marcia / fermata / arresto;Conducente;M;Illeso;0;;;
5639473;19;11/10/2021 13:50:00;Strada Urbana;VIA MONTIGLIO;all'intersezione con;VIA BERNARDO BARBIELLINI AMIDEI;VIA BERNARDO BARBIELLINI AMIDEI;;;Scontro frontale/laterale SX fra veicoli in marcia;Incrocio;Una carreggiata a doppio senso;Bagnato (pioggia);Asfaltata;Verticale ed orizzontale;Sereno;Scarso;Buona;;0;0;0;2;12.4267;41.9247;-1;2;Autovettura privata;In marcia / fermata / arresto;Conducente;F;Illeso;0;;;
5639494;16;11/10/2021 20:10:00;;VIA DEGLI STRADIVARI;in prossimit�;;del civico n.;35;;Scontro laterale fra veicoli in marcia;;;;;;;;;;0;0;0;6;;;0;1;Autovettura privata;In marcia / fermata / arresto;Conducente;F;Illeso;0;;;
5639494;16;11/10/2021 20:10:00;;VIA DEGLI STRADIVARI;in prossimit�;;del civico n.;35;;Scontro laterale fra veicoli in marcia;;;;;;;;;;0;0;0;6;;;0;2;Autovettura privata;In marcia / fermata / arresto;Passeggero;F;Illeso;0;;;
5639494;16;11/10/2021 20:10:00;;VIA DEGLI STRADIVARI;in prossimit�;;del civico n.;35;;Scontro laterale fra veicoli in marcia;;;;;;;;;;0;0;0;6;;;0;2;Autovettura privata;In marcia / fermata / arresto;Passeggero;M;Illeso;0;;;
5639494;16;11/10/2021 20:10:00;;VIA DEGLI STRADIVARI;in prossimit�;;del civico n.;35;;Scontro laterale fra veicoli in marcia;;;;;;;;;;0;0;0;6;;;0;2;Autovettura privata;In marcia / fermata / arresto;Conducente;M;Illeso;0;;;
5639495;7;12/10/2021 14:20:00;Strada Urbana;VIA PRENESTINA;all'intersezione con;VIA RINA MONTI;VIA RINA MONTI;;;Scontro laterale fra veicoli in marcia;Incrocio;Una carreggiata a doppio senso;Asciutto;Asfaltata;Orizzontale;Sereno;Normale;Buona;;1;0;0;1;12.6057;41.8938;-1;1;Motociclo a solo;In marcia / fermata / arresto;Conducente;M;Ricoverato;0;NON DECEDUTO;Non accertato;
5639495;7;12/10/2021 14:20:00;Strada Urbana;VIA PRENESTINA;all'intersezione con;VIA RINA MONTI;VIA RINA MONTI;;;Scontro laterale fra veicoli in marcia;Incrocio;Una carreggiata a doppio senso;Asciutto;Asfaltata;Orizzontale;Sereno;Normale;Buona;;1;0;0;1;12.6057;41.8938;-1;2;Autocarro inferiore 35 q.;In marcia / fermata / arresto;Conducente;M;Illeso;0;;;
5639501;16;11/10/2021 13:35:00;Strada Urbana;VIA LAURA MANTEGAZZA;all'intersezione con;VIA S. VINCENZO DE' PAOLI;VIA S. VINCENZO DE' PAOLI;;;Scontro frontale/laterale DX fra veicoli in marcia;Intersezione stradale segnalata;Due carreggiate;Asciutto;Asfaltata;Verticale ed orizzontale;Sereno;Normale;Buona;;0;0;0;2;12.456;41.8714;-1;1;Autovettura privata;In marcia / fermata / arresto;Conducente;M;Illeso;0;;Non accertato;Inesploso
5639501;16;11/10/2021 13:35:00;Strada Urbana;VIA LAURA MANTEGAZZA;all'intersezione con;VIA S. VINCENZO DE' PAOLI;VIA S. VINCENZO DE' PAOLI;;;Scontro frontale/laterale DX fra veicoli in marcia;Intersezione stradale segnalata;Due carreggiate;Asciutto;Asfaltata;Verticale ed orizzontale;Sereno;Normale;Buona;;0;0;0;2;12.456;41.8714;-1;2;Autovettura privata;In marcia / fermata / arresto;Conducente;M;Illeso;0;;Non accertato;Inesploso
5639514;19;11/10/2021 17:45:00;Strada Urbana;VIA TRIONFALE;da specificare;;;;prox VIA PIER PAOLO PASOLINI;Tamponamento;Rettilineo;Una carreggiata a doppio senso;Asciutto;Asfaltata;Orizzontale;Nuvoloso;Intenso;Buona;;0;0;0;2;12.4139;41.9492;-1;1;Autovettura privata;In marcia / fermata / arresto;Conducente;M;Illeso;0;;;
5639514;19;11/10/2021 17:45:00;Strada Urbana;VIA TRIONFALE;da specificare;;;;prox VIA PIER PAOLO PASOLINI;Tamponamento;Rettilineo;Una carreggiata a doppio senso;Asciutto;Asfaltata;Orizzontale;Nuvoloso;Intenso;Buona;;0;0;0;2;12.4139;41.9492;-1;1;Autovettura privata;In marcia / fermata / arresto;Passeggero;F;Illeso;0;;;
5639514;19;11/10/2021 17:45:00;Strada Urbana;VIA TRIONFALE;da specificare;;;;prox VIA PIER PAOLO PASOLINI;Tamponamento;Rettilineo;Una carreggiata a doppio senso;Asciutto;Asfaltata;Orizzontale;Nuvoloso;Intenso;Buona;;0;0;0;2;12.4139;41.9492;-1;2;Monopattino elettrico;Allontanatosi;;;;;;;
5639531;9;12/10/2021 13:15:00;;PIAZZA DEI RE DI ROMA;in corrispondenza;;del civico n.;44;;Tamponamento;;;;;;;;;;0;0;0;2;12.5133;41.8822;0;1;Quadriciclo leggero;In marcia / fermata / arresto;Conducente;M;Illeso;0;;Non accertato;Inesploso
5639531;9;12/10/2021 13:15:00;;PIAZZA DEI RE DI ROMA;in corrispondenza;;del civico n.;44;;Tamponamento;;;;;;;;;;0;0;0;2;12.5133;41.8822;0;2;Motociclo a solo;In marcia / fermata / arresto;Conducente;F;Illeso;0;;Non accertato;
5639672;10;12/10/2021 14:10:00;Strada Urbana;VIALE BRUNO PELIZZI;da specificare;;;;palo acea numero 1;Scontro laterale fra veicoli in marcia;Rettilineo;Due carreggiate;Asciutto;Asfaltata;Verticale ed orizzontale;Sereno;Normale;Buona;;0;0;0;2;12.5829;41.8531;-1;1;Autovettura privata;In marcia / fermata / arresto;Conducente;M;Illeso;0;;;Inesploso