Protocollo;Gruppo;DataOraIncidente;Localizzazione1;STRADA1;Localizzazione2;STRADA2;Strada02;Chilometrica;DaSpecificare;NaturaIncidente;particolaritastrade;TipoStrada;FondoStradale;Pavimentazione;Segnaletica;CondizioneAtmosferica;Traffico;Visibilita;Illuminazione;NUM_FERITI;NUM_RISERVATA;NUM_MORTI;NUM_ILLESI;Longitudine;Latitudine;Confermato;Progressivo;TipoVeicolo;StatoVeicolo;TipoPersona;Sesso;Tipolesione;Deceduto;DecedutoDopo;CinturaCascoUtilizzato;Airbag;
5640461;18;13/10/2021 00:10:00;Strada Urbana;PIAZZA IRNERIO;all'intersezione con;VIA DI BOCCEA;VIA DI BOCCEA;;;Scontro laterale fra veicoli in marcia;Intersezione semaforizzata;Due carreggiate;Asciutto;Asfaltata;Verticale ed orizzontale;Sereno;Scarso;Sufficiente;;0;0;0;6;12.4298;41.8984;-1;2;Autovettura privata;In marcia / fermata / arresto;Passeggero;F;Illeso;0;;Non accertato;Inesploso
5640461;18;13/10/2021 00:10:00;Strada Urbana;PIAZZA IRNERIO;all'intersezione con;VIA DI BOCCEA;VIA DI BOCCEA;;;Scontro laterale fra veicoli in marcia;Intersezione semaforizzata;Due carreggiate;Asciutto;Asfaltata;Verticale ed orizzontale;Sereno;Scarso;Sufficiente;;0;0;0;6;12.4298;41.8984;-1;2;Autovettura privata;In marcia / fermata / arresto;Passeggero;F;Illeso;0;;Non accertato;Inesploso
5640461;18;13/10/2021 00:10:00;Strada Urbana;PIAZZA IRNERIO;all'intersezione con;VIA DI BOCCEA;VIA DI BOCCEA;;;Scontro laterale fra veicoli in marcia;Intersezione semaforizzata;Due carreggiate;Asciutto;Asfaltata;Verticale ed orizzontale;Sereno;Scarso;Sufficiente;;0;0;0;6;12.4298;41.8984;-1;2;Autovettura privata;In marcia / fermata / arresto;Passeggero;F;Illeso;0;;Non accertato;Inesploso
5640461;18;13/10/2021 00:10:00;Strada Urbana;PIAZZA IRNERIO;all'intersezione con;VIA DI BOCCEA;VIA DI BOCCEA;;;Scontro laterale fra veicoli in marcia;Intersezione semaforizzata;Due carreggiate;Asciutto;Asfaltata;Verticale ed orizzontale;Sereno;Scarso;Sufficiente;;0;0;0;6;12.4298;41.8984;-1;2;Autovettura privata;In marcia / fermata / arresto;Conducente;M;Illeso;0;;Non accertato;Inesploso
5640471;2;10/10/2021 19:20:00;Strada Urbana;VIA COLLALTO SABINO;all'intersezione con;VIA SCANDRIGLIA;VIA SCANDRIGLIA;;;Scontro frontale/laterale SX fra veicoli in marcia;Incrocio;Una carreggiata a senso unico di marcia;Asciutto;Asfaltata;Verticale ed orizzontale;Sereno;Scarso;Sufficiente;;0;0;0;2;12.518;41.9316;-1;1;Autovettura privata;In marcia / fermata / arresto;Conducente;F;Illeso;0;;;
5640471;2;10/10/2021 19:20:00;Strada Urbana;VIA COLLALTO SABINO;all'intersezione con;VIA SCANDRIGLIA;VIA SCANDRIGLIA;;;Scontro frontale/laterale SX fra veicoli in marcia;Incrocio;Una carreggiata a senso unico di marcia;Asciutto;Asfaltata;Verticale ed orizzontale;Sereno;Scarso;Sufficiente;;0;0;0;2;12.518;41.9316;-1;2;Autovettura privata;In marcia / fermata / arresto;Conducente;F;Illeso;0;;;
5640504;8;12/10/2021 12:30:00;Strada Urbana;VIA CASTELLEONE DI SUASA;all'intersezione con;VIA OFFAGNA;VIA OFFAGNA;;;Scontro frontale/laterale DX fra veicoli in marcia;Incrocio;Una carreggiata a doppio senso;Asciutto;Asfaltata;Assente;Sereno;Scarso;Buona;;1;0;0;1;12.723;41.9209;-1;1;Autovettura privata;In marcia / fermata / arresto;Conducente;M;Rifiuta cure immediate;0;NON DECEDUTO;Non accertato;Inesploso
5640504;8;12/10/2021 12:30:00;Strada Urbana;VIA CASTELLEONE DI SUASA;all'intersezione con;VIA OFFAGNA;VIA OFFAGNA;;;Scontro frontale/laterale DX fra veicoli in marcia;Incrocio;Una carreggiata a doppio senso;Asciutto;Asfaltata;Assente;Sereno;Scarso;Buona;;1;0;0;1;12.723;41.9209;-1;2;Autovettura privata;In marcia / fermata / arresto;Conducente;M;Illeso;0;;Non accertato;Inesploso
5640535;1;12/10/2021 19:40:00;Strada Urbana;PIAZZA DI PORTA S. GIOVANNI;da specificare;;;;.;Scontro laterale fra veicoli in marcia;Rettilineo;Una carreggiata a doppio senso;Asciutto;Asfaltata;Verticale ed orizzontale;Sereno;Normale;Buona;;0;0;0;3;12.5091;41.8859;-1;1;Autovettura privata;In marcia / fermata / arresto;Conducente;M;Illeso;0;;Non accertato;Inesploso
5640535;1;12/10/2021 19:40:00;Strada Urbana;PIAZZA DI PORTA S. GIOVANNI;da specificare;;;;.;Scontro laterale fra veicoli in marcia;Rettilineo;Una carreggiata a doppio senso;Asciutto;Asfaltata;Verticale ed orizzontale;Sereno;Normale;Buona;;0;0;0;3;12.5091;41.8859;-1;1;Autovettura privata;In marcia / fermata / arresto;Passeggero;F;Illeso;0;;Non accertato;Inesploso
5640535;1;12/10/2021 19:40:00;Strada Urbana;PIAZZA DI PORTA S. GIOVANNI;da specificare;;;;.;Scontro laterale fra veicoli in marcia;Rettilineo;Una carreggiata a doppio senso;Asciutto;Asfaltata;Verticale ed orizzontale;Sereno;Normale;Buona;;0;0;0;3;12.5091;41.8859;-1;2;Autovettura privata;In marcia / fermata / arresto;Conducente;M;Illeso;0;;Non accertato;Inesploso
5640536;5;12/10/2021 08:40:00;Strada Urbana;VIA TIBURTINA;da specificare;;;;alt. rampa immissione P. Togliatti;Scontro laterale fra veicoli in marcia;Rettilineo;Una carreggiata a senso unico di marcia;Asciutto;Asfaltata;Verticale ed orizzontale;Sereno;Intenso;Buona;;0;0;0;2;12.5674;41.9219;-1;1;Autocarro superiore 35 q.;In marcia / fermata / arresto;Conducente;M;Illeso;0;;Non accertato;
5640536;5;12/10/2021 08:40:00;Strada Urbana;VIA TIBURTINA;da specificare;;;;alt. rampa immissione P. Togliatti;Scontro laterale fra veicoli in marcia;Rettilineo;Una carreggiata a senso unico di marcia;Asciutto;Asfaltata;Verticale ed orizzontale;Sereno;Intenso;Buona;;0;0;0;2;12.5674;41.9219;-1;2;Autovettura privata;In marcia / fermata / arresto;Conducente;F;Illeso;0;;Non accertato;
5640538;17;12/10/2021 14:55:00;Strada Urbana;LUNGOTEVERE DELLA VITTORIA;all'intersezione con;PIAZZA DEL FANTE;PIAZZA DEL FANTE;;;Scontro frontale/laterale SX fra veicoli in marcia;Intersezione stradale segnalata;Una carreggiata a doppio senso;Asciutto;Asfaltata;Verticale ed orizzontale;Sereno;Normale;Buona;;1;0;0;2;12.4667;41.9213;-1;1;Autovettura privata;In marcia / fermata / arresto;Passeggero;F;Illeso;0;;;
5640538;17;12/10/2021 14:55:00;Strada Urbana;LUNGOTEVERE DELLA VITTORIA;all'intersezione con;PIAZZA DEL FANTE;PIAZZA DEL FANTE;;;Scontro frontale/laterale SX fra veicoli in marcia;Intersezione stradale segnalata;Una carreggiata a doppio senso;Asciutto;Asfaltata;Verticale ed orizzontale;Sereno;Normale;Buona;;1;0;0;2;12.4667;41.9213;-1;1;Autovettura privata;In marcia / fermata / arresto;Conducente;M;Illeso;0;;;
5640538;17;12/10/2021 14:55:00;Strada Urbana;LUNGOTEVERE DELLA VITTORIA;all'intersezione con;PIAZZA DEL FANTE;PIAZZA DEL FANTE;;;Scontro frontale/laterale SX fra veicoli in marcia;Intersezione stradale segnalata;Una carreggiata a doppio senso;Asciutto;Asfaltata;Verticale ed orizzontale;Sereno;Normale;Buona;;1;0;0;2;12.4667;41.9213;-1;2;Motociclo a solo;In marcia / fermata / arresto;Conducente;M;Rimandato;0;NON DECEDUTO;;
5640538;17;12/10/2021 14:55:00;Strada Urbana;LUNGOTEVERE DELLA VITTORIA;all'intersezione con;PIAZZA DEL FANTE;PIAZZA DEL FANTE;;;Scontro frontale/laterale SX fra veicoli in marcia;Intersezione stradale segnalata;Una carreggiata a doppio senso;Asciutto;Asfaltata;Verticale ed orizzontale;Sereno;Normale;Buona;;1;0;0;2;12.4667;41.9213;-1;3;Autovettura privata;Sosta;;;;;;;
5640556;19;12/10/2021 14:15:00;Strada Urbana;VIA TRIONFALE;all'intersezione con;VIA SILVIO ANTONIANO;VIA SILVIO ANTONIANO;;;Scontro laterale fra veicoli in marcia;Intersezione stradale segnalata;Una carreggiata a doppio senso;Asciutto;Asfaltata;Verticale ed orizzontale;Sereno;Normale;Buona;;0;0;0;3;12.4229;41.9409;-1;1;Autovettura privata;In marcia / fermata / arresto;Passeggero;F;Illeso;0;;Non accertato;Inesploso
5640556;19;12/10/2021 14:15:00;Strada Urbana;VIA TRIONFALE;all'intersezione con;VIA SILVIO ANTONIANO;VIA SILVIO ANTONIANO;;;Scontro laterale fra veicoli in marcia;Intersezione stradale segnalata;Una carreggiata a doppio senso;Asciutto;Asfaltata;Verticale ed orizzontale;Sereno;Normale;Buona;;0;0;0;3;12.4229;41.9409;-1;1;Autovettura privata;In marcia / fermata / arresto;Conducente;M;Illeso;0;;Non accertato;Inesploso
5640556;19;12/10/2021 14:15:00;Strada Urbana;VIA TRIONFALE;all'intersezione con;VIA SILVIO ANTONIANO;VIA SILVIO ANTONIANO;;;Scontro laterale fra veicoli in marcia;Intersezione stradale segnalata;Una carreggiata a doppio senso;Asciutto;Asfaltata;Verticale ed orizzontale;Sereno;Normale;Buona;;0;0;0;3;12.4229;41.9409;-1;2;Autovettura privata;In marcia / fermata / arresto;Conducente;M;Illeso;0;;Non accertato;Inesploso
5640557;5;12/10/2021 12:40:00;Strada Urbana;VIALE ETTORE FRANCESCHINI;all'intersezione con;LARGO NINO FRANCHELLUCCI;LARGO NINO FRANCHELLUCCI;;;Scontro frontale/laterale SX fra veicoli in marcia;Incrocio;Due carreggiate;Asciutto;Asfaltata;Verticale;Sereno;Normale;Buona;;0;0;0;5;12.5746;41.9119;-1;1;Autovettura privata;In marcia / fermata / arresto;Conducente;F;Illeso;0;;Non accertato;
5640557;5;12/10/2021 12:40:00;Strada Urbana;VIALE ETTORE FRANCESCHINI;all'intersezione con;LARGO NINO FRANCHELLUCCI;LARGO NINO FRANCHELLUCCI;;;Scontro frontale/laterale SX fra veicoli in marcia;Incrocio;Due carreggiate;Asciutto;Asfaltata;Verticale;Sereno;Normale;Buona;;0;0;0;5;12.5746;41.9119;-1;1;Autovettura privata;In marcia / fermata / arresto;Passeggero;F;Illeso;0;;Non accertato;
5640557;5;12/10/2021 12:40:00;Strada Urbana;VIALE ETTORE FRANCESCHINI;all'intersezione con;LARGO NINO FRANCHELLUCCI;LARGO NINO FRANCHELLUCCI;;;Scontro frontale/laterale SX fra veicoli in marcia;Incrocio;Due carreggiate;Asciutto;Asfaltata;Verticale;Sereno;Normale;Buona;;0;0;0;5;12.5746;41.9119;-1;2;Autovettura privata;In marcia / fermata / arresto;Passeggero;F;Illeso;0;;Non accertato;
5640557;5;12/10/2021 12:40:00;Strada Urbana;VIALE ETTORE FRANCESCHINI;all'intersezione con;LARGO NINO FRANCHELLUCCI;LARGO NINO FRANCHELLUCCI;;;Scontro frontale/laterale SX fra veicoli in marcia;Incrocio;Due carreggiate;Asciutto;Asfaltata;Verticale;Sereno;Normale;Buona;;0;0;0;5;12.5746;41.9119;-1;2;Autovettura privata;In marcia / fermata / arresto;Conducente;F;Illeso;0;;Non accertato;
5640559;20;12/10/2021 15:15:00;Strada Urbana;CORSO DI FRANCIA;da specificare;;;;all'intersezione con via Flaminia;Tamponamento Multiplo;Rettilineo;Due carreggiate;Asciutto;Asfaltata;Verticale ed orizzontale;Sereno;Intenso;Buona;;1;0;0;2;12.4717;41.9367;-1;1;Autovettura privata;In marcia / fermata / arresto;Conducente;M;Illeso;0;;;
5640559;20;12/10/2021 15:15:00;Strada Urbana;CORSO DI FRANCIA;da specificare;;;;all'intersezione con via Flaminia;Tamponamento Multiplo;Rettilineo;Due carreggiate;Asciutto;Asfaltata;Verticale ed orizzontale;Sereno;Intenso;Buona;;1;0;0;2;12.4717;41.9367;-1;2;Autocarro inferiore 35 q.;In marcia / fermata / arresto;Conducente;M;Illeso;0;;;
5640559;20;12/10/2021 15:15:00;Strada Urbana;CORSO DI FRANCIA;da specificare;;;;all'intersezione con via Flaminia;Tamponamento Multiplo;Rettilineo;Due carreggiate;Asciutto;Asfaltata;Verticale ed orizzontale;Sereno;Intenso;Buona;;1;0;0;2;12.4717;41.9367;-1;3;Autovettura privata;In marcia / fermata / arresto;Conducente;M;Rifiuta cure immediate;0;NON DECEDUTO;Non accertato;
5640560;10;12/10/2021 19:15:00;Strada Urbana;VIA DEL CALICE;in prossimit�;;del civico n.;34;;Tamponamento;Rettilineo;Una carreggiata a doppio senso;Asciutto;Asfaltata;Verticale ed orizzontale;Sereno;Scarso;Buona;;0;0;0;4;12.5635;41.8329;-1;1;Autovettura privata;In marcia / fermata / arresto;Passeggero;M;Illeso;0;;Non accertato;Inesploso
5640560;10;12/10/2021 19:15:00;Strada Urbana;VIA DEL CALICE;in prossimit�;;del civico n.;34;;Tamponamento;Rettilineo;Una carreggiata a doppio senso;Asciutto;Asfaltata;Verticale ed orizzontale;Sereno;Scarso;Buona;;0;0;0;4;12.5635;41.8329;-1;1;Autovettura privata;In marcia / fermata / arresto;Passeggero;M;Illeso;0;;Non accertato;Inesploso
5640560;10;12/10/2021 19:15:00;Strada Urbana;VIA DEL CALICE;in prossimit�;;del civico n.;34;;Tamponamento;Rettilineo;Una carreggiata a doppio senso;Asciutto;Asfaltata;Verticale ed orizzontale;Sereno;Scarso;Buona;;0;0;0;4;12.5635;41.8329;-1;1;Autovettura privata;In marcia / fermata / arresto;Conducente;F;Illeso;0;;Non accertato;Inesploso
5640560;10;12/10/2021 19:15:00;Strada Urbana;VIA DEL CALICE;in prossimit�;;del civico n.;34;;Tamponamento;Rettilineo;Una carreggiata a doppio senso;Asciutto;Asfaltata;Verticale ed orizzontale;Sereno;Scarso;Buona;;0;0;0;4;12.5635;41.8329;-1;2;Motociclo a solo;In marcia / fermata / arresto;Conducente;F;Illeso;0;;Non accertato;
5640561;8;12/10/2021 13:10:00;Strada Urbana;VIALE GUIDO CARLI;all'intersezione con;VIA DI GROTTE PORTELLA;VIA DI GROTTE PORTELLA;;;Scontro laterale fra veicoli in marcia;Rotatoria;Una carreggiata a senso unico di marcia;Asciutto;Asfaltata;Orizzontale;Sereno;Normale;Buona;;0;0;0;3;12.647;41.8432;-1;1;Autovettura privata;In marcia / fermata / arresto;Conducente;M;Illeso;0;;Non accertato;Inesploso
5640561;8;12/10/2021 13:10:00;Strada Urbana;VIALE GUIDO CARLI;all'intersezione con;VIA DI GROTTE PORTELLA;VIA DI GROTTE PORTELLA;;;Scontro laterale fra veicoli in marcia;Rotatoria;Una carreggiata a senso unico di marcia;Asciutto;Asfaltata;Orizzontale;Sereno;Normale;Buona;;0;0;0;3;12.647;41.8432;-1;1;Autovettura privata;In marcia / fermata / arresto;Passeggero;F;Illeso;0;;Non accertato;Inesploso
5640561;8;12/10/2021 13:10:00;Strada Urbana;VIALE GUIDO CARLI;all'intersezione con;VIA DI GROTTE PORTELLA;VIA DI GROTTE PORTELLA;;;Scontro laterale fra veicoli in marcia;Rotatoria;Una carreggiata a senso unico di marcia;Asciutto;Asfaltata;Orizzontale;Sereno;Normale;Buona;;0;0;0;3;12.647;41.8432;-1;2;Velocipede;In marcia / fermata / arresto;Conducente;M;Illeso;0;;Esente;
5640564;5;12/10/2021 13:30:00;Strada Urbana;VIA TIBURTINA;in prossimit�;;del civico n.;621;;Veicolo in marcia contro veicolo fermo;Rettilineo;Due carreggiate;Asciutto;Asfaltata;Orizzontale;Sereno;Normale;Buona;;0;0;0;3;12.5464;41.9093;-1;1;Autovettura privata;In marcia / fermata / arresto;Conducente;M;Illeso;0;;Non accertato;
5640564;5;12/10/2021 13:30:00;Strada Urbana;VIA TIBURTINA;in prossimit�;;del civico n.;621;;Veicolo in marcia contro veicolo fermo;Rettilineo;Due carreggiate;Asciutto;Asfaltata;Orizzontale;Sereno;Normale;Buona;;0;0;0;3;12.5464;41.9093;-1;2;Autovettura di polizia;In marcia / fermata / arresto;Passeggero;M;Illeso;0;;Non accertato;
5640564;5;12/10/2021 13:30:00;Strada Urbana;VIA TIBURTINA;in prossimit�;;del civico n.;621;;Veicolo in marcia contro veicolo fermo;Rettilineo;Due carreggiate;Asciutto;Asfaltata;Orizzontale;Sereno;Normale;Buona;;0;0;0;3;12.5464;41.9093;-1;2;Autovettura di polizia;In marcia / fermata / arresto;Conducente;M;Illeso;0;;Non accertato;
5640569;18;12/10/2021 18:30:00;Strada Urbana;VIA AGOSTINO RICHELMY;in prossimit�;;del civico n.;8;;Scontro laterale fra veicoli in marcia;Rettilineo;Una carreggiata a doppio senso;Asciutto;Asfaltata;Verticale ed orizzontale;Sereno;Normale;Buona;;0;0;0;4;12.442;41.898;-1;1;Autovettura privata;In marcia / fermata / arresto;Conducente;M;Illeso;0;;Non accertato;Inesploso
5640569;18;12/10/2021 18:30:00;Strada Urbana;VIA AGOSTINO RICHELMY;in prossimit�;;del civico n.;8;;Scontro laterale fra veicoli in marcia;Rettilineo;Una carreggiata a doppio senso;Asciutto;Asfaltata;Verticale ed orizzontale;Sereno;Normale;Buona;;0;0;0;4;12.442;41.898;-1;1;Autovettura privata;In marcia / fermata / arresto;Passeggero;F;Illeso;0;;Non accertato;Inesploso
5640569;18;12/10/2021 18:30:00;Strada Urbana;VIA AGOSTINO RICHELMY;in prossimit�;;del civico n.;8;;Scontro laterale fra veicoli in marcia;Rettilineo;Una carreggiata a doppio senso;Asciutto;Asfaltata;Verticale ed orizzontale;Sereno;Normale;Buona;;0;0;0;4;12.442;41.898;-1;2;Motociclo a solo;In marcia / fermata / arresto;Conducente;M;Illeso;0;;Non accertato;
5640569;18;12/10/2021 18:30:00;Strada Urbana;VIA AGOSTINO RICHELMY;in prossimit�;;del civico n.;8;;Scontro laterale fra veicoli in marcia;Rettilineo;Una carreggiata a doppio senso;Asciutto;Asfaltata;Verticale ed orizzontale;Sereno;Normale;Buona;;0;0;0;4;12.442;41.898;-1;2;Motociclo a solo;In marcia / fermata / arresto;Passeggero;M;Illeso;0;;Non accertato;
5640576;5;12/10/2021 15:45:00;Strada Urbana;VIA DI PIETRALATA;in prossimit�;;del civico n.;159;;Scontro laterale fra veicoli in marcia;Rettilineo;Una carreggiata a doppio senso;Asciutto;Asfaltata;Orizzontale;Nebbia;Normale;Buona;;2;0;0;2;12.5386;41.926;-1;1;Motociclo con passeggero;In marcia / fermata / arresto;Conducente;M;Rimandato;0;NON DECEDUTO;Non accertato;
5640576;5;12/10/2021 15:45:00;Strada Urbana;VIA DI PIETRALATA;in prossimit�;;del civico n.;159;;Scontro laterale fra veicoli in marcia;Rettilineo;Una carreggiata a doppio senso;Asciutto;Asfaltata;Orizzontale;Nebbia;Normale;Buona;;2;0;0;2;12.5386;41.926;-1;1;Motociclo con passeggero;In marcia / fermata / arresto;Passeggero;F;Rimandato;0;NON DECEDUTO;Non accertato;
5640576;5;12/10/2021 15:45:00;Strada Urbana;VIA DI PIETRALATA;in prossimit�;;del civico n.;159;;Scontro laterale fra veicoli in marcia;Rettilineo;Una carreggiata a doppio senso;Asciutto;Asfaltata;Orizzontale;Nebbia;Normale;Buona;;2;0;0;2;12.5386;41.926;-1;2;Altro;In marcia / fermata / arresto;Passeggero;M;Illeso;0;;Non accertato;
5640576;5;12/10/2021 15:45:00;Strada Urbana;VIA DI PIETRALATA;in prossimit�;;del civico n.;159;;Scontro laterale fra veicoli in marcia;Rettilineo;Una carreggiata a doppio senso;Asciutto;Asfaltata;Orizzontale;Nebbia;Normale;Buona;;2;0;0;2;12.5386;41.926;-1;2;Altro;In marcia / fermata / arresto;Conducente;M;Illeso;0;;Non accertato;
5640588;10;13/10/2021 07:40:00;Strada Urbana;VIA ANAGNINA;in corrispondenza;;del civico n.;314c;;Tamponamento;Rettilineo;Due carreggiate;Asciutto;Asfaltata;Verticale ed orizzontale;Sereno;Normale;Sufficiente;;1;0;0;2;12.6119;41.8196;-1;1;Autovettura privata;In marcia / fermata / arresto;Conducente;M;Illeso;0;;Non accertato;Inesploso
5640588;10;13/10/2021 07:40:00;Strada Urbana;VIA ANAGNINA;in corrispondenza;;del civico n.;314c;;Tamponamento;Rettilineo;Due carreggiate;Asciutto;Asfaltata;Verticale ed orizzontale;Sereno;Normale;Sufficiente;;1;0;0;2;12.6119;41.8196;-1;1;Autovettura privata;In marcia / fermata / arresto;Passeggero;M;Rimandato;0;NON DECEDUTO;Non accertato;Inesploso
5640588;10;13/10/2021 07:40:00;Strada Urbana;VIA ANAGNINA;in corrispondenza;;del civico n.;314c;;Tamponamento;Rettilineo;Due carreggiate;Asciutto;Asfaltata;Verticale ed orizzontale;Sereno;Normale;Sufficiente;;1;0;0;2;12.6119;41.8196;-1;2;Autovettura privata;In marcia / fermata / arresto;Conducente;F;Illeso;0;;Non accertato;Inesploso
5640589;13;12/10/2021 15:30:00;Strada Urbana;VIA DANIELE DA SAMARATE;in prossimit�;;del civico n.;12;;Tamponamento;Rettilineo;Una carreggiata a doppio senso;Asciutto;Asfaltata;Verticale;Sereno;Normale;Buona;;0;0;0;2;12.3658;41.7835;-1;1;Autovettura privata;In marcia / fermata / arresto;Conducente;M;Illeso;0;;Non accertato;Inesploso
5640589;13;12/10/2021 15:30:00;Strada Urbana;VIA DANIELE DA SAMARATE;in prossimit�;;del civico n.;12;;Tamponamento;Rettilineo;Una carreggiata a doppio senso;Asciutto;Asfaltata;Verticale;Sereno;Normale;Buona;;0;0;0;2;12.3658;41.7835;-1;2;Autovettura privata;In marcia / fermata / arresto;Conducente;F;Illeso;0;;Non accertato;Inesploso
5640594;10;13/10/2021 01:35:00;Strada Urbana;VIA TUSCOLANA;in prossimit�;;del civico n.;1026;;Tamponamento;Rettilineo;Due carreggiate;Asciutto;Asfaltata;Verticale ed orizzontale;Sereno;Scarso;Sufficiente;;0;0;0;4;12.5557;41.8604;-1;1;Autovettura privata;In marcia / fermata / arresto;Passeggero;F;Illeso;0;;Non accertato;Inesploso
5640594;10;13/10/2021 01:35:00;Strada Urbana;VIA TUSCOLANA;in prossimit�;;del civico n.;1026;;Tamponamento;Rettilineo;Due carreggiate;Asciutto;Asfaltata;Verticale ed orizzontale;Sereno;Scarso;Sufficiente;;0;0;0;4;12.5557;41.8604;-1;1;Autovettura privata;In marcia / fermata / arresto;Conducente;M;Illeso;0;;Non accertato;Inesploso
5640594;10;13/10/2021 01:35:00;Strada Urbana;VIA TUSCOLANA;in prossimit�;;del civico n.;1026;;Tamponamento;Rettilineo;Due carreggiate;Asciutto;Asfaltata;Verticale ed orizzontale;Sereno;Scarso;Sufficiente;;0;0;0;4;12.5557;41.8604;-1;2;Autovettura privata;In marcia / fermata / arresto;Passeggero;F;Illeso;0;;Non accertato;Inesploso
5640594;10;13/10/2021 01:35:00;Strada Urbana;VIA TUSCOLANA;in prossimit�;;del civico n.;1026;;Tamponamento;Rettilineo;Due carreggiate;Asciutto;Asfaltata;Verticale ed orizzontale;Sereno;Scarso;Sufficiente;;0;0;0;4;12.5557;41.8604;-1;2;Autovettura privata;In marcia / fermata / arresto;Conducente;M;Illeso;0;;Non accertato;Inesploso
5640594;10;13/10/2021 01:35:00;Strada Urbana;VIA TUSCOLANA;in prossimit�;;del civico n.;1026;;Tamponamento;Rettilineo;Due carreggiate;Asciutto;Asfaltata;Verticale ed orizzontale;Sereno;Scarso;Sufficiente;;0;0;0;4;12.5557;41.8604;-1;3;Autovettura privata;Sosta;;;;;;;
5640594;10;13/10/2021 01:35:00;Strada Urbana;VIA TUSCOLANA;in prossimit�;;del civico n.;1026;;Tamponamento;Rettilineo;Due carreggiate;Asciutto;Asfaltata;Verticale ed orizzontale;Sereno;Scarso;Sufficiente;;0;0;0;4;12.5557;41.8604;-1;4;Autovettura privata;Sosta;;;;;;;
5640594;10;13/10/2021 01:35:00;Strada Urbana;VIA TUSCOLANA;in prossimit�;;del civico n.;1026;;Tamponamento;Rettilineo;Due carreggiate;Asciutto;Asfaltata;Verticale ed orizzontale;Sereno;Scarso;Sufficiente;;0;0;0;4;12.5557;41.8604;-1;5;Autovettura privata;Sosta;;;;;;;
5640599;8;12/10/2021 12:40:00;Strada Urbana;VIA DEL FOSSO DELL'OSA;in prossimit�;;del palo luce n.;69;;Investimento di pedone;Rettilineo;Una carreggiata a doppio senso;Asciutto;Asfaltata;Verticale ed orizzontale;Sereno;Normale;Buona;;0;1;0;1;12.6921;41.8909;-1;;;;Pedone;M;Prognosi riservata;0;NON DECEDUTO;;
5640599;8;12/10/2021 12:40:00;Strada Urbana;VIA DEL FOSSO DELL'OSA;in prossimit�;;del palo luce n.;69;;Investimento di pedone;Rettilineo;Una carreggiata a doppio senso;Asciutto;Asfaltata;Verticale ed orizzontale;Sereno;Normale;Buona;;0;1;0;1;12.6921;41.8909;-1;1;Autovettura privata;In marcia / fermata / arresto;Conducente;M;Illeso;0;;Non accertato;Inesploso
5640600;20;12/10/2021 11:30:00;Regionale entro l'abitato;VIA CASSIA;all'intersezione semaforizzata con;VIA DEI DUE PONTI;VIA DEI DUE PONTI;;;Scontro laterale fra veicoli in marcia;Intersezione semaforizzata;Una carreggiata a doppio senso;Asciutto;Asfaltata;Verticale ed orizzontale;Sereno;Normale;Buona;;0;0;0;4;12.4471;41.9631;-1;1;Autovettura privata;In marcia / fermata / arresto;Conducente;M;Illeso;0;;Non accertato;Inesploso
5640600;20;12/10/2021 11:30:00;Regionale entro l'abitato;VIA CASSIA;all'intersezione semaforizzata con;VIA DEI DUE PONTI;VIA DEI DUE PONTI;;;Scontro laterale fra veicoli in marcia;Intersezione semaforizzata;Una carreggiata a doppio senso;Asciutto;Asfaltata;Verticale ed orizzontale;Sereno;Normale;Buona;;0;0;0;4;12.4471;41.9631;-1;1;Autovettura privata;In marcia / fermata / arresto;Passeggero;F;Illeso;0;;Non accertato;Inesploso
5640600;20;12/10/2021 11:30:00;Regionale entro l'abitato;VIA CASSIA;all'intersezione semaforizzata con;VIA DEI DUE PONTI;VIA DEI DUE PONTI;;;Scontro laterale fra veicoli in marcia;Intersezione semaforizzata;Una carreggiata a doppio senso;Asciutto;Asfaltata;Verticale ed orizzontale;Sereno;Normale;Buona;;0;0;0;4;12.4471;41.9631;-1;1;Autovettura privata;In marcia / fermata / arresto;Passeggero;F;Illeso;0;;Utilizzato;Inesploso
5640600;20;12/10/2021 11:30:00;Regionale entro l'abitato;VIA CASSIA;all'intersezione semaforizzata con;VIA DEI DUE PONTI;VIA DEI DUE PONTI;;;Scontro laterale fra veicoli in marcia;Intersezione semaforizzata;Una carreggiata a doppio senso;Asciutto;Asfaltata;Verticale ed orizzontale;Sereno;Normale;Buona;;0;0;0;4;12.4471;41.9631;-1;2;Motociclo a solo;In marcia / fermata / arresto;Conducente;M;Illeso;0;;Non accertato;
5640608;4;12/10/2021 11:00:00;Strada Urbana;VIA FRANCO SACCHETTI;da specificare;;;;fronte civico 103;Tamponamento;Curva a visuale libera;Una carreggiata a doppio senso;Asciutto;Asfaltata;Verticale ed orizzontale;Sereno;Normale;Buona;;0;0;0;1;12.545;41.9485;-1;1;Autovettura privata;In marcia / fermata / arresto;Conducente;M;Illeso;0;;Non accertato;Inesploso
5640608;4;12/10/2021 11:00:00;Strada Urbana;VIA FRANCO SACCHETTI;da specificare;;;;fronte civico 103;Tamponamento;Curva a visuale libera;Una carreggiata a doppio senso;Asciutto;Asfaltata;Verticale ed orizzontale;Sereno;Normale;Buona;;0;0;0;1;12.545;41.9485;-1;2;Autovettura privata;Allontanatosi;;;;;;;