Protocollo;Gruppo;DataOraIncidente;Localizzazione1;STRADA1;Localizzazione2;STRADA2;Strada02;Chilometrica;DaSpecificare;NaturaIncidente;particolaritastrade;TipoStrada;FondoStradale;Pavimentazione;Segnaletica;CondizioneAtmosferica;Traffico;Visibilita;Illuminazione;NUM_FERITI;NUM_RISERVATA;NUM_MORTI;NUM_ILLESI;Longitudine;Latitudine;Confermato;Progressivo;TipoVeicolo;StatoVeicolo;TipoPersona;Sesso;Tipolesione;Deceduto;DecedutoDopo;CinturaCascoUtilizzato;Airbag;
5649186;19;16/10/2021 18:20:00;Strada Urbana;VIA TRIONFALE;da specificare;;;;rotatoria alt. GRA dir. Aurelia;Scontro laterale fra veicoli in marcia;Rotatoria;Una carreggiata a senso unico di marcia;Asciutto;Asfaltata;Verticale ed orizzontale;Sereno;Normale;Buona;;0;0;0;3;12.4092;41.969;-1;1;Autobus turistico;In marcia / fermata / arresto;Conducente;M;Illeso;0;;Non accertato;Inesploso
5649186;19;16/10/2021 18:20:00;Strada Urbana;VIA TRIONFALE;da specificare;;;;rotatoria alt. GRA dir. Aurelia;Scontro laterale fra veicoli in marcia;Rotatoria;Una carreggiata a senso unico di marcia;Asciutto;Asfaltata;Verticale ed orizzontale;Sereno;Normale;Buona;;0;0;0;3;12.4092;41.969;-1;2;Autovettura privata;In marcia / fermata / arresto;Passeggero;F;Illeso;0;;Non accertato;Inesploso
5649186;19;16/10/2021 18:20:00;Strada Urbana;VIA TRIONFALE;da specificare;;;;rotatoria alt. GRA dir. Aurelia;Scontro laterale fra veicoli in marcia;Rotatoria;Una carreggiata a senso unico di marcia;Asciutto;Asfaltata;Verticale ed orizzontale;Sereno;Normale;Buona;;0;0;0;3;12.4092;41.969;-1;2;Autovettura privata;In marcia / fermata / arresto;Conducente;M;Illeso;0;;Non accertato;Inesploso
5649195;18;18/10/2021 12:00:00;Strada Urbana;VIA AGOSTINO RICHELMY;in prossimit�;;del civico n.;36;;Investimento di pedone;Pendenza;Una carreggiata a doppio senso;Asciutto;Asfaltata;Verticale ed orizzontale;Sereno;Normale;Buona;;1;0;0;1;12.4399;41.8968;-1;;;;Pedone;M;Rimandato;0;NON DECEDUTO;;
5649195;18;18/10/2021 12:00:00;Strada Urbana;VIA AGOSTINO RICHELMY;in prossimit�;;del civico n.;36;;Investimento di pedone;Pendenza;Una carreggiata a doppio senso;Asciutto;Asfaltata;Verticale ed orizzontale;Sereno;Normale;Buona;;1;0;0;1;12.4399;41.8968;-1;1;Autovettura privata;In marcia / fermata / arresto;Conducente;F;Illeso;0;;Non accertato;Inesploso
5649201;16;15/10/2021 12:15:00;Strada Urbana;VIA DELLA MASSIMILLA;da specificare;;;;prox fronte civico 25/D;Veicolo in marcia contro veicolo in sosta;Rettilineo;Una carreggiata a doppio senso;Asciutto;Asfaltata;Assente;Sereno;Normale;Buona;;0;0;0;1;12.3495;41.8781;-1;1;Autovettura privata;Sosta;;;;;;;
5649201;16;15/10/2021 12:15:00;Strada Urbana;VIA DELLA MASSIMILLA;da specificare;;;;prox fronte civico 25/D;Veicolo in marcia contro veicolo in sosta;Rettilineo;Una carreggiata a doppio senso;Asciutto;Asfaltata;Assente;Sereno;Normale;Buona;;0;0;0;1;12.3495;41.8781;-1;2;Autovettura privata;In marcia / fermata / arresto;Conducente;F;Illeso;0;;Non accertato;Inesploso
5649208;10;18/10/2021 11:20:00;Strada Urbana;VIA ANNIA REGILLA;all'intersezione con;VIA MONIANO;VIA MONIANO;;;Scontro laterale fra veicoli in marcia;Intersezione stradale segnalata;Una carreggiata a senso unico di marcia;Asciutto;Asfaltata;Verticale ed orizzontale;Sereno;Normale;Buona;;0;0;0;3;12.5478;41.8419;-1;1;Autovettura privata;In marcia / fermata / arresto;Conducente;M;Illeso;0;;Non accertato;Inesploso
5649208;10;18/10/2021 11:20:00;Strada Urbana;VIA ANNIA REGILLA;all'intersezione con;VIA MONIANO;VIA MONIANO;;;Scontro laterale fra veicoli in marcia;Intersezione stradale segnalata;Una carreggiata a senso unico di marcia;Asciutto;Asfaltata;Verticale ed orizzontale;Sereno;Normale;Buona;;0;0;0;3;12.5478;41.8419;-1;1;Autovettura privata;In marcia / fermata / arresto;Passeggero;F;Illeso;0;;Non accertato;Inesploso
5649208;10;18/10/2021 11:20:00;Strada Urbana;VIA ANNIA REGILLA;all'intersezione con;VIA MONIANO;VIA MONIANO;;;Scontro laterale fra veicoli in marcia;Intersezione stradale segnalata;Una carreggiata a senso unico di marcia;Asciutto;Asfaltata;Verticale ed orizzontale;Sereno;Normale;Buona;;0;0;0;3;12.5478;41.8419;-1;2;Autovettura privata;In marcia / fermata / arresto;Conducente;M;Illeso;0;;Non accertato;Inesploso
5649212;16;15/10/2021 14:10:00;Strada Urbana;VIA LEONE XIII;all'intersezione con;VIA DELLA NOCETTA;VIA DELLA NOCETTA;;;Scontro frontale/laterale DX fra veicoli in marcia;Intersezione semaforizzata;Due carreggiate;Asciutto;Asfaltata;Verticale;Sereno;Normale;Buona;;1;0;0;1;12.4404;41.8869;-1;1;Motociclo a solo;In marcia / fermata / arresto;Conducente;M;Rimandato;0;NON DECEDUTO;Non accertato;
5649212;16;15/10/2021 14:10:00;Strada Urbana;VIA LEONE XIII;all'intersezione con;VIA DELLA NOCETTA;VIA DELLA NOCETTA;;;Scontro frontale/laterale DX fra veicoli in marcia;Intersezione semaforizzata;Due carreggiate;Asciutto;Asfaltata;Verticale;Sereno;Normale;Buona;;1;0;0;1;12.4404;41.8869;-1;2;Autovettura privata;In marcia / fermata / arresto;Conducente;F;Illeso;0;;Non accertato;
5649229;18;09/10/2021 14:00:00;Strada Urbana;VIA GREGORIO VII;da specificare;;;;FRONTE CIVICO 53;Tamponamento;Pianeggiante;Pi� di due carreggiate;Asciutto;Asfaltata;Verticale ed orizzontale;Sereno;Normale;Sufficiente;;1;0;0;0;12.4399;41.8959;-1;2;Motociclo a solo;In marcia / fermata / arresto;Conducente;M;Rimandato;0;NON DECEDUTO;;
5649231;19;17/10/2021 04:40:00;Comunale extraurbana;VIA FLAMINIA;da specificare;;;;altezza GRA;Tamponamento Multiplo;Rettilineo;Una carreggiata a senso unico di marcia;Asciutto;Asfaltata;Verticale ed orizzontale;Sereno;Normale;Sufficiente;;1;0;0;6;12.4714;41.9413;-1;1;Autovettura privata;In marcia / fermata / arresto;Conducente;M;Illeso;0;;Non accertato;Inesploso
5649231;19;17/10/2021 04:40:00;Comunale extraurbana;VIA FLAMINIA;da specificare;;;;altezza GRA;Tamponamento Multiplo;Rettilineo;Una carreggiata a senso unico di marcia;Asciutto;Asfaltata;Verticale ed orizzontale;Sereno;Normale;Sufficiente;;1;0;0;6;12.4714;41.9413;-1;2;Autovettura privata;In marcia / fermata / arresto;Passeggero;F;Illeso;0;;Non accertato;Inesploso
5649231;19;17/10/2021 04:40:00;Comunale extraurbana;VIA FLAMINIA;da specificare;;;;altezza GRA;Tamponamento Multiplo;Rettilineo;Una carreggiata a senso unico di marcia;Asciutto;Asfaltata;Verticale ed orizzontale;Sereno;Normale;Sufficiente;;1;0;0;6;12.4714;41.9413;-1;2;Autovettura privata;In marcia / fermata / arresto;Conducente;F;Illeso;0;;Non accertato;Esploso
5649231;19;17/10/2021 04:40:00;Comunale extraurbana;VIA FLAMINIA;da specificare;;;;altezza GRA;Tamponamento Multiplo;Rettilineo;Una carreggiata a senso unico di marcia;Asciutto;Asfaltata;Verticale ed orizzontale;Sereno;Normale;Sufficiente;;1;0;0;6;12.4714;41.9413;-1;2;Autovettura privata;In marcia / fermata / arresto;Passeggero;F;Rimandato;0;NON DECEDUTO;Non accertato;Inesploso
5649231;19;17/10/2021 04:40:00;Comunale extraurbana;VIA FLAMINIA;da specificare;;;;altezza GRA;Tamponamento Multiplo;Rettilineo;Una carreggiata a senso unico di marcia;Asciutto;Asfaltata;Verticale ed orizzontale;Sereno;Normale;Sufficiente;;1;0;0;6;12.4714;41.9413;-1;3;Autovettura privata;In marcia / fermata / arresto;Conducente;M;Illeso;0;;Non accertato;Inesploso
5649231;19;17/10/2021 04:40:00;Comunale extraurbana;VIA FLAMINIA;da specificare;;;;altezza GRA;Tamponamento Multiplo;Rettilineo;Una carreggiata a senso unico di marcia;Asciutto;Asfaltata;Verticale ed orizzontale;Sereno;Normale;Sufficiente;;1;0;0;6;12.4714;41.9413;-1;3;Autovettura privata;In marcia / fermata / arresto;Passeggero;M;Illeso;0;;Non accertato;Inesploso
5649231;19;17/10/2021 04:40:00;Comunale extraurbana;VIA FLAMINIA;da specificare;;;;altezza GRA;Tamponamento Multiplo;Rettilineo;Una carreggiata a senso unico di marcia;Asciutto;Asfaltata;Verticale ed orizzontale;Sereno;Normale;Sufficiente;;1;0;0;6;12.4714;41.9413;-1;3;Autovettura privata;In marcia / fermata / arresto;Passeggero;M;Illeso;0;;Non accertato;Inesploso
5649245;7;18/10/2021 12:50:00;Strada Urbana;VIA FRANCESCO TOVAGLIERI;in prossimit�;;del civico n.;163;;Veicolo in marcia contro veicolo fermo;Rettilineo;Una carreggiata a doppio senso;Asciutto;Asfaltata;Verticale ed orizzontale;Sereno;Normale;Buona;;0;0;0;2;12.5862;41.8822;-1;1;Autobus di linea;In marcia / fermata / arresto;Conducente;M;Illeso;0;;Non accertato;Inesploso
5649245;7;18/10/2021 12:50:00;Strada Urbana;VIA FRANCESCO TOVAGLIERI;in prossimit�;;del civico n.;163;;Veicolo in marcia contro veicolo fermo;Rettilineo;Una carreggiata a doppio senso;Asciutto;Asfaltata;Verticale ed orizzontale;Sereno;Normale;Buona;;0;0;0;2;12.5862;41.8822;-1;2;Autocarro inferiore 35 q.;In marcia / fermata / arresto;Conducente;M;Illeso;0;;Non accertato;Inesploso
5649248;19;17/10/2021 11:00:00;Strada Urbana;VIA TRIONFALE;in prossimit�;;del civico n.;8365;;Tamponamento;Rettilineo;Una carreggiata a senso unico di marcia;Asciutto;Asfaltata;Verticale;Sereno;Normale;Buona;;1;0;0;3;12.4262;41.9377;-1;1;Autovettura privata;In marcia / fermata / arresto;Conducente;M;Illeso;0;;;Inesploso
5649248;19;17/10/2021 11:00:00;Strada Urbana;VIA TRIONFALE;in prossimit�;;del civico n.;8365;;Tamponamento;Rettilineo;Una carreggiata a senso unico di marcia;Asciutto;Asfaltata;Verticale;Sereno;Normale;Buona;;1;0;0;3;12.4262;41.9377;-1;2;Autovettura privata;In marcia / fermata / arresto;Passeggero;F;Rifiuta cure immediate;0;NON DECEDUTO;;Inesploso
5649248;19;17/10/2021 11:00:00;Strada Urbana;VIA TRIONFALE;in prossimit�;;del civico n.;8365;;Tamponamento;Rettilineo;Una carreggiata a senso unico di marcia;Asciutto;Asfaltata;Verticale;Sereno;Normale;Buona;;1;0;0;3;12.4262;41.9377;-1;2;Autovettura privata;In marcia / fermata / arresto;Passeggero;F;Illeso;0;;;
5649248;19;17/10/2021 11:00:00;Strada Urbana;VIA TRIONFALE;in prossimit�;;del civico n.;8365;;Tamponamento;Rettilineo;Una carreggiata a senso unico di marcia;Asciutto;Asfaltata;Verticale;Sereno;Normale;Buona;;1;0;0;3;12.4262;41.9377;-1;2;Autovettura privata;In marcia / fermata / arresto;Conducente;F;Illeso;0;;;Inesploso
5649272;19;16/10/2021 15:00:00;Strada Urbana;VIA DELLA STORTA;in corrispondenza;;del civico n.;196;;Scontro frontale/laterale SX fra veicoli in marcia;Rettilineo;Una carreggiata a doppio senso;Asciutto;Asfaltata;Orizzontale;Sereno;Scarso;Sufficiente;;0;0;0;2;12.3539;41.9458;-1;1;Autovettura privata;In marcia / fermata / arresto;Conducente;M;Illeso;0;;Non accertato;Inesploso
5649272;19;16/10/2021 15:00:00;Strada Urbana;VIA DELLA STORTA;in corrispondenza;;del civico n.;196;;Scontro frontale/laterale SX fra veicoli in marcia;Rettilineo;Una carreggiata a doppio senso;Asciutto;Asfaltata;Orizzontale;Sereno;Scarso;Sufficiente;;0;0;0;2;12.3539;41.9458;-1;2;Autovettura privata;In marcia / fermata / arresto;Conducente;M;Illeso;0;;Non accertato;Inesploso
5649311;17;16/10/2021 05:15:00;Strada Urbana;PIAZZA CELIMONTANA;in corrispondenza;;del civico n.;52;;Veicolo in marcia contro veicolo in sosta;Curva a visuale libera;Una carreggiata a doppio senso;Asciutto;In cubetti di porfido;Verticale ed orizzontale;Sereno;Scarso;Buona;;0;0;0;2;12.4961;41.8868;-1;1;Autovettura privata;In marcia / fermata / arresto;Conducente;M;Illeso;0;;;
5649311;17;16/10/2021 05:15:00;Strada Urbana;PIAZZA CELIMONTANA;in corrispondenza;;del civico n.;52;;Veicolo in marcia contro veicolo in sosta;Curva a visuale libera;Una carreggiata a doppio senso;Asciutto;In cubetti di porfido;Verticale ed orizzontale;Sereno;Scarso;Buona;;0;0;0;2;12.4961;41.8868;-1;1;Autovettura privata;In marcia / fermata / arresto;Passeggero;M;Illeso;0;;;
5649311;17;16/10/2021 05:15:00;Strada Urbana;PIAZZA CELIMONTANA;in corrispondenza;;del civico n.;52;;Veicolo in marcia contro veicolo in sosta;Curva a visuale libera;Una carreggiata a doppio senso;Asciutto;In cubetti di porfido;Verticale ed orizzontale;Sereno;Scarso;Buona;;0;0;0;2;12.4961;41.8868;-1;2;Autovettura privata;Sosta;;;;;;;
5649319;1;15/10/2021 15:50:00;Strada Urbana;PIAZZA VENEZIA;all'intersezione con;VIA DEL CORSO;VIA DEL CORSO;;;Veicolo in marcia contro ostacolo accidentale;Intersezione stradale segnalata;Due carreggiate;Asciutto;In cubetti di porfido;Verticale ed orizzontale;Sereno;;Buona;;0;0;0;1;;;0;1;Ciclomotore;In marcia / fermata / arresto;Conducente;M;Illeso;0;;;
5649322;12;16/10/2021 21:30:00;Strada Urbana;VIA GIUSEPPE LIBETTA;in corrispondenza;;del civico n.;45;;Veicolo in marcia contro veicolo in sosta;Rettilineo;Una carreggiata a doppio senso;Asciutto;Asfaltata;Verticale ed orizzontale;Sereno;Scarso;Sufficiente;;0;0;0;1;12.4797;41.8633;-1;1;Autovettura privata;In marcia / fermata / arresto;Conducente;M;Illeso;0;;;
5649322;12;16/10/2021 21:30:00;Strada Urbana;VIA GIUSEPPE LIBETTA;in corrispondenza;;del civico n.;45;;Veicolo in marcia contro veicolo in sosta;Rettilineo;Una carreggiata a doppio senso;Asciutto;Asfaltata;Verticale ed orizzontale;Sereno;Scarso;Sufficiente;;0;0;0;1;12.4797;41.8633;-1;2;Autovettura di polizia;Sosta;;;;;;;
5649334;9;18/10/2021 12:30:00;Strada Urbana;VIA LA SPEZIA;all'intersezione con;VIA POZZUOLI;VIA POZZUOLI;;;Scontro laterale fra veicoli in marcia;Incrocio;Una carreggiata a senso unico di marcia;Asciutto;Asfaltata;Verticale ed orizzontale;Sereno;Intenso;Buona;;0;0;0;3;12.5128;41.8859;-1;1;Autovettura privata;In marcia / fermata / arresto;Passeggero;M;Illeso;0;;Non accertato;Inesploso
5649334;9;18/10/2021 12:30:00;Strada Urbana;VIA LA SPEZIA;all'intersezione con;VIA POZZUOLI;VIA POZZUOLI;;;Scontro laterale fra veicoli in marcia;Incrocio;Una carreggiata a senso unico di marcia;Asciutto;Asfaltata;Verticale ed orizzontale;Sereno;Intenso;Buona;;0;0;0;3;12.5128;41.8859;-1;1;Autovettura privata;In marcia / fermata / arresto;Conducente;M;Illeso;0;;Non accertato;Inesploso
5649334;9;18/10/2021 12:30:00;Strada Urbana;VIA LA SPEZIA;all'intersezione con;VIA POZZUOLI;VIA POZZUOLI;;;Scontro laterale fra veicoli in marcia;Incrocio;Una carreggiata a senso unico di marcia;Asciutto;Asfaltata;Verticale ed orizzontale;Sereno;Intenso;Buona;;0;0;0;3;12.5128;41.8859;-1;2;Autovettura privata;In marcia / fermata / arresto;Conducente;F;Illeso;0;;Non accertato;Inesploso
5649339;9;18/10/2021 13:20:00;;VIA CESENA;all'intersezione con;VIA TARANTO;VIA TARANTO;;;Veicolo in marcia contro veicolo in sosta;;;;;;;;;;0;0;0;1;12.514;41.8847;0;1;Autocarro inferiore 35 q.;In marcia / fermata / arresto;Conducente;F;Illeso;0;;Non accertato;Inesploso
5649339;9;18/10/2021 13:20:00;;VIA CESENA;all'intersezione con;VIA TARANTO;VIA TARANTO;;;Veicolo in marcia contro veicolo in sosta;;;;;;;;;;0;0;0;1;12.514;41.8847;0;2;Autovettura privata;Sosta;;;;;;;
5649372;12;17/10/2021 01:00:00;Strada Urbana;VIA DELLA FANELLA;in prossimit�;;del civico n.;31;;Veicolo in marcia contro veicolo in sosta;Rettilineo;Una carreggiata a doppio senso;Asciutto;Asfaltata;Verticale;Sereno;Scarso;Buona;;0;0;0;1;12.4323;41.8537;-1;1;Autovettura privata;In marcia / fermata / arresto;Conducente;M;Illeso;0;;Utilizzato;Inesploso
5649372;12;17/10/2021 01:00:00;Strada Urbana;VIA DELLA FANELLA;in prossimit�;;del civico n.;31;;Veicolo in marcia contro veicolo in sosta;Rettilineo;Una carreggiata a doppio senso;Asciutto;Asfaltata;Verticale;Sereno;Scarso;Buona;;0;0;0;1;12.4323;41.8537;-1;2;Autovettura privata;Sosta;;;;;;;
5649376;16;15/10/2021 17:50:00;;VIA ORESTE REGNOLI;all'intersezione con;VIA GIACINTO CARINI;VIA GIACINTO CARINI;;;Investimento di pedone;;;;;;;;;;0;0;0;2;;;0;;;;Pedone;M;Illeso;0;;;
5649376;16;15/10/2021 17:50:00;;VIA ORESTE REGNOLI;all'intersezione con;VIA GIACINTO CARINI;VIA GIACINTO CARINI;;;Investimento di pedone;;;;;;;;;;0;0;0;2;;;0;1;Autovettura privata;In marcia / fermata / arresto;Conducente;F;Illeso;0;;;
5649386;10;18/10/2021 08:00:00;Strada Urbana;VIA FABRIZIO LUSCINO;all'intersezione con;VIA LUCIO SESTIO;VIA LUCIO SESTIO;;;Scontro frontale/laterale DX fra veicoli in marcia;Incrocio;Una carreggiata a senso unico di marcia;Asciutto;Asfaltata;Verticale ed orizzontale;Sereno;Normale;Buona;;1;0;0;1;12.5542;41.8568;-1;1;Autovettura privata;In marcia / fermata / arresto;Conducente;F;Illeso;0;;Non accertato;Inesploso
5649386;10;18/10/2021 08:00:00;Strada Urbana;VIA FABRIZIO LUSCINO;all'intersezione con;VIA LUCIO SESTIO;VIA LUCIO SESTIO;;;Scontro frontale/laterale DX fra veicoli in marcia;Incrocio;Una carreggiata a senso unico di marcia;Asciutto;Asfaltata;Verticale ed orizzontale;Sereno;Normale;Buona;;1;0;0;1;12.5542;41.8568;-1;2;Autovettura privata;In marcia / fermata / arresto;Conducente;F;Rimandato;0;NON DECEDUTO;Non accertato;Inesploso
5649404;16;15/10/2021 22:30:00;Strada Urbana;VIA AURELIA ANTICA;all'intersezione con;LARGO DON LUIGI GUANELLA;LARGO DON LUIGI GUANELLA;;;Scontro frontale/laterale SX fra veicoli in marcia;Intersezione semaforizzata;Una carreggiata a doppio senso;Asciutto;Asfaltata;Verticale ed orizzontale;Sereno;Normale;Sufficiente;;0;0;0;2;12.435;41.8902;-1;1;Autovettura privata;In marcia / fermata / arresto;Conducente;F;Illeso;0;;Non accertato;Inesploso
5649404;16;15/10/2021 22:30:00;Strada Urbana;VIA AURELIA ANTICA;all'intersezione con;LARGO DON LUIGI GUANELLA;LARGO DON LUIGI GUANELLA;;;Scontro frontale/laterale SX fra veicoli in marcia;Intersezione semaforizzata;Una carreggiata a doppio senso;Asciutto;Asfaltata;Verticale ed orizzontale;Sereno;Normale;Sufficiente;;0;0;0;2;12.435;41.8902;-1;2;Autovettura privata;In marcia / fermata / arresto;Conducente;M;Illeso;0;;Non accertato;Inesploso
5649416;16;16/10/2021 09:10:00;Strada Urbana;VIA GIAMBATTISTA MARINO;in prossimit�;;del civico n.;21;;Veicolo in marcia contro veicoli in sosta;Rettilineo;Una carreggiata a senso unico di marcia;Asciutto;Asfaltata;Verticale;Sereno;Normale;Buona;;0;0;0;1;12.4635;41.8764;-1;1;Autovettura privata;In marcia / fermata / arresto;Conducente;M;Illeso;0;;Non accertato;Inesploso
5649416;16;16/10/2021 09:10:00;Strada Urbana;VIA GIAMBATTISTA MARINO;in prossimit�;;del civico n.;21;;Veicolo in marcia contro veicoli in sosta;Rettilineo;Una carreggiata a senso unico di marcia;Asciutto;Asfaltata;Verticale;Sereno;Normale;Buona;;0;0;0;1;12.4635;41.8764;-1;2;Autovettura privata;Sosta;;;;;;;
5649416;16;16/10/2021 09:10:00;Strada Urbana;VIA GIAMBATTISTA MARINO;in prossimit�;;del civico n.;21;;Veicolo in marcia contro veicoli in sosta;Rettilineo;Una carreggiata a senso unico di marcia;Asciutto;Asfaltata;Verticale;Sereno;Normale;Buona;;0;0;0;1;12.4635;41.8764;-1;3;Autovettura privata;Sosta;;;;;;;
5649420;15;18/10/2021 09:30:00;Strada Urbana;VIA PORTUENSE;in corrispondenza;;del civico n.;798;;Scontro frontale/laterale DX fra veicoli in marcia;Rettilineo;Una carreggiata a doppio senso;Asciutto;Asfaltata;Orizzontale;Sereno;Normale;Buona;;0;0;0;2;12.4207;41.8504;-1;1;Autovettura privata;In marcia / fermata / arresto;Conducente;M;Illeso;0;;Non accertato;Inesploso
5649420;15;18/10/2021 09:30:00;Strada Urbana;VIA PORTUENSE;in corrispondenza;;del civico n.;798;;Scontro frontale/laterale DX fra veicoli in marcia;Rettilineo;Una carreggiata a doppio senso;Asciutto;Asfaltata;Orizzontale;Sereno;Normale;Buona;;0;0;0;2;12.4207;41.8504;-1;2;Autovettura privata;In marcia / fermata / arresto;Conducente;M;Illeso;0;;Non utilizzato;Inesploso
5649435;16;16/10/2021 12:10:00;Strada Urbana;PIAZZALE ENRICO DUNANT;da specificare;;;;fronte civico 53;Scontro laterale fra veicoli in marcia;Rettilineo;Due carreggiate;Asciutto;Asfaltata;Verticale ed orizzontale;Sereno;Normale;Buona;;0;0;0;3;12.4589;41.8725;-1;1;Motociclo a solo;In marcia / fermata / arresto;Conducente;M;Illeso;0;;Non accertato;
5649435;16;16/10/2021 12:10:00;Strada Urbana;PIAZZALE ENRICO DUNANT;da specificare;;;;fronte civico 53;Scontro laterale fra veicoli in marcia;Rettilineo;Due carreggiate;Asciutto;Asfaltata;Verticale ed orizzontale;Sereno;Normale;Buona;;0;0;0;3;12.4589;41.8725;-1;2;Autovettura privata;In marcia / fermata / arresto;Conducente;M;Illeso;0;;Non accertato;
5649435;16;16/10/2021 12:10:00;Strada Urbana;PIAZZALE ENRICO DUNANT;da specificare;;;;fronte civico 53;Scontro laterale fra veicoli in marcia;Rettilineo;Due carreggiate;Asciutto;Asfaltata;Verticale ed orizzontale;Sereno;Normale;Buona;;0;0;0;3;12.4589;41.8725;-1;2;Autovettura privata;In marcia / fermata / arresto;Passeggero;F;Illeso;0;;Non accertato;
5649446;17;15/10/2021 14:20:00;Strada Urbana;PIAZZA GIUSEPPE MAZZINI;in prossimit�;;del civico n.;22;;Scontro frontale/laterale DX fra veicoli in marcia;Rotatoria;Una carreggiata a senso unico di marcia;Asciutto;Asfaltata;Verticale ed orizzontale;Sereno;Normale;Buona;;0;0;0;3;12.4629;41.9154;0;1;Autovettura privata;In marcia / fermata / arresto;Conducente;M;Illeso;0;;;
5649446;17;15/10/2021 14:20:00;Strada Urbana;PIAZZA GIUSEPPE MAZZINI;in prossimit�;;del civico n.;22;;Scontro frontale/laterale DX fra veicoli in marcia;Rotatoria;Una carreggiata a senso unico di marcia;Asciutto;Asfaltata;Verticale ed orizzontale;Sereno;Normale;Buona;;0;0;0;3;12.4629;41.9154;0;1;Autovettura privata;In marcia / fermata / arresto;Passeggero;F;Illeso;0;;;
5649446;17;15/10/2021 14:20:00;Strada Urbana;PIAZZA GIUSEPPE MAZZINI;in prossimit�;;del civico n.;22;;Scontro frontale/laterale DX fra veicoli in marcia;Rotatoria;Una carreggiata a senso unico di marcia;Asciutto;Asfaltata;Verticale ed orizzontale;Sereno;Normale;Buona;;0;0;0;3;12.4629;41.9154;0;2;Autovettura privata;In marcia / fermata / arresto;Conducente;M;Illeso;0;;;
5649447;16;16/10/2021 12:15:00;Strada Urbana;VIA FERDINANDO PALASCIANO;da specificare;;;;fronte civico 32;Scontro frontale/laterale DX fra veicoli in marcia;Rettilineo;Una carreggiata a senso unico di marcia;Asciutto;Asfaltata;Verticale ed orizzontale;Sereno;Normale;Buona;;0;0;0;2;12.4466;41.8724;-1;1;Autovettura privata;In marcia / fermata / arresto;Conducente;M;Illeso;0;;Non accertato;
5649447;16;16/10/2021 12:15:00;Strada Urbana;VIA FERDINANDO PALASCIANO;da specificare;;;;fronte civico 32;Scontro frontale/laterale DX fra veicoli in marcia;Rettilineo;Una carreggiata a senso unico di marcia;Asciutto;Asfaltata;Verticale ed orizzontale;Sereno;Normale;Buona;;0;0;0;2;12.4466;41.8724;-1;2;Autovettura privata;In marcia / fermata / arresto;Conducente;F;Illeso;0;;Non accertato;
5649450;12;17/10/2021 12:45:00;Statale;VIA PONTINA;da specificare;;;;direzione LATINA Km 17,800;Tamponamento Multiplo;Rettilineo;Due carreggiate;Asciutto;Asfaltata;Verticale ed orizzontale;Sereno;Normale;Buona;;0;0;0;8;12.4371;41.7477;-1;1;Autovettura privata;In marcia / fermata / arresto;Passeggero;F;Illeso;0;;;
5649450;12;17/10/2021 12:45:00;Statale;VIA PONTINA;da specificare;;;;direzione LATINA Km 17,800;Tamponamento Multiplo;Rettilineo;Due carreggiate;Asciutto;Asfaltata;Verticale ed orizzontale;Sereno;Normale;Buona;;0;0;0;8;12.4371;41.7477;-1;1;Autovettura privata;In marcia / fermata / arresto;Conducente;F;Illeso;0;;;
5649450;12;17/10/2021 12:45:00;Statale;VIA PONTINA;da specificare;;;;direzione LATINA Km 17,800;Tamponamento Multiplo;Rettilineo;Due carreggiate;Asciutto;Asfaltata;Verticale ed orizzontale;Sereno;Normale;Buona;;0;0;0;8;12.4371;41.7477;-1;1;Autovettura privata;In marcia / fermata / arresto;Passeggero;M;Illeso;0;;;
5649450;12;17/10/2021 12:45:00;Statale;VIA PONTINA;da specificare;;;;direzione LATINA Km 17,800;Tamponamento Multiplo;Rettilineo;Due carreggiate;Asciutto;Asfaltata;Verticale ed orizzontale;Sereno;Normale;Buona;;0;0;0;8;12.4371;41.7477;-1;2;Autovettura privata;In marcia / fermata / arresto;Passeggero;M;Illeso;0;;;
5649450;12;17/10/2021 12:45:00;Statale;VIA PONTINA;da specificare;;;;direzione LATINA Km 17,800;Tamponamento Multiplo;Rettilineo;Due carreggiate;Asciutto;Asfaltata;Verticale ed orizzontale;Sereno;Normale;Buona;;0;0;0;8;12.4371;41.7477;-1;2;Autovettura privata;In marcia / fermata / arresto;Conducente;M;Illeso;0;;;
5649450;12;17/10/2021 12:45:00;Statale;VIA PONTINA;da specificare;;;;direzione LATINA Km 17,800;Tamponamento Multiplo;Rettilineo;Due carreggiate;Asciutto;Asfaltata;Verticale ed orizzontale;Sereno;Normale;Buona;;0;0;0;8;12.4371;41.7477;-1;3;Autovettura privata;In marcia / fermata / arresto;Conducente;M;Illeso;0;;;
5649450;12;17/10/2021 12:45:00;Statale;VIA PONTINA;da specificare;;;;direzione LATINA Km 17,800;Tamponamento Multiplo;Rettilineo;Due carreggiate;Asciutto;Asfaltata;Verticale ed orizzontale;Sereno;Normale;Buona;;0;0;0;8;12.4371;41.7477;-1;3;Autovettura privata;In marcia / fermata / arresto;Passeggero;F;Illeso;0;;;