Protocollo;Gruppo;DataOraIncidente;Localizzazione1;STRADA1;Localizzazione2;STRADA2;Strada02;Chilometrica;DaSpecificare;NaturaIncidente;particolaritastrade;TipoStrada;FondoStradale;Pavimentazione;Segnaletica;CondizioneAtmosferica;Traffico;Visibilita;Illuminazione;NUM_FERITI;NUM_RISERVATA;NUM_MORTI;NUM_ILLESI;Longitudine;Latitudine;Confermato;Progressivo;TipoVeicolo;StatoVeicolo;TipoPersona;Sesso;Tipolesione;Deceduto;DecedutoDopo;CinturaCascoUtilizzato;Airbag;
5650323;4;18/10/2021 15:30:00;Strada Urbana;VIADOTTO GIUSEPPE SARAGAT;all'intersezione con;VIA GIANNA PEDERZINI;VIA GIANNA PEDERZINI;;;Scontro laterale fra veicoli in marcia;Incrocio;Una carreggiata a senso unico di marcia;Asciutto;Asfaltata;Verticale ed orizzontale;Sereno;Normale;Buona;;1;0;0;2;12.5208;41.9737;-1;3;Autobus di linea;In marcia / fermata / arresto;Conducente;M;Illeso;0;;Non accertato;Inesploso
5650324;4;18/10/2021 10:00:00;Strada Urbana;VIA DI VALLE MELAINA;in prossimit�;;del civico n.;43;;Veicolo in marcia contro veicolo arresto;Rettilineo;Due carreggiate;Asciutto;Asfaltata;Verticale ed orizzontale;Sereno;Normale;Buona;;1;0;0;2;12.5254;41.9475;-1;1;Autocarro inferiore 35 q.;In marcia / fermata / arresto;Passeggero;M;Illeso;0;;;
5650324;4;18/10/2021 10:00:00;Strada Urbana;VIA DI VALLE MELAINA;in prossimit�;;del civico n.;43;;Veicolo in marcia contro veicolo arresto;Rettilineo;Due carreggiate;Asciutto;Asfaltata;Verticale ed orizzontale;Sereno;Normale;Buona;;1;0;0;2;12.5254;41.9475;-1;1;Autocarro inferiore 35 q.;In marcia / fermata / arresto;Conducente;M;Illeso;0;;;
5650324;4;18/10/2021 10:00:00;Strada Urbana;VIA DI VALLE MELAINA;in prossimit�;;del civico n.;43;;Veicolo in marcia contro veicolo arresto;Rettilineo;Due carreggiate;Asciutto;Asfaltata;Verticale ed orizzontale;Sereno;Normale;Buona;;1;0;0;2;12.5254;41.9475;-1;2;Motociclo a solo;In marcia / fermata / arresto;Conducente;M;Rimandato;0;NON DECEDUTO;;
5650342;1;15/10/2021 15:45:00;Strada Urbana;VIALE MANZONI;all'intersezione semaforizzata con;VIA PRINCIPE EUGENIO;VIA PRINCIPE EUGENIO;;;Scontro frontale/laterale DX fra veicoli in marcia;Intersezione semaforizzata;Una carreggiata a doppio senso;Asciutto;Asfaltata;Verticale ed orizzontale;Sereno;Normale;Buona;;0;0;0;2;12.5091;41.8925;-1;1;Autovettura privata;In marcia / fermata / arresto;Conducente;M;Illeso;0;;Non accertato;Inesploso
5650342;1;15/10/2021 15:45:00;Strada Urbana;VIALE MANZONI;all'intersezione semaforizzata con;VIA PRINCIPE EUGENIO;VIA PRINCIPE EUGENIO;;;Scontro frontale/laterale DX fra veicoli in marcia;Intersezione semaforizzata;Una carreggiata a doppio senso;Asciutto;Asfaltata;Verticale ed orizzontale;Sereno;Normale;Buona;;0;0;0;2;12.5091;41.8925;-1;2;Autovettura privata;In marcia / fermata / arresto;Conducente;M;Illeso;0;;Non accertato;Inesploso
5650361;7;18/10/2021 15:15:00;Strada Urbana;VIA DEI GELSI;all'intersezione con;VIALE DELLA PRIMAVERA;VIALE DELLA PRIMAVERA;;;Scontro frontale/laterale SX fra veicoli in marcia;Incrocio;Una carreggiata a doppio senso;Asciutto;Asfaltata;Verticale ed orizzontale;Sereno;Normale;Buona;;0;0;0;2;12.5617;41.8878;-1;1;Autovettura privata;In marcia / fermata / arresto;Conducente;F;Illeso;0;;;
5650361;7;18/10/2021 15:15:00;Strada Urbana;VIA DEI GELSI;all'intersezione con;VIALE DELLA PRIMAVERA;VIALE DELLA PRIMAVERA;;;Scontro frontale/laterale SX fra veicoli in marcia;Incrocio;Una carreggiata a doppio senso;Asciutto;Asfaltata;Verticale ed orizzontale;Sereno;Normale;Buona;;0;0;0;2;12.5617;41.8878;-1;2;Autovettura privata;In marcia / fermata / arresto;Conducente;M;Illeso;0;;Non accertato;Inesploso
5650371;18;18/10/2021 23:40:00;;VIA DI ACQUAFREDDA;da specificare;;;;rampa d'immissione da via Aurelia direzione centro;Veicolo in marcia contro ostacolo accidentale;;;;;;;;;;0;0;0;1;12.3956;41.8939;0;1;Autovettura privata;In marcia / fermata / arresto;Conducente;M;Illeso;0;;;
5650376;8;18/10/2021 17:30:00;Strada Urbana;VIA DI TOR FORAME;da specificare;;;;fronte civico 80;Veicolo in marcia contro ostacolo fisso;Rettilineo;Una carreggiata a doppio senso;Asciutto;Asfaltata;Verticale;Sereno;Scarso;Buona;;0;0;1;0;;;0;1;Motociclo a solo;In marcia / fermata / arresto;Conducente;M;Deceduto durante prime cure;-1;;Non accertato;
5650422;1;16/10/2021 13:20:00;Strada Urbana;PONTE GARIBALDI;all'intersezione semaforizzata con;LUNGOTEVERE RAFFAELLO SANZIO;LUNGOTEVERE RAFFAELLO SANZIO;;;Scontro frontale/laterale DX fra veicoli in marcia;Intersezione semaforizzata;Pi� di due carreggiate;Asciutto;Asfaltata;Orizzontale;Sereno;Normale;Buona;;0;0;0;3;12.4744;41.8904;-1;1;Autovettura di polizia;In marcia / fermata / arresto;Conducente;M;Illeso;0;;Non accertato;Inesploso
5650422;1;16/10/2021 13:20:00;Strada Urbana;PONTE GARIBALDI;all'intersezione semaforizzata con;LUNGOTEVERE RAFFAELLO SANZIO;LUNGOTEVERE RAFFAELLO SANZIO;;;Scontro frontale/laterale DX fra veicoli in marcia;Intersezione semaforizzata;Pi� di due carreggiate;Asciutto;Asfaltata;Orizzontale;Sereno;Normale;Buona;;0;0;0;3;12.4744;41.8904;-1;1;Autovettura di polizia;In marcia / fermata / arresto;Passeggero;M;Illeso;0;;Non accertato;Inesploso
5650422;1;16/10/2021 13:20:00;Strada Urbana;PONTE GARIBALDI;all'intersezione semaforizzata con;LUNGOTEVERE RAFFAELLO SANZIO;LUNGOTEVERE RAFFAELLO SANZIO;;;Scontro frontale/laterale DX fra veicoli in marcia;Intersezione semaforizzata;Pi� di due carreggiate;Asciutto;Asfaltata;Orizzontale;Sereno;Normale;Buona;;0;0;0;3;12.4744;41.8904;-1;2;Autovettura privata;In marcia / fermata / arresto;Conducente;F;Illeso;0;;Non accertato;Inesploso
5650437;17;16/10/2021 13:20:00;Strada Urbana;PONTE VITTORIO EMANUELE II;all'intersezione con;LUNGOTEVERE DEI FIORENTINI;LUNGOTEVERE DEI FIORENTINI;;;Scontro laterale fra veicoli in marcia;Intersezione semaforizzata;Una carreggiata a senso unico di marcia;Asciutto;Asfaltata;Verticale ed orizzontale;Sereno;Normale;Buona;;0;0;0;4;12.4643;41.9012;-1;1;Autovettura privata;In marcia / fermata / arresto;Passeggero;F;Illeso;0;;;
5650437;17;16/10/2021 13:20:00;Strada Urbana;PONTE VITTORIO EMANUELE II;all'intersezione con;LUNGOTEVERE DEI FIORENTINI;LUNGOTEVERE DEI FIORENTINI;;;Scontro laterale fra veicoli in marcia;Intersezione semaforizzata;Una carreggiata a senso unico di marcia;Asciutto;Asfaltata;Verticale ed orizzontale;Sereno;Normale;Buona;;0;0;0;4;12.4643;41.9012;-1;1;Autovettura privata;In marcia / fermata / arresto;Conducente;F;Illeso;0;;;
5650437;17;16/10/2021 13:20:00;Strada Urbana;PONTE VITTORIO EMANUELE II;all'intersezione con;LUNGOTEVERE DEI FIORENTINI;LUNGOTEVERE DEI FIORENTINI;;;Scontro laterale fra veicoli in marcia;Intersezione semaforizzata;Una carreggiata a senso unico di marcia;Asciutto;Asfaltata;Verticale ed orizzontale;Sereno;Normale;Buona;;0;0;0;4;12.4643;41.9012;-1;2;Autovettura di polizia;In marcia / fermata / arresto;Conducente;M;Illeso;0;;;
5650437;17;16/10/2021 13:20:00;Strada Urbana;PONTE VITTORIO EMANUELE II;all'intersezione con;LUNGOTEVERE DEI FIORENTINI;LUNGOTEVERE DEI FIORENTINI;;;Scontro laterale fra veicoli in marcia;Intersezione semaforizzata;Una carreggiata a senso unico di marcia;Asciutto;Asfaltata;Verticale ed orizzontale;Sereno;Normale;Buona;;0;0;0;4;12.4643;41.9012;-1;2;Autovettura di polizia;In marcia / fermata / arresto;Passeggero;M;Illeso;0;;;
5650444;4;18/10/2021 19:15:00;Strada Urbana;VIA QUARRATA;all'intersezione con;VIA S. GENNARO;VIA S. GENNARO;;;Scontro laterale fra veicoli in marcia;Incrocio;Una carreggiata a doppio senso;Asciutto;Asfaltata;Assente;Sereno;Scarso;Buona;;0;0;0;1;12.5129;41.9782;-1;1;Autovettura privata;In marcia / fermata / arresto;Conducente;M;Illeso;0;;Non accertato;Inesploso
5650444;4;18/10/2021 19:15:00;Strada Urbana;VIA QUARRATA;all'intersezione con;VIA S. GENNARO;VIA S. GENNARO;;;Scontro laterale fra veicoli in marcia;Incrocio;Una carreggiata a doppio senso;Asciutto;Asfaltata;Assente;Sereno;Scarso;Buona;;0;0;0;1;12.5129;41.9782;-1;2;Motociclo a solo;In marcia / fermata / arresto;;;;;;;
5650458;4;18/10/2021 19:25:00;Strada Urbana;VIA VAL SILLARO;da specificare;;;;altezza VIA CONCA D'ORO;Investimento di pedone;Rettilineo;Una carreggiata a senso unico di marcia;Asciutto;Asfaltata;Verticale ed orizzontale;Sereno;Normale;Buona;;1;0;0;2;12.5267;41.9406;-1;;;;Pedone;M;Illeso;0;;;
5650458;4;18/10/2021 19:25:00;Strada Urbana;VIA VAL SILLARO;da specificare;;;;altezza VIA CONCA D'ORO;Investimento di pedone;Rettilineo;Una carreggiata a senso unico di marcia;Asciutto;Asfaltata;Verticale ed orizzontale;Sereno;Normale;Buona;;1;0;0;2;12.5267;41.9406;-1;1;Motociclo a solo;In marcia / fermata / arresto;Conducente;M;Illeso;0;;Non accertato;
5650458;4;18/10/2021 19:25:00;Strada Urbana;VIA VAL SILLARO;da specificare;;;;altezza VIA CONCA D'ORO;Investimento di pedone;Rettilineo;Una carreggiata a senso unico di marcia;Asciutto;Asfaltata;Verticale ed orizzontale;Sereno;Normale;Buona;;1;0;0;2;12.5267;41.9406;-1;1;Motociclo a solo;In marcia / fermata / arresto;Passeggero;M;Rimandato;0;NON DECEDUTO;Non accertato;
5650465;1;16/10/2021 23:30:00;Strada Urbana;PIAZZA CENCI;in prossimit�;;del civico n.;7;;Veicolo in marcia contro veicolo in sosta;Rettilineo;Una carreggiata a senso unico di marcia;Asciutto;Lastricata;Verticale ed orizzontale;Sereno;Scarso;Sufficiente;;0;0;0;2;12.4756;41.8928;-1;1;Autovettura privata;Sosta;Passeggero;M;Illeso;0;;Non accertato;Inesploso
5650465;1;16/10/2021 23:30:00;Strada Urbana;PIAZZA CENCI;in prossimit�;;del civico n.;7;;Veicolo in marcia contro veicolo in sosta;Rettilineo;Una carreggiata a senso unico di marcia;Asciutto;Lastricata;Verticale ed orizzontale;Sereno;Scarso;Sufficiente;;0;0;0;2;12.4756;41.8928;-1;2;Autovettura privata;In marcia / fermata / arresto;Conducente;F;Illeso;0;;Non accertato;Inesploso
5650500;7;19/10/2021 09:45:00;Strada Urbana;VIA PRENESTINA;in corrispondenza;;del civico n.;1022;;Scontro frontale/laterale SX fra veicoli in marcia;Rettilineo;Una carreggiata a doppio senso;Asciutto;Asfaltata;Verticale ed orizzontale;Sereno;Normale;Buona;;0;0;0;2;12.6077;41.8936;-1;1;Autovettura privata;In marcia / fermata / arresto;Conducente;M;Illeso;0;;;
5650500;7;19/10/2021 09:45:00;Strada Urbana;VIA PRENESTINA;in corrispondenza;;del civico n.;1022;;Scontro frontale/laterale SX fra veicoli in marcia;Rettilineo;Una carreggiata a doppio senso;Asciutto;Asfaltata;Verticale ed orizzontale;Sereno;Normale;Buona;;0;0;0;2;12.6077;41.8936;-1;2;Autovettura privata;In marcia / fermata / arresto;Conducente;M;Illeso;0;;;
5650508;1;17/10/2021 19:10:00;Strada Urbana;VIA FLAVIA;all'intersezione con;VIA AURELIANA;VIA AURELIANA;;;Scontro frontale/laterale SX fra veicoli in marcia;Incrocio;Una carreggiata a senso unico di marcia;Asciutto;In cubetti di porfido;Verticale ed orizzontale;Sereno;Scarso;Buona;;0;0;0;2;12.4961;41.9063;-1;1;Autovettura privata;In marcia / fermata / arresto;Conducente;M;Illeso;0;;Non accertato;Inesploso
5650508;1;17/10/2021 19:10:00;Strada Urbana;VIA FLAVIA;all'intersezione con;VIA AURELIANA;VIA AURELIANA;;;Scontro frontale/laterale SX fra veicoli in marcia;Incrocio;Una carreggiata a senso unico di marcia;Asciutto;In cubetti di porfido;Verticale ed orizzontale;Sereno;Scarso;Buona;;0;0;0;2;12.4961;41.9063;-1;2;Quadriciclo leggero;In marcia / fermata / arresto;Conducente;F;Illeso;0;;Non accertato;Inesploso
5650508;1;17/10/2021 19:10:00;Strada Urbana;VIA FLAVIA;all'intersezione con;VIA AURELIANA;VIA AURELIANA;;;Scontro frontale/laterale SX fra veicoli in marcia;Incrocio;Una carreggiata a senso unico di marcia;Asciutto;In cubetti di porfido;Verticale ed orizzontale;Sereno;Scarso;Buona;;0;0;0;2;12.4961;41.9063;-1;3;Autovettura privata;Sosta;;;;;;;
5650510;19;19/10/2021 08:40:00;Strada Urbana;VIA ENRICO PESTALOZZI;in prossimit�;;del civico n.;20;;Tamponamento;Rettilineo;Una carreggiata a senso unico di marcia;Asciutto;Asfaltata;Verticale ed orizzontale;Sereno;Intenso;Buona;;0;0;0;2;12.426;41.9359;-1;1;Autovettura privata;In marcia / fermata / arresto;Conducente;M;Illeso;0;;Non accertato;Inesploso
5650510;19;19/10/2021 08:40:00;Strada Urbana;VIA ENRICO PESTALOZZI;in prossimit�;;del civico n.;20;;Tamponamento;Rettilineo;Una carreggiata a senso unico di marcia;Asciutto;Asfaltata;Verticale ed orizzontale;Sereno;Intenso;Buona;;0;0;0;2;12.426;41.9359;-1;2;Autovettura privata;In marcia / fermata / arresto;Conducente;M;Illeso;0;;Non accertato;Inesploso
5650528;3;18/10/2021 13:20:00;Strada Urbana;VIA TIBURTINA;da specificare;;;;altezza Piazza delle Crociate;Tamponamento;Rettilineo;Una carreggiata a senso unico di marcia;Asciutto;Asfaltata;Verticale ed orizzontale;Sereno;Normale;Buona;;0;0;0;3;12.5264;41.9086;-1;1;Autovettura privata;In marcia / fermata / arresto;Conducente;M;Illeso;0;;;
5650528;3;18/10/2021 13:20:00;Strada Urbana;VIA TIBURTINA;da specificare;;;;altezza Piazza delle Crociate;Tamponamento;Rettilineo;Una carreggiata a senso unico di marcia;Asciutto;Asfaltata;Verticale ed orizzontale;Sereno;Normale;Buona;;0;0;0;3;12.5264;41.9086;-1;2;Autovettura privata;In marcia / fermata / arresto;Conducente;F;Illeso;0;;;
5650528;3;18/10/2021 13:20:00;Strada Urbana;VIA TIBURTINA;da specificare;;;;altezza Piazza delle Crociate;Tamponamento;Rettilineo;Una carreggiata a senso unico di marcia;Asciutto;Asfaltata;Verticale ed orizzontale;Sereno;Normale;Buona;;0;0;0;3;12.5264;41.9086;-1;2;Autovettura privata;In marcia / fermata / arresto;Passeggero;F;Illeso;0;;;
5650545;17;18/10/2021 19:30:00;Strada Urbana;VIA DELLA MAGLIANELLA;all'intersezione con;VIA SUOR MARIA AGOSTINA;VIA SUOR MARIA AGOSTINA;;;Scontro frontale/laterale SX fra veicoli in marcia;Intersezione non regolata/non segnalata;Una carreggiata a doppio senso;Asciutto;Asfaltata;Verticale ed orizzontale;Sereno;Normale;Sufficiente;;1;0;0;1;12.3791;41.9018;-1;1;Autovettura privata;In marcia / fermata / arresto;Conducente;M;Rimandato;0;NON DECEDUTO;;
5650545;17;18/10/2021 19:30:00;Strada Urbana;VIA DELLA MAGLIANELLA;all'intersezione con;VIA SUOR MARIA AGOSTINA;VIA SUOR MARIA AGOSTINA;;;Scontro frontale/laterale SX fra veicoli in marcia;Intersezione non regolata/non segnalata;Una carreggiata a doppio senso;Asciutto;Asfaltata;Verticale ed orizzontale;Sereno;Normale;Sufficiente;;1;0;0;1;12.3791;41.9018;-1;2;Autocarro inferiore 35 q.;In marcia / fermata / arresto;Conducente;M;Illeso;0;;;
5650548;13;18/10/2021 17:30:00;;VIA PIETRO BENEDETTI;in prossimit�;;del civico n.;7;;Investimento di pedone;;;;;;;;;;1;0;0;3;;;0;1;Autovettura privata;In marcia / fermata / arresto;Conducente;F;Illeso;0;;;
5650548;13;18/10/2021 17:30:00;;VIA PIETRO BENEDETTI;in prossimit�;;del civico n.;7;;Investimento di pedone;;;;;;;;;;1;0;0;3;;;0;1;Autovettura privata;In marcia / fermata / arresto;Passeggero;F;Illeso;0;;;
5650548;13;18/10/2021 17:30:00;;VIA PIETRO BENEDETTI;in prossimit�;;del civico n.;7;;Investimento di pedone;;;;;;;;;;1;0;0;3;;;0;1;Autovettura privata;In marcia / fermata / arresto;Passeggero;M;Illeso;0;;;
5650548;13;18/10/2021 17:30:00;;VIA PIETRO BENEDETTI;in prossimit�;;del civico n.;7;;Investimento di pedone;;;;;;;;;;1;0;0;3;;;0;2;Velocipede;In marcia / fermata / arresto;Conducente;M;Rimandato;0;NON DECEDUTO;Esente;
5650556;1;17/10/2021 05:45:00;Strada Urbana;VIA DI S. NICOLA DA TOLENTINO;in prossimit�;;del civico n.;15;;Veicolo in marcia contro veicolo in sosta;Pendenza;Una carreggiata a senso unico di marcia;Asciutto;Asfaltata;Verticale ed orizzontale;Sereno;Scarso;Buona;;0;0;0;0;12.4911;41.9048;-1;1;Motociclo a solo;Sosta;;;;;;;
5650556;1;17/10/2021 05:45:00;Strada Urbana;VIA DI S. NICOLA DA TOLENTINO;in prossimit�;;del civico n.;15;;Veicolo in marcia contro veicolo in sosta;Pendenza;Una carreggiata a senso unico di marcia;Asciutto;Asfaltata;Verticale ed orizzontale;Sereno;Scarso;Buona;;0;0;0;0;12.4911;41.9048;-1;2;Autovettura privata;Allontanatosi;;;;;;;
5650572;1;18/10/2021 20:30:00;Strada Urbana;VIA MODENA;all'intersezione con;VIA TORINO;VIA TORINO;;;Scontro laterale fra veicoli in marcia;Incrocio;Una carreggiata a senso unico di marcia;Asciutto;Asfaltata;Verticale ed orizzontale;Sereno;Scarso;Sufficiente;;0;0;0;1;12.4948;41.9026;-1;1;Autovettura privata;In marcia / fermata / arresto;Conducente;M;Illeso;0;;;
5650572;1;18/10/2021 20:30:00;Strada Urbana;VIA MODENA;all'intersezione con;VIA TORINO;VIA TORINO;;;Scontro laterale fra veicoli in marcia;Incrocio;Una carreggiata a senso unico di marcia;Asciutto;Asfaltata;Verticale ed orizzontale;Sereno;Scarso;Sufficiente;;0;0;0;1;12.4948;41.9026;-1;2;Autovettura privata;Allontanatosi;;;;;;;
5650620;9;19/10/2021 09:00:00;Strada Urbana;VIA TUSCOLANA;in prossimit�;;del civico n.;423A;;Scontro laterale fra veicoli in marcia;Rettilineo;Due carreggiate;Asciutto;Asfaltata;Verticale ed orizzontale;Sereno;Normale;Buona;;0;0;0;2;12.5373;41.8697;-1;1;Autovettura privata;In marcia / fermata / arresto;Conducente;M;Illeso;0;;Non accertato;Inesploso
5650620;9;19/10/2021 09:00:00;Strada Urbana;VIA TUSCOLANA;in prossimit�;;del civico n.;423A;;Scontro laterale fra veicoli in marcia;Rettilineo;Due carreggiate;Asciutto;Asfaltata;Verticale ed orizzontale;Sereno;Normale;Buona;;0;0;0;2;12.5373;41.8697;-1;2;Autovettura privata;In marcia / fermata / arresto;Conducente;M;Illeso;0;;Non accertato;Inesploso
5650626;17;18/10/2021 08:15:00;;LUNGOTEVERE PRATI;da specificare;;;;sottopasso carreggiata centrale altez via Ulpiano;Veicolo in marcia contro ostacolo fisso;;;;;;;;;;0;0;0;1;;;0;1;Autovettura privata;In marcia / fermata / arresto;Conducente;M;Illeso;0;;;
5650656;1;17/10/2021 01:05:00;Strada Urbana;PORTO DI RIPA GRANDE;in prossimit�;;del civico n.;8;;Tamponamento;Rettilineo;Una carreggiata a senso unico di marcia;Asciutto;Asfaltata;Verticale ed orizzontale;Sereno;Scarso;Sufficiente;;0;0;0;4;12.4753;41.8839;-1;1;Autovettura privata;In marcia / fermata / arresto;Passeggero;M;Illeso;0;;Non accertato;Inesploso
5650656;1;17/10/2021 01:05:00;Strada Urbana;PORTO DI RIPA GRANDE;in prossimit�;;del civico n.;8;;Tamponamento;Rettilineo;Una carreggiata a senso unico di marcia;Asciutto;Asfaltata;Verticale ed orizzontale;Sereno;Scarso;Sufficiente;;0;0;0;4;12.4753;41.8839;-1;1;Autovettura privata;In marcia / fermata / arresto;Conducente;M;Illeso;0;;Non accertato;Inesploso
5650656;1;17/10/2021 01:05:00;Strada Urbana;PORTO DI RIPA GRANDE;in prossimit�;;del civico n.;8;;Tamponamento;Rettilineo;Una carreggiata a senso unico di marcia;Asciutto;Asfaltata;Verticale ed orizzontale;Sereno;Scarso;Sufficiente;;0;0;0;4;12.4753;41.8839;-1;2;Autovettura privata;In marcia / fermata / arresto;Conducente;M;Illeso;0;;;
5650656;1;17/10/2021 01:05:00;Strada Urbana;PORTO DI RIPA GRANDE;in prossimit�;;del civico n.;8;;Tamponamento;Rettilineo;Una carreggiata a senso unico di marcia;Asciutto;Asfaltata;Verticale ed orizzontale;Sereno;Scarso;Sufficiente;;0;0;0;4;12.4753;41.8839;-1;2;Autovettura privata;In marcia / fermata / arresto;Passeggero;M;Illeso;0;;;
5650664;17;17/10/2021 04:00:00;Strada Urbana;LUNGOTEVERE DELLE ARMI;all'intersezione semaforizzata con;VIA CIRO MENOTTI;VIA CIRO MENOTTI;;;Tamponamento;Intersezione semaforizzata;Una carreggiata a senso unico di marcia;Asciutto;Asfaltata;Verticale ed orizzontale;Sereno;Scarso;Sufficiente;;1;0;0;1;12.4695;41.9159;-1;1;Autovettura privata;In marcia / fermata / arresto;Conducente;M;Illeso;0;;;
5650664;17;17/10/2021 04:00:00;Strada Urbana;LUNGOTEVERE DELLE ARMI;all'intersezione semaforizzata con;VIA CIRO MENOTTI;VIA CIRO MENOTTI;;;Tamponamento;Intersezione semaforizzata;Una carreggiata a senso unico di marcia;Asciutto;Asfaltata;Verticale ed orizzontale;Sereno;Scarso;Sufficiente;;1;0;0;1;12.4695;41.9159;-1;2;Autovettura privata;In marcia / fermata / arresto;Conducente;M;Rimandato;0;NON DECEDUTO;;
5650664;17;17/10/2021 04:00:00;Strada Urbana;LUNGOTEVERE DELLE ARMI;all'intersezione semaforizzata con;VIA CIRO MENOTTI;VIA CIRO MENOTTI;;;Tamponamento;Intersezione semaforizzata;Una carreggiata a senso unico di marcia;Asciutto;Asfaltata;Verticale ed orizzontale;Sereno;Scarso;Sufficiente;;1;0;0;1;12.4695;41.9159;-1;3;Autovettura privata;Sosta;;;;;;;
5650687;17;18/10/2021 08:55:00;Strada Urbana;PIAZZALE CLODIO;all'intersezione con;VIALE GIUSEPPE MAZZINI;VIALE GIUSEPPE MAZZINI;;;Investimento di pedone;Intersezione semaforizzata;Una carreggiata a senso unico di marcia;Asciutto;Asfaltata;Verticale ed orizzontale;Sereno;Normale;Buona;;0;0;0;3;12.455;41.9167;-1;;;;Pedone;F;Illeso;0;;;
5650687;17;18/10/2021 08:55:00;Strada Urbana;PIAZZALE CLODIO;all'intersezione con;VIALE GIUSEPPE MAZZINI;VIALE GIUSEPPE MAZZINI;;;Investimento di pedone;Intersezione semaforizzata;Una carreggiata a senso unico di marcia;Asciutto;Asfaltata;Verticale ed orizzontale;Sereno;Normale;Buona;;0;0;0;3;12.455;41.9167;-1;1;Motociclo con passeggero;In marcia / fermata / arresto;Conducente;F;Illeso;0;;;
5650687;17;18/10/2021 08:55:00;Strada Urbana;PIAZZALE CLODIO;all'intersezione con;VIALE GIUSEPPE MAZZINI;VIALE GIUSEPPE MAZZINI;;;Investimento di pedone;Intersezione semaforizzata;Una carreggiata a senso unico di marcia;Asciutto;Asfaltata;Verticale ed orizzontale;Sereno;Normale;Buona;;0;0;0;3;12.455;41.9167;-1;2;Motociclo a solo;In marcia / fermata / arresto;Conducente;M;Illeso;0;;;
5650696;1;17/10/2021 15:45:00;Strada Urbana;VIA DEI CERCHI;in prossimit�;;del palo luce n.;30;;Scontro laterale fra veicoli in marcia;Rettilineo;Una carreggiata a senso unico di marcia;Asciutto;In cubetti di porfido;Verticale;Nuvoloso;Intenso;Buona;;0;0;0;2;12.4855;41.8869;-1;1;Autovettura privata;In marcia / fermata / arresto;Conducente;M;Illeso;0;;Non accertato;Inesploso
5650696;1;17/10/2021 15:45:00;Strada Urbana;VIA DEI CERCHI;in prossimit�;;del palo luce n.;30;;Scontro laterale fra veicoli in marcia;Rettilineo;Una carreggiata a senso unico di marcia;Asciutto;In cubetti di porfido;Verticale;Nuvoloso;Intenso;Buona;;0;0;0;2;12.4855;41.8869;-1;2;Autovettura privata;In marcia / fermata / arresto;Conducente;M;Illeso;0;;Non accertato;Inesploso
5650720;1;17/10/2021 15:55:00;;VIA DI PORTA MAGGIORE;in corrispondenza;;del civico n.;34;;Tamponamento;;;;;;;;;;0;0;0;1;12.5128;41.8923;0;1;Autovettura pubblica;In marcia / fermata / arresto;Conducente;M;Illeso;0;;Non accertato;Inesploso
5650720;1;17/10/2021 15:55:00;;VIA DI PORTA MAGGIORE;in corrispondenza;;del civico n.;34;;Tamponamento;;;;;;;;;;0;0;0;1;12.5128;41.8923;0;2;Autovettura privata;In marcia / fermata / arresto;;;;;;;
5650753;1;17/10/2021 16:45:00;Strada Urbana;VIA GIOVANNI GIOLITTI;in prossimit�;;del civico n.;155;;Tamponamento;Rettilineo;Una carreggiata a senso unico di marcia;Asciutto;Asfaltata;Verticale ed orizzontale;Sereno;Intenso;Buona;;0;0;0;4;12.5036;41.8986;-1;1;Autovettura privata;In marcia / fermata / arresto;Passeggero;F;Illeso;0;;Non accertato;Inesploso
5650753;1;17/10/2021 16:45:00;Strada Urbana;VIA GIOVANNI GIOLITTI;in prossimit�;;del civico n.;155;;Tamponamento;Rettilineo;Una carreggiata a senso unico di marcia;Asciutto;Asfaltata;Verticale ed orizzontale;Sereno;Intenso;Buona;;0;0;0;4;12.5036;41.8986;-1;1;Autovettura privata;In marcia / fermata / arresto;Conducente;M;Illeso;0;;Non accertato;Inesploso
5650753;1;17/10/2021 16:45:00;Strada Urbana;VIA GIOVANNI GIOLITTI;in prossimit�;;del civico n.;155;;Tamponamento;Rettilineo;Una carreggiata a senso unico di marcia;Asciutto;Asfaltata;Verticale ed orizzontale;Sereno;Intenso;Buona;;0;0;0;4;12.5036;41.8986;-1;2;Ciclomotore con passeggero;In marcia / fermata / arresto;Passeggero;F;Illeso;0;;Non accertato;
5650753;1;17/10/2021 16:45:00;Strada Urbana;VIA GIOVANNI GIOLITTI;in prossimit�;;del civico n.;155;;Tamponamento;Rettilineo;Una carreggiata a senso unico di marcia;Asciutto;Asfaltata;Verticale ed orizzontale;Sereno;Intenso;Buona;;0;0;0;4;12.5036;41.8986;-1;2;Ciclomotore con passeggero;In marcia / fermata / arresto;Conducente;M;Illeso;0;;Non accertato;
5650758;13;18/10/2021 18:15:00;Strada Urbana;PIAZZA FONTE DEGLI ACILII;da specificare;;;;altezza intersezione Via Eschilo;Scontro laterale fra veicoli in marcia;Rettilineo;Una carreggiata a senso unico di marcia;Asciutto;Asfaltata;Verticale ed orizzontale;Sereno;Intenso;Buona;;0;0;0;3;12.3688;41.7557;-1;1;Autovettura privata;In marcia / fermata / arresto;Conducente;F;Illeso;0;;Non accertato;Inesploso