Protocollo;Gruppo;DataOraIncidente;Localizzazione1;STRADA1;Localizzazione2;STRADA2;Strada02;Chilometrica;DaSpecificare;NaturaIncidente;particolaritastrade;TipoStrada;FondoStradale;Pavimentazione;Segnaletica;CondizioneAtmosferica;Traffico;Visibilita;Illuminazione;NUM_FERITI;NUM_RISERVATA;NUM_MORTI;NUM_ILLESI;Longitudine;Latitudine;Confermato;Progressivo;TipoVeicolo;StatoVeicolo;TipoPersona;Sesso;Tipolesione;Deceduto;DecedutoDopo;CinturaCascoUtilizzato;Airbag;
5652036;20;19/10/2021 19:40:00;Regionale;VIA CASSIA;in corrispondenza;;del civico n.;1714;;Scontro frontale/laterale DX fra veicoli in marcia;Rettilineo;Una carreggiata a doppio senso;Asciutto;Asfaltata;Verticale ed orizzontale;Sereno;Normale;Buona;;0;0;0;2;12.3806;42.0085;-1;2;Autovettura privata;In marcia / fermata / arresto;Conducente;M;Illeso;0;;Non accertato;Inesploso
5652050;5;19/10/2021 12:00:00;Strada Urbana;VIA DIEGO FABBRI;da specificare;;;;pross. via A. De Stefani dir. via Buazzelli;Investimento di pedone;Rettilineo;Una carreggiata a doppio senso;Asciutto;Asfaltata;Verticale ed orizzontale;Sereno;Scarso;Buona;;1;0;0;1;12.5645;41.9442;-1;;;;Pedone;F;Rimandato;0;NON DECEDUTO;;
5652050;5;19/10/2021 12:00:00;Strada Urbana;VIA DIEGO FABBRI;da specificare;;;;pross. via A. De Stefani dir. via Buazzelli;Investimento di pedone;Rettilineo;Una carreggiata a doppio senso;Asciutto;Asfaltata;Verticale ed orizzontale;Sereno;Scarso;Buona;;1;0;0;1;12.5645;41.9442;-1;1;Autovettura privata;In marcia / fermata / arresto;Conducente;F;Illeso;0;;Non accertato;
5652064;5;19/10/2021 12:30:00;Strada Urbana;VIA DI CASAL BERTONE;in corrispondenza;;del civico n.;165;;Veicolo in marcia contro veicolo in sosta;Rettilineo;Una carreggiata a doppio senso;Asciutto;Asfaltata;Orizzontale;Sereno;Normale;Buona;;0;0;0;3;12.536;41.8986;-1;1;Autovettura privata;Sosta;;;;;;;
5652064;5;19/10/2021 12:30:00;Strada Urbana;VIA DI CASAL BERTONE;in corrispondenza;;del civico n.;165;;Veicolo in marcia contro veicolo in sosta;Rettilineo;Una carreggiata a doppio senso;Asciutto;Asfaltata;Orizzontale;Sereno;Normale;Buona;;0;0;0;3;12.536;41.8986;-1;2;Autovettura privata;In marcia / fermata / arresto;Passeggero;M;Illeso;0;;Non accertato;Inesploso
5652064;5;19/10/2021 12:30:00;Strada Urbana;VIA DI CASAL BERTONE;in corrispondenza;;del civico n.;165;;Veicolo in marcia contro veicolo in sosta;Rettilineo;Una carreggiata a doppio senso;Asciutto;Asfaltata;Orizzontale;Sereno;Normale;Buona;;0;0;0;3;12.536;41.8986;-1;2;Autovettura privata;In marcia / fermata / arresto;Passeggero;M;Illeso;0;;Non accertato;Inesploso
5652064;5;19/10/2021 12:30:00;Strada Urbana;VIA DI CASAL BERTONE;in corrispondenza;;del civico n.;165;;Veicolo in marcia contro veicolo in sosta;Rettilineo;Una carreggiata a doppio senso;Asciutto;Asfaltata;Orizzontale;Sereno;Normale;Buona;;0;0;0;3;12.536;41.8986;-1;2;Autovettura privata;In marcia / fermata / arresto;Conducente;M;Illeso;0;;Non accertato;Inesploso
5652065;20;19/10/2021 10:50:00;Regionale;VIA FLAMINIA;da specificare;;;;galleria prossimit� svincolo via Tiberina;Scontro laterale fra veicoli in marcia;Galleria illuminata;Una carreggiata a senso unico di marcia;Asciutto;Asfaltata;Verticale ed orizzontale;Sereno;Normale;Insufficiente;;0;0;0;2;12.4904;42.0075;-1;1;Autovettura privata;In marcia / fermata / arresto;Conducente;M;Illeso;0;;;
5652065;20;19/10/2021 10:50:00;Regionale;VIA FLAMINIA;da specificare;;;;galleria prossimit� svincolo via Tiberina;Scontro laterale fra veicoli in marcia;Galleria illuminata;Una carreggiata a senso unico di marcia;Asciutto;Asfaltata;Verticale ed orizzontale;Sereno;Normale;Insufficiente;;0;0;0;2;12.4904;42.0075;-1;2;Ciclomotore;In marcia / fermata / arresto;Conducente;M;Illeso;0;;;
5652069;9;16/10/2021 16:15:00;Strada Urbana;VIA APPIA NUOVA;da specificare;;;;altezza piazza FINOCCHIARO APRILE;Scontro laterale fra veicoli in marcia;Rettilineo;Pi� di due carreggiate;Asciutto;Asfaltata;Verticale ed orizzontale;Sereno;Normale;Buona;;0;0;0;2;12.5202;41.8766;-1;1;Autocarro inferiore 35 q.;In marcia / fermata / arresto;Conducente;M;Illeso;0;;Non accertato;Inesploso
5652069;9;16/10/2021 16:15:00;Strada Urbana;VIA APPIA NUOVA;da specificare;;;;altezza piazza FINOCCHIARO APRILE;Scontro laterale fra veicoli in marcia;Rettilineo;Pi� di due carreggiate;Asciutto;Asfaltata;Verticale ed orizzontale;Sereno;Normale;Buona;;0;0;0;2;12.5202;41.8766;-1;2;Autovettura privata;In marcia / fermata / arresto;Conducente;F;Illeso;0;;Non accertato;Inesploso
5652073;5;19/10/2021 14:50:00;Strada Urbana;VIA TIBURTINA;all'intersezione con;VIA MONTE MANNO;VIA MONTE MANNO;;;Scontro frontale/laterale SX fra veicoli in marcia;Incrocio;Pi� di due carreggiate;Asciutto;Asfaltata;Verticale ed orizzontale;Sereno;Normale;Buona;;0;0;0;2;12.6358;41.9406;-1;1;Autocarro inferiore 35 q.;In marcia / fermata / arresto;Conducente;M;Illeso;0;;Non accertato;
5652073;5;19/10/2021 14:50:00;Strada Urbana;VIA TIBURTINA;all'intersezione con;VIA MONTE MANNO;VIA MONTE MANNO;;;Scontro frontale/laterale SX fra veicoli in marcia;Incrocio;Pi� di due carreggiate;Asciutto;Asfaltata;Verticale ed orizzontale;Sereno;Normale;Buona;;0;0;0;2;12.6358;41.9406;-1;2;Autovettura privata;In marcia / fermata / arresto;Conducente;M;Illeso;0;;Non accertato;
5652082;4;19/10/2021 19:50:00;Strada Urbana;VIA GIORGIO MOSER;all'intersezione con;VIA PUPELLA MAGGIO;VIA PUPELLA MAGGIO;;;Scontro frontale/laterale SX fra veicoli in marcia;Incrocio;Una carreggiata a doppio senso;Asciutto;Asfaltata;Verticale ed orizzontale;Sereno;Scarso;Sufficiente;;0;0;0;2;12.5332;41.9749;-1;1;Autovettura privata;In marcia / fermata / arresto;Conducente;M;Illeso;0;;Non accertato;Esploso
5652082;4;19/10/2021 19:50:00;Strada Urbana;VIA GIORGIO MOSER;all'intersezione con;VIA PUPELLA MAGGIO;VIA PUPELLA MAGGIO;;;Scontro frontale/laterale SX fra veicoli in marcia;Incrocio;Una carreggiata a doppio senso;Asciutto;Asfaltata;Verticale ed orizzontale;Sereno;Scarso;Sufficiente;;0;0;0;2;12.5332;41.9749;-1;2;Autovettura privata;In marcia / fermata / arresto;Conducente;F;Illeso;0;;Non accertato;Inesploso
5652089;7;19/10/2021 18:00:00;Strada Urbana;VIA SANTI ROMANO;all'intersezione con;LARGO SANTI ROMANO;LARGO SANTI ROMANO;;;Tamponamento;Incrocio;Una carreggiata a doppio senso;Asciutto;Asfaltata;Verticale ed orizzontale;Sereno;Normale;Buona;;0;0;0;3;12.5679;41.8624;-1;1;Autovettura privata;In marcia / fermata / arresto;Conducente;M;Illeso;0;;Non accertato;Inesploso
5652089;7;19/10/2021 18:00:00;Strada Urbana;VIA SANTI ROMANO;all'intersezione con;LARGO SANTI ROMANO;LARGO SANTI ROMANO;;;Tamponamento;Incrocio;Una carreggiata a doppio senso;Asciutto;Asfaltata;Verticale ed orizzontale;Sereno;Normale;Buona;;0;0;0;3;12.5679;41.8624;-1;2;Autovettura privata;In marcia / fermata / arresto;Passeggero;M;Illeso;0;;Non accertato;Inesploso
5652089;7;19/10/2021 18:00:00;Strada Urbana;VIA SANTI ROMANO;all'intersezione con;LARGO SANTI ROMANO;LARGO SANTI ROMANO;;;Tamponamento;Incrocio;Una carreggiata a doppio senso;Asciutto;Asfaltata;Verticale ed orizzontale;Sereno;Normale;Buona;;0;0;0;3;12.5679;41.8624;-1;2;Autovettura privata;In marcia / fermata / arresto;Conducente;M;Illeso;0;;Non accertato;Inesploso
5652111;5;19/10/2021 21:45:00;Strada Urbana;VIA DEI DURANTINI;all'intersezione con;VIA RENZO ROSSI;VIA RENZO ROSSI;;;Scontro laterale fra veicoli in marcia;Incrocio;Una carreggiata a doppio senso;Asciutto;Asfaltata;Verticale ed orizzontale;Sereno;Scarso;Sufficiente;;1;0;0;4;12.5425;41.9093;-1;1;Autovettura privata;In marcia / fermata / arresto;Conducente;F;Rimandato;0;NON DECEDUTO;Non accertato;Inesploso
5652111;5;19/10/2021 21:45:00;Strada Urbana;VIA DEI DURANTINI;all'intersezione con;VIA RENZO ROSSI;VIA RENZO ROSSI;;;Scontro laterale fra veicoli in marcia;Incrocio;Una carreggiata a doppio senso;Asciutto;Asfaltata;Verticale ed orizzontale;Sereno;Scarso;Sufficiente;;1;0;0;4;12.5425;41.9093;-1;2;Autovettura privata;In marcia / fermata / arresto;Passeggero;M;Illeso;0;;Non accertato;
5652111;5;19/10/2021 21:45:00;Strada Urbana;VIA DEI DURANTINI;all'intersezione con;VIA RENZO ROSSI;VIA RENZO ROSSI;;;Scontro laterale fra veicoli in marcia;Incrocio;Una carreggiata a doppio senso;Asciutto;Asfaltata;Verticale ed orizzontale;Sereno;Scarso;Sufficiente;;1;0;0;4;12.5425;41.9093;-1;2;Autovettura privata;In marcia / fermata / arresto;Conducente;F;Illeso;0;;Non accertato;Esploso
5652111;5;19/10/2021 21:45:00;Strada Urbana;VIA DEI DURANTINI;all'intersezione con;VIA RENZO ROSSI;VIA RENZO ROSSI;;;Scontro laterale fra veicoli in marcia;Incrocio;Una carreggiata a doppio senso;Asciutto;Asfaltata;Verticale ed orizzontale;Sereno;Scarso;Sufficiente;;1;0;0;4;12.5425;41.9093;-1;2;Autovettura privata;In marcia / fermata / arresto;Passeggero;F;Illeso;0;;Non accertato;
5652111;5;19/10/2021 21:45:00;Strada Urbana;VIA DEI DURANTINI;all'intersezione con;VIA RENZO ROSSI;VIA RENZO ROSSI;;;Scontro laterale fra veicoli in marcia;Incrocio;Una carreggiata a doppio senso;Asciutto;Asfaltata;Verticale ed orizzontale;Sereno;Scarso;Sufficiente;;1;0;0;4;12.5425;41.9093;-1;3;Autovettura privata;Sosta;;;;;;;
5652137;4;19/10/2021 23:00:00;Provinciale entro l'abitato;VIA NOMENTANA;in prossimit�;;del civico n.;861;;Veicolo in marcia contro veicoli in sosta;Rettilineo;Una carreggiata a doppio senso;Asciutto;Asfaltata;Verticale ed orizzontale;Sereno;Normale;Sufficiente;;0;0;0;1;12.5516;41.9409;-1;1;Autovettura privata;In marcia / fermata / arresto;Conducente;M;Illeso;0;;Non accertato;Esploso
5652137;4;19/10/2021 23:00:00;Provinciale entro l'abitato;VIA NOMENTANA;in prossimit�;;del civico n.;861;;Veicolo in marcia contro veicoli in sosta;Rettilineo;Una carreggiata a doppio senso;Asciutto;Asfaltata;Verticale ed orizzontale;Sereno;Normale;Sufficiente;;0;0;0;1;12.5516;41.9409;-1;2;Autovettura privata;Sosta;;;;;;;
5652137;4;19/10/2021 23:00:00;Provinciale entro l'abitato;VIA NOMENTANA;in prossimit�;;del civico n.;861;;Veicolo in marcia contro veicoli in sosta;Rettilineo;Una carreggiata a doppio senso;Asciutto;Asfaltata;Verticale ed orizzontale;Sereno;Normale;Sufficiente;;0;0;0;1;12.5516;41.9409;-1;3;Autovettura privata;Sosta;;;;;;;
5652140;19;19/10/2021 15:15:00;Strada Urbana;VIA GORLAGO;in prossimit�;;del civico n.;59;;Scontro frontale/laterale DX fra veicoli in marcia;Rettilineo;Una carreggiata a doppio senso;Asciutto;Asfaltata;Assente;Sereno;Scarso;Buona;;0;0;0;4;12.3845;41.9392;-1;1;Autovettura privata;In marcia / fermata / arresto;Passeggero;F;Illeso;0;;;
5652140;19;19/10/2021 15:15:00;Strada Urbana;VIA GORLAGO;in prossimit�;;del civico n.;59;;Scontro frontale/laterale DX fra veicoli in marcia;Rettilineo;Una carreggiata a doppio senso;Asciutto;Asfaltata;Assente;Sereno;Scarso;Buona;;0;0;0;4;12.3845;41.9392;-1;1;Autovettura privata;In marcia / fermata / arresto;Conducente;M;Illeso;0;;;
5652140;19;19/10/2021 15:15:00;Strada Urbana;VIA GORLAGO;in prossimit�;;del civico n.;59;;Scontro frontale/laterale DX fra veicoli in marcia;Rettilineo;Una carreggiata a doppio senso;Asciutto;Asfaltata;Assente;Sereno;Scarso;Buona;;0;0;0;4;12.3845;41.9392;-1;2;Autovettura privata;In marcia / fermata / arresto;Conducente;F;Illeso;0;;;
5652142;1;18/10/2021 21:45:00;Strada Urbana;VIA ARENULA;in corrispondenza;;del civico n.;fr. 36;;Veicolo in marcia contro ostacolo fisso;Rettilineo;Due carreggiate;Asciutto;Asfaltata;Verticale ed orizzontale;Sereno;Scarso;Sufficiente;;0;0;0;1;12.4759;41.8942;-1;1;Autocarro inferiore 35 q.;In marcia / fermata / arresto;Conducente;M;Illeso;0;;;
5652150;1;20/10/2021 00:59:00;Strada Urbana;LUNGOTEVERE DEI TEBALDI;in corrispondenza;;del palo luce n.;11;;Veicolo in marcia contro veicoli in sosta;Rettilineo;Una carreggiata a senso unico di marcia;Asciutto;Asfaltata;Verticale ed orizzontale;Sereno;Scarso;Sufficiente;;0;0;0;2;12.4691;41.8944;-1;1;Autovettura privata;In marcia / fermata / arresto;Passeggero;F;Illeso;0;;Non accertato;Inesploso
5652150;1;20/10/2021 00:59:00;Strada Urbana;LUNGOTEVERE DEI TEBALDI;in corrispondenza;;del palo luce n.;11;;Veicolo in marcia contro veicoli in sosta;Rettilineo;Una carreggiata a senso unico di marcia;Asciutto;Asfaltata;Verticale ed orizzontale;Sereno;Scarso;Sufficiente;;0;0;0;2;12.4691;41.8944;-1;1;Autovettura privata;In marcia / fermata / arresto;Conducente;M;Illeso;0;;Non accertato;Inesploso
5652150;1;20/10/2021 00:59:00;Strada Urbana;LUNGOTEVERE DEI TEBALDI;in corrispondenza;;del palo luce n.;11;;Veicolo in marcia contro veicoli in sosta;Rettilineo;Una carreggiata a senso unico di marcia;Asciutto;Asfaltata;Verticale ed orizzontale;Sereno;Scarso;Sufficiente;;0;0;0;2;12.4691;41.8944;-1;2;Autovettura privata;Sosta;;;;;;;
5652150;1;20/10/2021 00:59:00;Strada Urbana;LUNGOTEVERE DEI TEBALDI;in corrispondenza;;del palo luce n.;11;;Veicolo in marcia contro veicoli in sosta;Rettilineo;Una carreggiata a senso unico di marcia;Asciutto;Asfaltata;Verticale ed orizzontale;Sereno;Scarso;Sufficiente;;0;0;0;2;12.4691;41.8944;-1;3;Autovettura privata;Sosta;;;;;;;
5652150;1;20/10/2021 00:59:00;Strada Urbana;LUNGOTEVERE DEI TEBALDI;in corrispondenza;;del palo luce n.;11;;Veicolo in marcia contro veicoli in sosta;Rettilineo;Una carreggiata a senso unico di marcia;Asciutto;Asfaltata;Verticale ed orizzontale;Sereno;Scarso;Sufficiente;;0;0;0;2;12.4691;41.8944;-1;4;Autovettura privata;Sosta;;;;;;;
5652150;1;20/10/2021 00:59:00;Strada Urbana;LUNGOTEVERE DEI TEBALDI;in corrispondenza;;del palo luce n.;11;;Veicolo in marcia contro veicoli in sosta;Rettilineo;Una carreggiata a senso unico di marcia;Asciutto;Asfaltata;Verticale ed orizzontale;Sereno;Scarso;Sufficiente;;0;0;0;2;12.4691;41.8944;-1;5;Autovettura privata;Sosta;;;;;;;
5652194;12;19/10/2021 18:20:00;Strada Urbana;VIA CRISTOFORO COLOMBO;da specificare;;;;lat. Colombo dir. GRA alt. svinc.Viadotto Magliana;Scontro frontale fra veicoli in marcia;Curva a visuale libera;Una carreggiata a senso unico di marcia;Asciutto;Asfaltata;Verticale ed orizzontale;Sereno;Normale;Buona;;1;0;0;1;12.4524;41.8071;-1;1;Autovettura privata;In marcia / fermata / arresto;Conducente;F;Illeso;0;;;
5652194;12;19/10/2021 18:20:00;Strada Urbana;VIA CRISTOFORO COLOMBO;da specificare;;;;lat. Colombo dir. GRA alt. svinc.Viadotto Magliana;Scontro frontale fra veicoli in marcia;Curva a visuale libera;Una carreggiata a senso unico di marcia;Asciutto;Asfaltata;Verticale ed orizzontale;Sereno;Normale;Buona;;1;0;0;1;12.4524;41.8071;-1;2;Autovettura privata;In marcia / fermata / arresto;Conducente;F;Rimandato;0;NON DECEDUTO;;
5652202;18;19/10/2021 19:45:00;;VIA PIETRO D'ABANO;da specificare;;;;in prossimita' di via Cornelia;Veicolo in marcia contro veicolo fermo;;;;;;;;;;0;0;0;2;12.3884;41.8975;0;1;Autovettura privata;In marcia / fermata / arresto;Conducente;F;Illeso;0;;;
5652202;18;19/10/2021 19:45:00;;VIA PIETRO D'ABANO;da specificare;;;;in prossimita' di via Cornelia;Veicolo in marcia contro veicolo fermo;;;;;;;;;;0;0;0;2;12.3884;41.8975;0;2;Autovettura privata;In marcia / fermata / arresto;Conducente;M;Illeso;0;;;
5652216;7;19/10/2021 23:30:00;Strada Urbana;VIALE ENZO FERRARI;all'intersezione con;VIA DI TOR TRE TESTE;VIA DI TOR TRE TESTE;;;Scontro frontale/laterale DX fra veicoli in marcia;Rotatoria;Due carreggiate;Asciutto;Asfaltata;Verticale ed orizzontale;Sereno;Scarso;Sufficiente;;1;0;0;1;12.591;41.8905;-1;1;Autocarro inferiore 35 q.;In marcia / fermata / arresto;Conducente;M;Illeso;0;;Non accertato;Inesploso
5652216;7;19/10/2021 23:30:00;Strada Urbana;VIALE ENZO FERRARI;all'intersezione con;VIA DI TOR TRE TESTE;VIA DI TOR TRE TESTE;;;Scontro frontale/laterale DX fra veicoli in marcia;Rotatoria;Due carreggiate;Asciutto;Asfaltata;Verticale ed orizzontale;Sereno;Scarso;Sufficiente;;1;0;0;1;12.591;41.8905;-1;2;Motociclo a solo;In marcia / fermata / arresto;Conducente;M;Rimandato;0;NON DECEDUTO;Non accertato;
5652228;18;19/10/2021 15:30:00;Strada Urbana;VIA DI BOCCEA;in prossimit�;;del civico n.;233;;Scontro laterale fra veicoli in marcia;Rettilineo;Una carreggiata a doppio senso;Asciutto;Asfaltata;Verticale ed orizzontale;Sereno;Normale;Buona;;1;0;0;1;12.4202;41.9032;-1;1;Autocarro inferiore 35 q.;In marcia / fermata / arresto;Conducente;M;Illeso;0;;Non accertato;Inesploso
5652228;18;19/10/2021 15:30:00;Strada Urbana;VIA DI BOCCEA;in prossimit�;;del civico n.;233;;Scontro laterale fra veicoli in marcia;Rettilineo;Una carreggiata a doppio senso;Asciutto;Asfaltata;Verticale ed orizzontale;Sereno;Normale;Buona;;1;0;0;1;12.4202;41.9032;-1;2;Motociclo a solo;In marcia / fermata / arresto;Conducente;F;Rimandato;0;NON DECEDUTO;Non accertato;
5652237;9;19/10/2021 13:50:00;Strada Urbana;VIA AOSTA;in prossimit�;;del civico n.;41;;Veicolo in marcia contro veicolo fermo;Rettilineo;Una carreggiata a doppio senso;Asciutto;Asfaltata;Verticale ed orizzontale;Sereno;Intenso;Buona;;0;0;0;2;12.5144;41.8835;-1;1;Autovettura privata;In marcia / fermata / arresto;Conducente;M;Illeso;0;;Non accertato;Inesploso
5652237;9;19/10/2021 13:50:00;Strada Urbana;VIA AOSTA;in prossimit�;;del civico n.;41;;Veicolo in marcia contro veicolo fermo;Rettilineo;Una carreggiata a doppio senso;Asciutto;Asfaltata;Verticale ed orizzontale;Sereno;Intenso;Buona;;0;0;0;2;12.5144;41.8835;-1;2;Motociclo a solo;In marcia / fermata / arresto;Conducente;M;Illeso;0;;Non accertato;
5652250;18;19/10/2021 18:20:00;Strada Urbana;VIA GAETANO MAZZONI;da specificare;;;;in prossimit� di via L. PORZIA;Investimento di pedone;Curva a visuale libera;Una carreggiata a senso unico di marcia;Asciutto;Asfaltata;Verticale ed orizzontale;Sereno;Intenso;Buona;;1;0;0;1;12.3917;41.9057;-1;;;;Pedone;M;Rimandato;0;NON DECEDUTO;;
5652250;18;19/10/2021 18:20:00;Strada Urbana;VIA GAETANO MAZZONI;da specificare;;;;in prossimit� di via L. PORZIA;Investimento di pedone;Curva a visuale libera;Una carreggiata a senso unico di marcia;Asciutto;Asfaltata;Verticale ed orizzontale;Sereno;Intenso;Buona;;1;0;0;1;12.3917;41.9057;-1;1;Motociclo a solo;In marcia / fermata / arresto;Conducente;M;Illeso;0;;Non accertato;
5652250;18;19/10/2021 18:20:00;Strada Urbana;VIA GAETANO MAZZONI;da specificare;;;;in prossimit� di via L. PORZIA;Investimento di pedone;Curva a visuale libera;Una carreggiata a senso unico di marcia;Asciutto;Asfaltata;Verticale ed orizzontale;Sereno;Intenso;Buona;;1;0;0;1;12.3917;41.9057;-1;2;Autovettura privata;Sosta;;;;;;;
5652259;4;19/10/2021 17:15:00;Statale;VIA NOMENTANA;all'intersezione con;VIALE DEL POGGIO FIORITO;VIALE DEL POGGIO FIORITO;;;Scontro frontale/laterale SX fra veicoli in marcia;Intersezione stradale segnalata;Una carreggiata a senso unico di marcia;Asciutto;Asfaltata;Verticale ed orizzontale;Sereno;Normale;Buona;;1;0;0;1;12.6134;41.9729;-1;1;Autovettura privata;In marcia / fermata / arresto;Conducente;M;Illeso;0;;;
5652259;4;19/10/2021 17:15:00;Statale;VIA NOMENTANA;all'intersezione con;VIALE DEL POGGIO FIORITO;VIALE DEL POGGIO FIORITO;;;Scontro frontale/laterale SX fra veicoli in marcia;Intersezione stradale segnalata;Una carreggiata a senso unico di marcia;Asciutto;Asfaltata;Verticale ed orizzontale;Sereno;Normale;Buona;;1;0;0;1;12.6134;41.9729;-1;2;Motociclo a solo;In marcia / fermata / arresto;Conducente;M;Rimandato;0;NON DECEDUTO;;
5652299;7;19/10/2021 18:00:00;Strada Urbana;VIA CASILINA;all'intersezione con;VIA DI TOR BELLA MONACA;VIA DI TOR BELLA MONACA;;;Scontro frontale/laterale SX fra veicoli in marcia;Incrocio;Una carreggiata a doppio senso;Asciutto;Asfaltata;Verticale ed orizzontale;Sereno;Normale;Buona;;0;0;0;3;12.6402;41.8631;-1;1;Autovettura privata;In marcia / fermata / arresto;Conducente;F;Illeso;0;;;
5652299;7;19/10/2021 18:00:00;Strada Urbana;VIA CASILINA;all'intersezione con;VIA DI TOR BELLA MONACA;VIA DI TOR BELLA MONACA;;;Scontro frontale/laterale SX fra veicoli in marcia;Incrocio;Una carreggiata a doppio senso;Asciutto;Asfaltata;Verticale ed orizzontale;Sereno;Normale;Buona;;0;0;0;3;12.6402;41.8631;-1;2;Autovettura di polizia;In marcia / fermata / arresto;Conducente;M;Illeso;0;;;
5652299;7;19/10/2021 18:00:00;Strada Urbana;VIA CASILINA;all'intersezione con;VIA DI TOR BELLA MONACA;VIA DI TOR BELLA MONACA;;;Scontro frontale/laterale SX fra veicoli in marcia;Incrocio;Una carreggiata a doppio senso;Asciutto;Asfaltata;Verticale ed orizzontale;Sereno;Normale;Buona;;0;0;0;3;12.6402;41.8631;-1;2;Autovettura di polizia;In marcia / fermata / arresto;Passeggero;F;Illeso;0;;;
5652322;18;19/10/2021 09:15:00;Strada Urbana;CIRCONVALLAZIONE AURELIA;in prossimit�;;del civico n.;15;;Tamponamento;Rettilineo;Pi� di due carreggiate;Asciutto;Asfaltata;Verticale ed orizzontale;Sereno;Intenso;Sufficiente;;1;0;0;1;12.4283;41.8978;-1;1;Motociclo a solo;In marcia / fermata / arresto;Conducente;M;Rifiuta cure immediate;0;NON DECEDUTO;;
5652322;18;19/10/2021 09:15:00;Strada Urbana;CIRCONVALLAZIONE AURELIA;in prossimit�;;del civico n.;15;;Tamponamento;Rettilineo;Pi� di due carreggiate;Asciutto;Asfaltata;Verticale ed orizzontale;Sereno;Intenso;Sufficiente;;1;0;0;1;12.4283;41.8978;-1;2;Autovettura privata;In marcia / fermata / arresto;Conducente;M;Illeso;0;;;
5652327;1;19/10/2021 19:20:00;Strada Urbana;VIA CAPO D'AFRICA;all'intersezione con;VIA OSTILIA;VIA OSTILIA;;;Scontro frontale/laterale SX fra veicoli in marcia;Incrocio;Una carreggiata a senso unico di marcia;Asciutto;Asfaltata;Verticale ed orizzontale;Sereno;Normale;Sufficiente;;1;0;0;3;12.4961;41.8887;-1;1;Motociclo con passeggero;In marcia / fermata / arresto;Passeggero;F;Illeso;0;;;
5652327;1;19/10/2021 19:20:00;Strada Urbana;VIA CAPO D'AFRICA;all'intersezione con;VIA OSTILIA;VIA OSTILIA;;;Scontro frontale/laterale SX fra veicoli in marcia;Incrocio;Una carreggiata a senso unico di marcia;Asciutto;Asfaltata;Verticale ed orizzontale;Sereno;Normale;Sufficiente;;1;0;0;3;12.4961;41.8887;-1;1;Motociclo con passeggero;In marcia / fermata / arresto;Conducente;M;Rimandato;0;NON DECEDUTO;;
5652327;1;19/10/2021 19:20:00;Strada Urbana;VIA CAPO D'AFRICA;all'intersezione con;VIA OSTILIA;VIA OSTILIA;;;Scontro frontale/laterale SX fra veicoli in marcia;Incrocio;Una carreggiata a senso unico di marcia;Asciutto;Asfaltata;Verticale ed orizzontale;Sereno;Normale;Sufficiente;;1;0;0;3;12.4961;41.8887;-1;2;Autovettura privata;In marcia / fermata / arresto;Conducente;F;Illeso;0;;;
5652327;1;19/10/2021 19:20:00;Strada Urbana;VIA CAPO D'AFRICA;all'intersezione con;VIA OSTILIA;VIA OSTILIA;;;Scontro frontale/laterale SX fra veicoli in marcia;Incrocio;Una carreggiata a senso unico di marcia;Asciutto;Asfaltata;Verticale ed orizzontale;Sereno;Normale;Sufficiente;;1;0;0;3;12.4961;41.8887;-1;2;Autovettura privata;In marcia / fermata / arresto;Passeggero;F;Illeso;0;;;
5652331;12;19/10/2021 12:06:00;Strada Urbana;VIALE OCEANO ATLANTICO ;in corrispondenza;;del civico n.;222;;Tamponamento;Rettilineo;Due carreggiate;Asciutto;Asfaltata;Verticale ed orizzontale;Sereno;Normale;Buona;;0;0;0;2;12.4676;41.8196;-1;1;Autocarro inferiore 35 q.;In marcia / fermata / arresto;Passeggero;M;Illeso;0;;Utilizzato;Inesploso
5652331;12;19/10/2021 12:06:00;Strada Urbana;VIALE OCEANO ATLANTICO ;in corrispondenza;;del civico n.;222;;Tamponamento;Rettilineo;Due carreggiate;Asciutto;Asfaltata;Verticale ed orizzontale;Sereno;Normale;Buona;;0;0;0;2;12.4676;41.8196;-1;1;Autocarro inferiore 35 q.;In marcia / fermata / arresto;Conducente;M;Illeso;0;;Utilizzato;Inesploso
5652331;12;19/10/2021 12:06:00;Strada Urbana;VIALE OCEANO ATLANTICO ;in corrispondenza;;del civico n.;222;;Tamponamento;Rettilineo;Due carreggiate;Asciutto;Asfaltata;Verticale ed orizzontale;Sereno;Normale;Buona;;0;0;0;2;12.4676;41.8196;-1;2;Autovettura privata;In marcia / fermata / arresto;;;;;;;
5652411;18;19/10/2021 14:50:00;;VIA AURELIA;in prossimit�;;del civico n.;290/A;;Scontro laterale fra veicoli in marcia;;;;;;;;;;0;0;0;4;12.4384;41.8983;0;1;Motociclo a solo;In marcia / fermata / arresto;Conducente;M;Illeso;0;;;
5652411;18;19/10/2021 14:50:00;;VIA AURELIA;in prossimit�;;del civico n.;290/A;;Scontro laterale fra veicoli in marcia;;;;;;;;;;0;0;0;4;12.4384;41.8983;0;2;Autovettura privata;In marcia / fermata / arresto;Conducente;F;Illeso;0;;;
5652411;18;19/10/2021 14:50:00;;VIA AURELIA;in prossimit�;;del civico n.;290/A;;Scontro laterale fra veicoli in marcia;;;;;;;;;;0;0;0;4;12.4384;41.8983;0;2;Autovettura privata;In marcia / fermata / arresto;Passeggero;M;Illeso;0;;;