Protocollo;Gruppo;DataOraIncidente;Localizzazione1;STRADA1;Localizzazione2;STRADA2;Strada02;Chilometrica;DaSpecificare;NaturaIncidente;particolaritastrade;TipoStrada;FondoStradale;Pavimentazione;Segnaletica;CondizioneAtmosferica;Traffico;Visibilita;Illuminazione;NUM_FERITI;NUM_RISERVATA;NUM_MORTI;NUM_ILLESI;Longitudine;Latitudine;Confermato;Progressivo;TipoVeicolo;StatoVeicolo;TipoPersona;Sesso;Tipolesione;Deceduto;DecedutoDopo;CinturaCascoUtilizzato;Airbag;
5656051;20;21/10/2021 20:55:00;Strada Urbana;VIA CASSIA;in prossimit�;;del civico n.;901;;Scontro frontale/laterale SX fra veicoli in marcia;Rettilineo;Una carreggiata a doppio senso;Asciutto;Asfaltata;Verticale ed orizzontale;Nuvoloso;Scarso;Buona;;1;0;0;1;12.4352;41.9706;-1;1;Motociclo a solo;In marcia / fermata / arresto;Conducente;M;Illeso;0;;Non accertato;
5656051;20;21/10/2021 20:55:00;Strada Urbana;VIA CASSIA;in prossimit�;;del civico n.;901;;Scontro frontale/laterale SX fra veicoli in marcia;Rettilineo;Una carreggiata a doppio senso;Asciutto;Asfaltata;Verticale ed orizzontale;Nuvoloso;Scarso;Buona;;1;0;0;1;12.4352;41.9706;-1;2;Monopattino elettrico;In marcia / fermata / arresto;Conducente;M;Rimandato;0;NON DECEDUTO;Esente;
5656057;20;21/10/2021 18:10:00;Strada Urbana;VIALE DI TOR DI QUINTO;all'intersezione con;VIA CIVITA CASTELLANA;VIA CIVITA CASTELLANA;;;Scontro frontale/laterale SX fra veicoli in marcia;Intersezione stradale segnalata;Una carreggiata a doppio senso;Asciutto;Asfaltata;Verticale ed orizzontale;Sereno;Intenso;Buona;;0;0;0;5;12.4785;41.9447;-1;1;Autovettura privata;In marcia / fermata / arresto;Passeggero;M;Illeso;0;;Non accertato;Inesistente
5656057;20;21/10/2021 18:10:00;Strada Urbana;VIALE DI TOR DI QUINTO;all'intersezione con;VIA CIVITA CASTELLANA;VIA CIVITA CASTELLANA;;;Scontro frontale/laterale SX fra veicoli in marcia;Intersezione stradale segnalata;Una carreggiata a doppio senso;Asciutto;Asfaltata;Verticale ed orizzontale;Sereno;Intenso;Buona;;0;0;0;5;12.4785;41.9447;-1;1;Autovettura privata;In marcia / fermata / arresto;Conducente;M;Illeso;0;;Non accertato;Inesploso
5656057;20;21/10/2021 18:10:00;Strada Urbana;VIALE DI TOR DI QUINTO;all'intersezione con;VIA CIVITA CASTELLANA;VIA CIVITA CASTELLANA;;;Scontro frontale/laterale SX fra veicoli in marcia;Intersezione stradale segnalata;Una carreggiata a doppio senso;Asciutto;Asfaltata;Verticale ed orizzontale;Sereno;Intenso;Buona;;0;0;0;5;12.4785;41.9447;-1;1;Autovettura privata;In marcia / fermata / arresto;Passeggero;M;Illeso;0;;Non accertato;
5656057;20;21/10/2021 18:10:00;Strada Urbana;VIALE DI TOR DI QUINTO;all'intersezione con;VIA CIVITA CASTELLANA;VIA CIVITA CASTELLANA;;;Scontro frontale/laterale SX fra veicoli in marcia;Intersezione stradale segnalata;Una carreggiata a doppio senso;Asciutto;Asfaltata;Verticale ed orizzontale;Sereno;Intenso;Buona;;0;0;0;5;12.4785;41.9447;-1;2;Autovettura privata;In marcia / fermata / arresto;Conducente;M;Illeso;0;;Non accertato;Inesistente
5656057;20;21/10/2021 18:10:00;Strada Urbana;VIALE DI TOR DI QUINTO;all'intersezione con;VIA CIVITA CASTELLANA;VIA CIVITA CASTELLANA;;;Scontro frontale/laterale SX fra veicoli in marcia;Intersezione stradale segnalata;Una carreggiata a doppio senso;Asciutto;Asfaltata;Verticale ed orizzontale;Sereno;Intenso;Buona;;0;0;0;5;12.4785;41.9447;-1;2;Autovettura privata;In marcia / fermata / arresto;Passeggero;M;Illeso;0;;Non accertato;Inesistente
5656066;4;21/10/2021 09:00:00;Strada Urbana;VIA PIERO FOSCARI;in prossimit�;;del civico n.;70;;Veicolo in marcia contro veicolo fermo;Rettilineo;Una carreggiata a senso unico di marcia;Asciutto;Asfaltata;Verticale ed orizzontale;Sereno;Normale;Buona;;0;0;0;2;12.519;41.9516;-1;1;Autovettura privata;In marcia / fermata / arresto;Conducente;M;Illeso;0;;;
5656066;4;21/10/2021 09:00:00;Strada Urbana;VIA PIERO FOSCARI;in prossimit�;;del civico n.;70;;Veicolo in marcia contro veicolo fermo;Rettilineo;Una carreggiata a senso unico di marcia;Asciutto;Asfaltata;Verticale ed orizzontale;Sereno;Normale;Buona;;0;0;0;2;12.519;41.9516;-1;2;Autovettura privata;In marcia / fermata / arresto;Conducente;F;Illeso;0;;;
5656073;1;14/10/2021 07:10:00;Strada Urbana;VIA DELL'AMBA ARADAM;all'intersezione semaforizzata con;PIAZZA DI PORTA METRONIA;PIAZZA DI PORTA METRONIA;;;Scontro laterale fra veicoli in marcia;Incrocio;Una carreggiata a doppio senso;Sdrucciolevole (fango);Strada pavimentata dissestata;Verticale;Sereno;Normale;Sufficiente;;0;0;0;2;12.5022;41.8858;-1;1;Autovettura privata;In marcia / fermata / arresto;Conducente;F;Illeso;0;;;
5656073;1;14/10/2021 07:10:00;Strada Urbana;VIA DELL'AMBA ARADAM;all'intersezione semaforizzata con;PIAZZA DI PORTA METRONIA;PIAZZA DI PORTA METRONIA;;;Scontro laterale fra veicoli in marcia;Incrocio;Una carreggiata a doppio senso;Sdrucciolevole (fango);Strada pavimentata dissestata;Verticale;Sereno;Normale;Sufficiente;;0;0;0;2;12.5022;41.8858;-1;2;Autovettura pubblica;In marcia / fermata / arresto;Conducente;M;Illeso;0;;;
5656079;15;21/10/2021 13:55:00;Strada Urbana;VIALE ALEXANDRE GUSTAVE EIFFEL;da specificare;;;;fronte fiera ingresso est;Scontro laterale fra veicoli in marcia;Rettilineo;Due carreggiate;Asciutto;Asfaltata;Verticale ed orizzontale;Sereno;Scarso;Buona;;0;0;0;3;12.3345;41.8081;-1;1;Autovettura privata;In marcia / fermata / arresto;Conducente;M;Illeso;0;;Non accertato;Inesploso
5656079;15;21/10/2021 13:55:00;Strada Urbana;VIALE ALEXANDRE GUSTAVE EIFFEL;da specificare;;;;fronte fiera ingresso est;Scontro laterale fra veicoli in marcia;Rettilineo;Due carreggiate;Asciutto;Asfaltata;Verticale ed orizzontale;Sereno;Scarso;Buona;;0;0;0;3;12.3345;41.8081;-1;1;Autovettura privata;In marcia / fermata / arresto;Passeggero;F;Illeso;0;;Non accertato;Inesploso
5656079;15;21/10/2021 13:55:00;Strada Urbana;VIALE ALEXANDRE GUSTAVE EIFFEL;da specificare;;;;fronte fiera ingresso est;Scontro laterale fra veicoli in marcia;Rettilineo;Due carreggiate;Asciutto;Asfaltata;Verticale ed orizzontale;Sereno;Scarso;Buona;;0;0;0;3;12.3345;41.8081;-1;2;Autovettura privata;In marcia / fermata / arresto;Conducente;F;Illeso;0;;;
5656085;1;21/10/2021 22:20:00;Strada Urbana;PONTE CESTIO;all'intersezione con;LUNGOTEVERE DEGLI ALBERTESCHI;LUNGOTEVERE DEGLI ALBERTESCHI;;;Infortunio per sola frenata improvvisa;Intersezione semaforizzata;Una carreggiata a doppio senso;Bagnato (umidit� in atto);In cubetti di porfido;Verticale ed orizzontale;Nuvoloso;Scarso;Sufficiente;;1;0;0;0;12.4773;41.89;-1;1;Motociclo a solo;In marcia / fermata / arresto;Conducente;F;Rimandato;0;NON DECEDUTO;;
5656086;15;21/10/2021 09:15:00;Strada Urbana;VIA DELL'IMPRUNETA;in corrispondenza;;del civico n.;45;;Veicolo in marcia contro ostacolo fisso;Rettilineo;Due carreggiate;Asciutto;Asfaltata;Verticale ed orizzontale;Sereno;Normale;Buona;;0;0;0;1;12.4584;41.8471;-1;1;Autovettura privata;In marcia / fermata / arresto;Conducente;M;Illeso;0;;;
5656098;15;21/10/2021 13:40:00;Strada Urbana;VIA PORTUENSE;all'intersezione con;VIA GUGLIELMO MENGARINI;VIA GUGLIELMO MENGARINI;;;Tamponamento Multiplo;Intersezione semaforizzata;Una carreggiata a doppio senso;Asciutto;Asfaltata;Verticale ed orizzontale;Nuvoloso;Intenso;Buona;;1;0;0;3;12.414;41.8469;-1;1;Autovettura privata;In marcia / fermata / arresto;Conducente;M;Illeso;0;;Non accertato;Inesploso
5656098;15;21/10/2021 13:40:00;Strada Urbana;VIA PORTUENSE;all'intersezione con;VIA GUGLIELMO MENGARINI;VIA GUGLIELMO MENGARINI;;;Tamponamento Multiplo;Intersezione semaforizzata;Una carreggiata a doppio senso;Asciutto;Asfaltata;Verticale ed orizzontale;Nuvoloso;Intenso;Buona;;1;0;0;3;12.414;41.8469;-1;2;Autovettura privata;In marcia / fermata / arresto;Conducente;M;Illeso;0;;Non accertato;Inesploso
5656098;15;21/10/2021 13:40:00;Strada Urbana;VIA PORTUENSE;all'intersezione con;VIA GUGLIELMO MENGARINI;VIA GUGLIELMO MENGARINI;;;Tamponamento Multiplo;Intersezione semaforizzata;Una carreggiata a doppio senso;Asciutto;Asfaltata;Verticale ed orizzontale;Nuvoloso;Intenso;Buona;;1;0;0;3;12.414;41.8469;-1;3;Autovettura privata;In marcia / fermata / arresto;Conducente;F;Illeso;0;;Non accertato;Inesploso
5656098;15;21/10/2021 13:40:00;Strada Urbana;VIA PORTUENSE;all'intersezione con;VIA GUGLIELMO MENGARINI;VIA GUGLIELMO MENGARINI;;;Tamponamento Multiplo;Intersezione semaforizzata;Una carreggiata a doppio senso;Asciutto;Asfaltata;Verticale ed orizzontale;Nuvoloso;Intenso;Buona;;1;0;0;3;12.414;41.8469;-1;4;Autovettura privata;In marcia / fermata / arresto;Conducente;F;Rimandato;0;NON DECEDUTO;Non accertato;Inesploso
5656113;15;21/10/2021 08:45:00;Strada Urbana;VIA DEL PONTE PISANO;all'intersezione con;VIA DELLA PISANA;VIA DELLA PISANA;;;Scontro frontale/laterale DX fra veicoli in marcia;Incrocio;Una carreggiata a doppio senso;Asciutto;Asfaltata;Verticale ed orizzontale;Sereno;Normale;Buona;;0;0;0;2;12.4046;41.8478;-1;1;Autocarro inferiore 35 q.;In marcia / fermata / arresto;Conducente;M;Illeso;0;;Non accertato;Inesploso
5656113;15;21/10/2021 08:45:00;Strada Urbana;VIA DEL PONTE PISANO;all'intersezione con;VIA DELLA PISANA;VIA DELLA PISANA;;;Scontro frontale/laterale DX fra veicoli in marcia;Incrocio;Una carreggiata a doppio senso;Asciutto;Asfaltata;Verticale ed orizzontale;Sereno;Normale;Buona;;0;0;0;2;12.4046;41.8478;-1;2;Autovettura privata;In marcia / fermata / arresto;Conducente;F;Illeso;0;;Non accertato;Inesploso
5656116;4;21/10/2021 12:45:00;Strada Urbana;VIA UGO OJETTI;da specificare;;;;in prossimit� del fronte civico 454;Tamponamento;Rettilineo;Due carreggiate;Asciutto;Asfaltata;Verticale ed orizzontale;Sereno;Normale;Buona;;0;0;0;2;12.5546;41.947;-1;1;Autovettura privata;In marcia / fermata / arresto;Conducente;F;Illeso;0;;;
5656116;4;21/10/2021 12:45:00;Strada Urbana;VIA UGO OJETTI;da specificare;;;;in prossimit� del fronte civico 454;Tamponamento;Rettilineo;Due carreggiate;Asciutto;Asfaltata;Verticale ed orizzontale;Sereno;Normale;Buona;;0;0;0;2;12.5546;41.947;-1;2;Motociclo a solo;In marcia / fermata / arresto;Conducente;M;Illeso;0;;;
5656126;15;21/10/2021 08:10:00;Strada Urbana;VIA PORTUENSE;da specificare;;;;fronte civico 240;Scontro frontale/laterale DX fra veicoli in marcia;Rettilineo;Una carreggiata a doppio senso;Asciutto;Asfaltata;Verticale ed orizzontale;Sereno;Normale;Buona;;1;0;0;1;12.414;41.8469;-1;1;Autovettura privata;In marcia / fermata / arresto;Conducente;M;Illeso;0;;Non accertato;Inesploso
5656126;15;21/10/2021 08:10:00;Strada Urbana;VIA PORTUENSE;da specificare;;;;fronte civico 240;Scontro frontale/laterale DX fra veicoli in marcia;Rettilineo;Una carreggiata a doppio senso;Asciutto;Asfaltata;Verticale ed orizzontale;Sereno;Normale;Buona;;1;0;0;1;12.414;41.8469;-1;2;Motociclo a solo;In marcia / fermata / arresto;Conducente;M;Rimandato;0;NON DECEDUTO;Non accertato;
5656155;6;22/10/2021 07:30:00;Strada Urbana;VIALE FILARETE;all'intersezione semaforizzata con;VIA CASILINA;VIA CASILINA;;;Scontro laterale fra veicoli in marcia;Intersezione semaforizzata;Due carreggiate;Asciutto;Asfaltata;Verticale ed orizzontale;Nuvoloso;Normale;Buona;;0;0;0;2;12.5387;41.8813;-1;1;Autovettura privata;In marcia / fermata / arresto;Conducente;F;Illeso;0;;;
5656155;6;22/10/2021 07:30:00;Strada Urbana;VIALE FILARETE;all'intersezione semaforizzata con;VIA CASILINA;VIA CASILINA;;;Scontro laterale fra veicoli in marcia;Intersezione semaforizzata;Due carreggiate;Asciutto;Asfaltata;Verticale ed orizzontale;Nuvoloso;Normale;Buona;;0;0;0;2;12.5387;41.8813;-1;2;Autovettura privata;In marcia / fermata / arresto;Conducente;M;Illeso;0;;;
5656159;15;21/10/2021 23:50:00;Strada Urbana;VIA DELLA MAGLIANA;in prossimit�;;del civico n.;724;;Scontro laterale fra veicoli in marcia;Rettilineo;Una carreggiata a doppio senso;Bagnato (umidit� in atto);Asfaltata;Orizzontale;Nuvoloso;Scarso;Sufficiente;;0;0;0;5;12.4056;41.824;-1;1;Autovettura privata;In marcia / fermata / arresto;Passeggero;F;Illeso;0;;Non accertato;Inesploso
5656159;15;21/10/2021 23:50:00;Strada Urbana;VIA DELLA MAGLIANA;in prossimit�;;del civico n.;724;;Scontro laterale fra veicoli in marcia;Rettilineo;Una carreggiata a doppio senso;Bagnato (umidit� in atto);Asfaltata;Orizzontale;Nuvoloso;Scarso;Sufficiente;;0;0;0;5;12.4056;41.824;-1;1;Autovettura privata;In marcia / fermata / arresto;Passeggero;M;Illeso;0;;Non accertato;Inesploso
5656159;15;21/10/2021 23:50:00;Strada Urbana;VIA DELLA MAGLIANA;in prossimit�;;del civico n.;724;;Scontro laterale fra veicoli in marcia;Rettilineo;Una carreggiata a doppio senso;Bagnato (umidit� in atto);Asfaltata;Orizzontale;Nuvoloso;Scarso;Sufficiente;;0;0;0;5;12.4056;41.824;-1;1;Autovettura privata;In marcia / fermata / arresto;Conducente;M;Illeso;0;;Non accertato;Inesploso
5656159;15;21/10/2021 23:50:00;Strada Urbana;VIA DELLA MAGLIANA;in prossimit�;;del civico n.;724;;Scontro laterale fra veicoli in marcia;Rettilineo;Una carreggiata a doppio senso;Bagnato (umidit� in atto);Asfaltata;Orizzontale;Nuvoloso;Scarso;Sufficiente;;0;0;0;5;12.4056;41.824;-1;2;Autovettura privata;In marcia / fermata / arresto;Conducente;F;Illeso;0;;Non accertato;Esploso
5656159;15;21/10/2021 23:50:00;Strada Urbana;VIA DELLA MAGLIANA;in prossimit�;;del civico n.;724;;Scontro laterale fra veicoli in marcia;Rettilineo;Una carreggiata a doppio senso;Bagnato (umidit� in atto);Asfaltata;Orizzontale;Nuvoloso;Scarso;Sufficiente;;0;0;0;5;12.4056;41.824;-1;2;Autovettura privata;In marcia / fermata / arresto;Passeggero;F;Illeso;0;;Non accertato;Esploso
5656170;18;22/10/2021 07:45:00;Strada Urbana;VIA AURELIA;all'intersezione con;VIA CARDINAL BOFONDI;VIA CARDINAL BOFONDI;;;Scontro frontale/laterale SX fra veicoli in marcia;Intersezione non regolata/non segnalata;Una carreggiata a doppio senso;Asciutto;Asfaltata;Verticale ed orizzontale;Nuvoloso;Intenso;Buona;;0;0;0;2;12.437;41.8978;-1;1;Motociclo a solo;In marcia / fermata / arresto;Conducente;F;Illeso;0;;Non accertato;
5656170;18;22/10/2021 07:45:00;Strada Urbana;VIA AURELIA;all'intersezione con;VIA CARDINAL BOFONDI;VIA CARDINAL BOFONDI;;;Scontro frontale/laterale SX fra veicoli in marcia;Intersezione non regolata/non segnalata;Una carreggiata a doppio senso;Asciutto;Asfaltata;Verticale ed orizzontale;Nuvoloso;Intenso;Buona;;0;0;0;2;12.437;41.8978;-1;2;Motociclo a solo;In marcia / fermata / arresto;Conducente;M;Illeso;0;;Non accertato;
5656188;1;19/10/2021 16:35:00;Strada Urbana;VIA DEI MILLE;all'intersezione con;VIA VICENZA;VIA VICENZA;;;Scontro frontale/laterale DX fra veicoli in marcia;Incrocio;;Asciutto;Asfaltata;Verticale ed orizzontale;Sereno;Scarso;Buona;;0;0;0;2;;;0;1;Autovettura privata;In marcia / fermata / arresto;Conducente;M;Illeso;0;;;
5656188;1;19/10/2021 16:35:00;Strada Urbana;VIA DEI MILLE;all'intersezione con;VIA VICENZA;VIA VICENZA;;;Scontro frontale/laterale DX fra veicoli in marcia;Incrocio;;Asciutto;Asfaltata;Verticale ed orizzontale;Sereno;Scarso;Buona;;0;0;0;2;;;0;2;Autovettura privata;In marcia / fermata / arresto;Conducente;M;Illeso;0;;;
5656193;4;22/10/2021 00:25:00;Strada Urbana;VIA GIACOMO ZANELLA;all'intersezione con;VIA ADA NEGRI;VIA ADA NEGRI;;;Scontro frontale/laterale DX fra veicoli in marcia;Incrocio;Una carreggiata a senso unico di marcia;Asciutto;Asfaltata;Verticale;Sereno;Scarso;Buona;;1;0;0;1;12.5617;41.9474;-1;1;Autovettura privata;In marcia / fermata / arresto;Conducente;M;Illeso;0;;Non accertato;
5656193;4;22/10/2021 00:25:00;Strada Urbana;VIA GIACOMO ZANELLA;all'intersezione con;VIA ADA NEGRI;VIA ADA NEGRI;;;Scontro frontale/laterale DX fra veicoli in marcia;Incrocio;Una carreggiata a senso unico di marcia;Asciutto;Asfaltata;Verticale;Sereno;Scarso;Buona;;1;0;0;1;12.5617;41.9474;-1;2;Autovettura privata;In marcia / fermata / arresto;Conducente;F;Rifiuta cure immediate;0;NON DECEDUTO;;
5656193;4;22/10/2021 00:25:00;Strada Urbana;VIA GIACOMO ZANELLA;all'intersezione con;VIA ADA NEGRI;VIA ADA NEGRI;;;Scontro frontale/laterale DX fra veicoli in marcia;Incrocio;Una carreggiata a senso unico di marcia;Asciutto;Asfaltata;Verticale;Sereno;Scarso;Buona;;1;0;0;1;12.5617;41.9474;-1;3;Autovettura privata;Sosta;;;;;;;
5656305;13;21/10/2021 18:35:00;Regionale entro l'abitato;VIA GUIDO CALZA;da specificare;;;;altezza km 4.400;Tamponamento;Rettilineo;Una carreggiata a doppio senso;Asciutto;Asfaltata;Orizzontale;Sereno;Intenso;Buona;;0;0;0;5;12.2916;41.7522;-1;1;Autovettura privata;In marcia / fermata / arresto;Conducente;M;Illeso;0;;;
5656305;13;21/10/2021 18:35:00;Regionale entro l'abitato;VIA GUIDO CALZA;da specificare;;;;altezza km 4.400;Tamponamento;Rettilineo;Una carreggiata a doppio senso;Asciutto;Asfaltata;Orizzontale;Sereno;Intenso;Buona;;0;0;0;5;12.2916;41.7522;-1;2;Autovettura privata;In marcia / fermata / arresto;Passeggero;M;Illeso;0;;;
5656305;13;21/10/2021 18:35:00;Regionale entro l'abitato;VIA GUIDO CALZA;da specificare;;;;altezza km 4.400;Tamponamento;Rettilineo;Una carreggiata a doppio senso;Asciutto;Asfaltata;Orizzontale;Sereno;Intenso;Buona;;0;0;0;5;12.2916;41.7522;-1;2;Autovettura privata;In marcia / fermata / arresto;Passeggero;M;Illeso;0;;;
5656305;13;21/10/2021 18:35:00;Regionale entro l'abitato;VIA GUIDO CALZA;da specificare;;;;altezza km 4.400;Tamponamento;Rettilineo;Una carreggiata a doppio senso;Asciutto;Asfaltata;Orizzontale;Sereno;Intenso;Buona;;0;0;0;5;12.2916;41.7522;-1;2;Autovettura privata;In marcia / fermata / arresto;Conducente;M;Illeso;0;;;
5656305;13;21/10/2021 18:35:00;Regionale entro l'abitato;VIA GUIDO CALZA;da specificare;;;;altezza km 4.400;Tamponamento;Rettilineo;Una carreggiata a doppio senso;Asciutto;Asfaltata;Orizzontale;Sereno;Intenso;Buona;;0;0;0;5;12.2916;41.7522;-1;2;Autovettura privata;In marcia / fermata / arresto;Passeggero;M;Illeso;0;;;
5656307;3;20/10/2021 17:10:00;Strada Urbana;VIALE DELLE PROVINCIE;in prossimit�;;del civico n.;147;;Investimento di pedone;Rettilineo;Due carreggiate;Asciutto;Asfaltata;Verticale ed orizzontale;Sereno;Intenso;Buona;;1;0;0;1;12.5218;41.9069;-1;;;;Pedone;F;Rifiuta cure immediate;0;NON DECEDUTO;;
5656307;3;20/10/2021 17:10:00;Strada Urbana;VIALE DELLE PROVINCIE;in prossimit�;;del civico n.;147;;Investimento di pedone;Rettilineo;Due carreggiate;Asciutto;Asfaltata;Verticale ed orizzontale;Sereno;Intenso;Buona;;1;0;0;1;12.5218;41.9069;-1;1;Motociclo a solo;In marcia / fermata / arresto;Conducente;M;Illeso;0;;;
5656317;10;21/10/2021 18:00:00;Strada Urbana;VIALE PALMIRO TOGLIATTI;all'intersezione con;VIA QUINTO PUBLICIO;VIA QUINTO PUBLICIO;;;Tamponamento;Intersezione semaforizzata;Due carreggiate;Asciutto;Asfaltata;Verticale ed orizzontale;Sereno;Normale;Sufficiente;;0;0;0;3;12.5711;41.856;-1;1;Autovettura privata;In marcia / fermata / arresto;Conducente;F;Illeso;0;;Non accertato;Inesploso
5656317;10;21/10/2021 18:00:00;Strada Urbana;VIALE PALMIRO TOGLIATTI;all'intersezione con;VIA QUINTO PUBLICIO;VIA QUINTO PUBLICIO;;;Tamponamento;Intersezione semaforizzata;Due carreggiate;Asciutto;Asfaltata;Verticale ed orizzontale;Sereno;Normale;Sufficiente;;0;0;0;3;12.5711;41.856;-1;2;Autovettura privata;In marcia / fermata / arresto;Conducente;M;Illeso;0;;Non accertato;Inesploso
5656317;10;21/10/2021 18:00:00;Strada Urbana;VIALE PALMIRO TOGLIATTI;all'intersezione con;VIA QUINTO PUBLICIO;VIA QUINTO PUBLICIO;;;Tamponamento;Intersezione semaforizzata;Due carreggiate;Asciutto;Asfaltata;Verticale ed orizzontale;Sereno;Normale;Sufficiente;;0;0;0;3;12.5711;41.856;-1;2;Autovettura privata;In marcia / fermata / arresto;Passeggero;M;Illeso;0;;Non accertato;Inesploso
5656328;19;22/10/2021 07:10:00;Strada Urbana;VIA PASQUALE II;in prossimit�;;del civico n.;240;;Veicolo in marcia contro veicoli in sosta;Rettilineo;Una carreggiata a doppio senso;Asciutto;Asfaltata;Assente;Sereno;Normale;Buona;;0;0;0;1;12.409;41.9076;-1;1;Autovettura privata;In marcia / fermata / arresto;Conducente;M;Illeso;0;;;
5656328;19;22/10/2021 07:10:00;Strada Urbana;VIA PASQUALE II;in prossimit�;;del civico n.;240;;Veicolo in marcia contro veicoli in sosta;Rettilineo;Una carreggiata a doppio senso;Asciutto;Asfaltata;Assente;Sereno;Normale;Buona;;0;0;0;1;12.409;41.9076;-1;2;Autovettura privata;Sosta;;;;;;;
5656328;19;22/10/2021 07:10:00;Strada Urbana;VIA PASQUALE II;in prossimit�;;del civico n.;240;;Veicolo in marcia contro veicoli in sosta;Rettilineo;Una carreggiata a doppio senso;Asciutto;Asfaltata;Assente;Sereno;Normale;Buona;;0;0;0;1;12.409;41.9076;-1;3;Autovettura privata;Sosta;;;;;;;
5656328;19;22/10/2021 07:10:00;Strada Urbana;VIA PASQUALE II;in prossimit�;;del civico n.;240;;Veicolo in marcia contro veicoli in sosta;Rettilineo;Una carreggiata a doppio senso;Asciutto;Asfaltata;Assente;Sereno;Normale;Buona;;0;0;0;1;12.409;41.9076;-1;4;Autovettura privata;Sosta;;;;;;;
5656328;19;22/10/2021 07:10:00;Strada Urbana;VIA PASQUALE II;in prossimit�;;del civico n.;240;;Veicolo in marcia contro veicoli in sosta;Rettilineo;Una carreggiata a doppio senso;Asciutto;Asfaltata;Assente;Sereno;Normale;Buona;;0;0;0;1;12.409;41.9076;-1;5;Autovettura privata;Sosta;;;;;;;
5656358;3;20/10/2021 15:50:00;Strada Urbana;VIALE VENTUNO APRILE;all'intersezione semaforizzata con;VIA FAMIANO NARDINI;VIA FAMIANO NARDINI;;;Tamponamento Multiplo;Intersezione semaforizzata;Una carreggiata a doppio senso;Asciutto;Asfaltata;Verticale ed orizzontale;Sereno;Intenso;Sufficiente;;0;0;0;3;12.52;41.9183;-1;1;Autobus urbano;In marcia / fermata / arresto;Conducente;M;Illeso;0;;;
5656358;3;20/10/2021 15:50:00;Strada Urbana;VIALE VENTUNO APRILE;all'intersezione semaforizzata con;VIA FAMIANO NARDINI;VIA FAMIANO NARDINI;;;Tamponamento Multiplo;Intersezione semaforizzata;Una carreggiata a doppio senso;Asciutto;Asfaltata;Verticale ed orizzontale;Sereno;Intenso;Sufficiente;;0;0;0;3;12.52;41.9183;-1;2;Autovettura privata;In marcia / fermata / arresto;Conducente;F;Illeso;0;;;
5656358;3;20/10/2021 15:50:00;Strada Urbana;VIALE VENTUNO APRILE;all'intersezione semaforizzata con;VIA FAMIANO NARDINI;VIA FAMIANO NARDINI;;;Tamponamento Multiplo;Intersezione semaforizzata;Una carreggiata a doppio senso;Asciutto;Asfaltata;Verticale ed orizzontale;Sereno;Intenso;Sufficiente;;0;0;0;3;12.52;41.9183;-1;3;Motociclo a solo;In marcia / fermata / arresto;Conducente;M;Illeso;0;;;
5656384;10;21/10/2021 19:05:00;Strada Urbana;VIA TUSCOLANA;in prossimit�;;del civico n.;789;;Scontro laterale fra veicoli in marcia;Rettilineo;Due carreggiate;Asciutto;Asfaltata;Verticale ed orizzontale;Sereno;Normale;Buona;;0;0;0;3;12.5574;41.8597;-1;1;Autovettura privata;In marcia / fermata / arresto;Passeggero;F;Illeso;0;;Non accertato;Inesploso
5656384;10;21/10/2021 19:05:00;Strada Urbana;VIA TUSCOLANA;in prossimit�;;del civico n.;789;;Scontro laterale fra veicoli in marcia;Rettilineo;Due carreggiate;Asciutto;Asfaltata;Verticale ed orizzontale;Sereno;Normale;Buona;;0;0;0;3;12.5574;41.8597;-1;1;Autovettura privata;In marcia / fermata / arresto;Conducente;F;Illeso;0;;Non accertato;Inesploso
5656384;10;21/10/2021 19:05:00;Strada Urbana;VIA TUSCOLANA;in prossimit�;;del civico n.;789;;Scontro laterale fra veicoli in marcia;Rettilineo;Due carreggiate;Asciutto;Asfaltata;Verticale ed orizzontale;Sereno;Normale;Buona;;0;0;0;3;12.5574;41.8597;-1;2;Autovettura privata;In marcia / fermata / arresto;Conducente;M;Illeso;0;;Non accertato;Inesploso
5656397;19;21/10/2021 08:10:00;Strada Urbana;VIA ENRICO PESTALOZZI;da specificare;;;;rampa ingresso galleria Giovanni XXIII;Infortunio per caduta del veicolo;Curva a visuale libera;Una carreggiata a senso unico di marcia;Asciutto;Asfaltata;Verticale ed orizzontale;Nuvoloso;Normale;Buona;;1;0;0;0;12.4262;41.9358;-1;1;Motociclo a solo;In marcia / fermata / arresto;Conducente;M;Rimandato;0;NON DECEDUTO;;
5656442;3;21/10/2021 01:35:00;Strada Urbana;NUOVA CIRCONVALLAZIONE INTERNA;da specificare;;;;direzione Salaria;Veicolo in marcia contro ostacolo fisso;Curva a visuale libera;Una carreggiata a senso unico di marcia;Asciutto;Asfaltata;Verticale ed orizzontale;Sereno;Scarso;Sufficiente;;1;0;0;0;12.5301;41.9154;-1;1;Motociclo a solo;In marcia / fermata / arresto;Conducente;M;Ricoverato;0;NON DECEDUTO;;
5656450;4;21/10/2021 14:00:00;Strada Urbana;PIAZZA SEMPIONE;in prossimit�;;del civico n.;21;;Veicolo in marcia contro ostacolo fisso;Curva a visuale libera;Una carreggiata a senso unico di marcia;Asciutto;Asfaltata;Verticale ed orizzontale;Nuvoloso;Normale;Buona;;0;0;0;1;12.5354;41.9355;-1;1;Autovettura privata;In marcia / fermata / arresto;Conducente;M;Illeso;0;;Non accertato;