Protocollo;Gruppo;DataOraIncidente;Localizzazione1;STRADA1;Localizzazione2;STRADA2;Strada02;Chilometrica;DaSpecificare;NaturaIncidente;particolaritastrade;TipoStrada;FondoStradale;Pavimentazione;Segnaletica;CondizioneAtmosferica;Traffico;Visibilita;Illuminazione;NUM_FERITI;NUM_RISERVATA;NUM_MORTI;NUM_ILLESI;Longitudine;Latitudine;Confermato;Progressivo;TipoVeicolo;StatoVeicolo;TipoPersona;Sesso;Tipolesione;Deceduto;DecedutoDopo;CinturaCascoUtilizzato;Airbag;
5660243;15;23/10/2021 19:40:00;Strada Urbana;VIA DELLA MAGLIANA NUOVA;in prossimit�;;del civico n.;416;;Scontro frontale/laterale SX fra veicoli in marcia;Rettilineo;Una carreggiata a doppio senso;Asciutto;Asfaltata;Verticale ed orizzontale;Sereno;Scarso;Buona;;2;0;0;3;12.4556;41.8465;-1;2;Motociclo con passeggero;In marcia / fermata / arresto;Conducente;M;Rimandato;0;NON DECEDUTO;;
5660244;12;22/10/2021 12:05:00;Provinciale;VIA LAURENTINA;all'intersezione con;VIA DEL FOSSO DI RADICELLI;VIA DEL FOSSO DI RADICELLI;;;Scontro frontale/laterale DX fra veicoli in marcia;Rotatoria;Una carreggiata a senso unico di marcia;Asciutto;Asfaltata;Verticale ed orizzontale;Nuvoloso;Scarso;Buona;;0;0;0;2;12.4856;41.8103;-1;1;Autovettura privata;In marcia / fermata / arresto;Conducente;M;Illeso;0;;Non accertato;Inesploso
5660244;12;22/10/2021 12:05:00;Provinciale;VIA LAURENTINA;all'intersezione con;VIA DEL FOSSO DI RADICELLI;VIA DEL FOSSO DI RADICELLI;;;Scontro frontale/laterale DX fra veicoli in marcia;Rotatoria;Una carreggiata a senso unico di marcia;Asciutto;Asfaltata;Verticale ed orizzontale;Nuvoloso;Scarso;Buona;;0;0;0;2;12.4856;41.8103;-1;2;Autovettura privata;In marcia / fermata / arresto;Conducente;F;Illeso;0;;Non accertato;Inesploso
5660246;11;25/10/2021;Strada Urbana;VIALE GUGLIELMO MARCONI;all'intersezione con;LARGO ENEA BORTOLOTTI;LARGO ENEA BORTOLOTTI;;;Scontro laterale fra veicoli in marcia;Intersezione semaforizzata;Due carreggiate;Asciutto;Asfaltata;Verticale ed orizzontale;Sereno;Scarso;Sufficiente;;0;0;0;3;12.4723;41.8548;-1;1;Autovettura privata;In marcia / fermata / arresto;Conducente;M;Illeso;0;;;
5660246;11;25/10/2021;Strada Urbana;VIALE GUGLIELMO MARCONI;all'intersezione con;LARGO ENEA BORTOLOTTI;LARGO ENEA BORTOLOTTI;;;Scontro laterale fra veicoli in marcia;Intersezione semaforizzata;Due carreggiate;Asciutto;Asfaltata;Verticale ed orizzontale;Sereno;Scarso;Sufficiente;;0;0;0;3;12.4723;41.8548;-1;2;Autovettura privata;In marcia / fermata / arresto;Passeggero;F;Illeso;0;;;
5660246;11;25/10/2021;Strada Urbana;VIALE GUGLIELMO MARCONI;all'intersezione con;LARGO ENEA BORTOLOTTI;LARGO ENEA BORTOLOTTI;;;Scontro laterale fra veicoli in marcia;Intersezione semaforizzata;Due carreggiate;Asciutto;Asfaltata;Verticale ed orizzontale;Sereno;Scarso;Sufficiente;;0;0;0;3;12.4723;41.8548;-1;2;Autovettura privata;In marcia / fermata / arresto;Conducente;M;Illeso;0;;;
5660252;19;22/10/2021 16:30:00;Strada Urbana;VIA S S AUDIFACE ED ABACUC;all'intersezione con;VIA SAN BASILIDE;VIA SAN BASILIDE;;;Scontro laterale fra veicoli in marcia;Incrocio;Una carreggiata a senso unico di marcia;Asciutto;Asfaltata;Verticale ed orizzontale;Nuvoloso;Scarso;Buona;;0;0;0;2;12.3765;41.9509;-1;1;Autovettura privata;In marcia / fermata / arresto;Conducente;M;Illeso;0;;;
5660252;19;22/10/2021 16:30:00;Strada Urbana;VIA S S AUDIFACE ED ABACUC;all'intersezione con;VIA SAN BASILIDE;VIA SAN BASILIDE;;;Scontro laterale fra veicoli in marcia;Incrocio;Una carreggiata a senso unico di marcia;Asciutto;Asfaltata;Verticale ed orizzontale;Nuvoloso;Scarso;Buona;;0;0;0;2;12.3765;41.9509;-1;2;Autovettura privata;In marcia / fermata / arresto;Conducente;M;Illeso;0;;;
5660253;11;24/10/2021 11:50:00;Strada Urbana;VIALE GUGLIELMO MARCONI;in prossimit�;;del civico n.;644;;Scontro laterale fra veicoli in marcia;Rettilineo;Due carreggiate;Asciutto;Asfaltata;Verticale ed orizzontale;Sereno;Scarso;Buona;;0;0;0;3;12.4733;41.8511;-1;1;Autovettura privata;In marcia / fermata / arresto;Conducente;F;Illeso;0;;;
5660253;11;24/10/2021 11:50:00;Strada Urbana;VIALE GUGLIELMO MARCONI;in prossimit�;;del civico n.;644;;Scontro laterale fra veicoli in marcia;Rettilineo;Due carreggiate;Asciutto;Asfaltata;Verticale ed orizzontale;Sereno;Scarso;Buona;;0;0;0;3;12.4733;41.8511;-1;1;Autovettura privata;In marcia / fermata / arresto;Passeggero;M;Illeso;0;;;
5660253;11;24/10/2021 11:50:00;Strada Urbana;VIALE GUGLIELMO MARCONI;in prossimit�;;del civico n.;644;;Scontro laterale fra veicoli in marcia;Rettilineo;Due carreggiate;Asciutto;Asfaltata;Verticale ed orizzontale;Sereno;Scarso;Buona;;0;0;0;3;12.4733;41.8511;-1;2;Autovettura privata;In marcia / fermata / arresto;Conducente;F;Illeso;0;;;
5660271;9;24/10/2021 11:53:00;Strada Urbana;VIA APPIA NUOVA;in prossimit�;;del civico n.;90;;Scontro laterale fra veicoli in marcia;Rettilineo;Due carreggiate;Asciutto;Asfaltata;Verticale ed orizzontale;Sereno;Scarso;Sufficiente;;1;0;0;1;12.5115;41.8837;-1;1;Autovettura privata;In marcia / fermata / arresto;Conducente;F;Illeso;0;;Non accertato;Inesploso
5660271;9;24/10/2021 11:53:00;Strada Urbana;VIA APPIA NUOVA;in prossimit�;;del civico n.;90;;Scontro laterale fra veicoli in marcia;Rettilineo;Due carreggiate;Asciutto;Asfaltata;Verticale ed orizzontale;Sereno;Scarso;Sufficiente;;1;0;0;1;12.5115;41.8837;-1;2;Velocipede;In marcia / fermata / arresto;Conducente;M;Rimandato;0;NON DECEDUTO;Esente;
5660272;15;24/10/2021 11:50:00;Strada Urbana;LUNGOTEVERE VITTORIO GASSMAN;all'intersezione con;VIA ANTONIO PACINOTTI;VIA ANTONIO PACINOTTI;;;Veicolo in marcia contro veicoli in sosta;Rotatoria;Una carreggiata a senso unico di marcia;Asciutto;Asfaltata;Verticale ed orizzontale;Sereno;Normale;Buona;;0;0;0;1;12.4725;41.8692;-1;1;Autovettura privata;In marcia / fermata / arresto;Conducente;M;Illeso;0;;Non accertato;Inesploso
5660272;15;24/10/2021 11:50:00;Strada Urbana;LUNGOTEVERE VITTORIO GASSMAN;all'intersezione con;VIA ANTONIO PACINOTTI;VIA ANTONIO PACINOTTI;;;Veicolo in marcia contro veicoli in sosta;Rotatoria;Una carreggiata a senso unico di marcia;Asciutto;Asfaltata;Verticale ed orizzontale;Sereno;Normale;Buona;;0;0;0;1;12.4725;41.8692;-1;2;Autovettura privata;Sosta;;;;;;;
5660272;15;24/10/2021 11:50:00;Strada Urbana;LUNGOTEVERE VITTORIO GASSMAN;all'intersezione con;VIA ANTONIO PACINOTTI;VIA ANTONIO PACINOTTI;;;Veicolo in marcia contro veicoli in sosta;Rotatoria;Una carreggiata a senso unico di marcia;Asciutto;Asfaltata;Verticale ed orizzontale;Sereno;Normale;Buona;;0;0;0;1;12.4725;41.8692;-1;3;Autovettura privata;Sosta;;;;;;;
5660287;12;24/10/2021 16:30:00;Strada Urbana;VIALE DELLA CIVILTA' DEL LAVORO;all'intersezione con;VIALE CRISTOFORO COLOMBO;VIALE CRISTOFORO COLOMBO;;;Scontro frontale/laterale DX fra veicoli in marcia;Intersezione semaforizzata;Pi� di due carreggiate;Asciutto;Asfaltata;Verticale ed orizzontale;Sereno;Normale;Buona;;0;0;0;4;12.4715;41.8349;-1;1;Autovettura privata;In marcia / fermata / arresto;Passeggero;M;Illeso;0;;Non accertato;Inesploso
5660287;12;24/10/2021 16:30:00;Strada Urbana;VIALE DELLA CIVILTA' DEL LAVORO;all'intersezione con;VIALE CRISTOFORO COLOMBO;VIALE CRISTOFORO COLOMBO;;;Scontro frontale/laterale DX fra veicoli in marcia;Intersezione semaforizzata;Pi� di due carreggiate;Asciutto;Asfaltata;Verticale ed orizzontale;Sereno;Normale;Buona;;0;0;0;4;12.4715;41.8349;-1;1;Autovettura privata;In marcia / fermata / arresto;Conducente;M;Illeso;0;;Non accertato;Inesploso
5660287;12;24/10/2021 16:30:00;Strada Urbana;VIALE DELLA CIVILTA' DEL LAVORO;all'intersezione con;VIALE CRISTOFORO COLOMBO;VIALE CRISTOFORO COLOMBO;;;Scontro frontale/laterale DX fra veicoli in marcia;Intersezione semaforizzata;Pi� di due carreggiate;Asciutto;Asfaltata;Verticale ed orizzontale;Sereno;Normale;Buona;;0;0;0;4;12.4715;41.8349;-1;2;Autovettura privata;In marcia / fermata / arresto;Conducente;M;Illeso;0;;Non accertato;Esploso
5660287;12;24/10/2021 16:30:00;Strada Urbana;VIALE DELLA CIVILTA' DEL LAVORO;all'intersezione con;VIALE CRISTOFORO COLOMBO;VIALE CRISTOFORO COLOMBO;;;Scontro frontale/laterale DX fra veicoli in marcia;Intersezione semaforizzata;Pi� di due carreggiate;Asciutto;Asfaltata;Verticale ed orizzontale;Sereno;Normale;Buona;;0;0;0;4;12.4715;41.8349;-1;2;Autovettura privata;In marcia / fermata / arresto;Passeggero;F;Illeso;0;;Non accertato;Esploso
5660293;19;22/10/2021 19:25:00;Strada Urbana;VIA MATTIA BATTISTINI;in corrispondenza;;del civico n.;199;;Investimento di pedone;Rettilineo;Una carreggiata a doppio senso;Asciutto;Asfaltata;Verticale ed orizzontale;Sereno;Normale;Buona;;1;0;0;1;12.4183;41.9134;-1;;;;Pedone;M;Rimandato;0;NON DECEDUTO;;
5660293;19;22/10/2021 19:25:00;Strada Urbana;VIA MATTIA BATTISTINI;in corrispondenza;;del civico n.;199;;Investimento di pedone;Rettilineo;Una carreggiata a doppio senso;Asciutto;Asfaltata;Verticale ed orizzontale;Sereno;Normale;Buona;;1;0;0;1;12.4183;41.9134;-1;1;Motociclo a solo;In marcia / fermata / arresto;Conducente;M;Illeso;0;;Non accertato;
5660296;15;24/10/2021 03:20:00;Strada Urbana;VIA DEGLI ORTI DI CESARE;da specificare;;;;cavalcavia ferroviario;Scontro laterale fra veicoli in marcia;Rettilineo;Una carreggiata a doppio senso;Asciutto;Asfaltata;Verticale ed orizzontale;Sereno;Normale;Sufficiente;;0;0;0;4;12.4666;41.8732;-1;1;Autovettura privata;In marcia / fermata / arresto;Passeggero;F;Illeso;0;;Non accertato;Inesploso
5660296;15;24/10/2021 03:20:00;Strada Urbana;VIA DEGLI ORTI DI CESARE;da specificare;;;;cavalcavia ferroviario;Scontro laterale fra veicoli in marcia;Rettilineo;Una carreggiata a doppio senso;Asciutto;Asfaltata;Verticale ed orizzontale;Sereno;Normale;Sufficiente;;0;0;0;4;12.4666;41.8732;-1;1;Autovettura privata;In marcia / fermata / arresto;Conducente;M;Illeso;0;;Non accertato;Inesploso
5660296;15;24/10/2021 03:20:00;Strada Urbana;VIA DEGLI ORTI DI CESARE;da specificare;;;;cavalcavia ferroviario;Scontro laterale fra veicoli in marcia;Rettilineo;Una carreggiata a doppio senso;Asciutto;Asfaltata;Verticale ed orizzontale;Sereno;Normale;Sufficiente;;0;0;0;4;12.4666;41.8732;-1;1;Autovettura privata;In marcia / fermata / arresto;Passeggero;M;Illeso;0;;Non accertato;Inesploso
5660296;15;24/10/2021 03:20:00;Strada Urbana;VIA DEGLI ORTI DI CESARE;da specificare;;;;cavalcavia ferroviario;Scontro laterale fra veicoli in marcia;Rettilineo;Una carreggiata a doppio senso;Asciutto;Asfaltata;Verticale ed orizzontale;Sereno;Normale;Sufficiente;;0;0;0;4;12.4666;41.8732;-1;2;Autovettura privata;In marcia / fermata / arresto;Conducente;M;Illeso;0;;Non accertato;
5660306;15;24/10/2021 00:30:00;Strada Urbana;VIA FRANCESCO SAVERIO SPROVIERI;all'intersezione con;VIA GIACINTO CARINI;VIA GIACINTO CARINI;;;Scontro frontale/laterale SX fra veicoli in marcia;Incrocio;Una carreggiata a doppio senso;Asciutto;Asfaltata;Verticale ed orizzontale;Sereno;Normale;Buona;;2;0;0;2;12.4599;41.8827;-1;1;Autovettura privata;In marcia / fermata / arresto;Passeggero;F;Rimandato;0;NON DECEDUTO;Non accertato;Inesploso
5660306;15;24/10/2021 00:30:00;Strada Urbana;VIA FRANCESCO SAVERIO SPROVIERI;all'intersezione con;VIA GIACINTO CARINI;VIA GIACINTO CARINI;;;Scontro frontale/laterale SX fra veicoli in marcia;Incrocio;Una carreggiata a doppio senso;Asciutto;Asfaltata;Verticale ed orizzontale;Sereno;Normale;Buona;;2;0;0;2;12.4599;41.8827;-1;1;Autovettura privata;In marcia / fermata / arresto;Passeggero;F;Illeso;0;;Non accertato;Inesploso
5660306;15;24/10/2021 00:30:00;Strada Urbana;VIA FRANCESCO SAVERIO SPROVIERI;all'intersezione con;VIA GIACINTO CARINI;VIA GIACINTO CARINI;;;Scontro frontale/laterale SX fra veicoli in marcia;Incrocio;Una carreggiata a doppio senso;Asciutto;Asfaltata;Verticale ed orizzontale;Sereno;Normale;Buona;;2;0;0;2;12.4599;41.8827;-1;1;Autovettura privata;In marcia / fermata / arresto;Conducente;M;Illeso;0;;Non accertato;Inesploso
5660306;15;24/10/2021 00:30:00;Strada Urbana;VIA FRANCESCO SAVERIO SPROVIERI;all'intersezione con;VIA GIACINTO CARINI;VIA GIACINTO CARINI;;;Scontro frontale/laterale SX fra veicoli in marcia;Incrocio;Una carreggiata a doppio senso;Asciutto;Asfaltata;Verticale ed orizzontale;Sereno;Normale;Buona;;2;0;0;2;12.4599;41.8827;-1;2;Autovettura privata;In marcia / fermata / arresto;Conducente;M;Rimandato;0;NON DECEDUTO;Non accertato;Inesploso
5660321;18;24/10/2021 17:30:00;Strada Urbana;VIA GREGORIO VII;in prossimit�;;del civico n.;102;;Scontro frontale/laterale DX fra veicoli in marcia;Curva a visuale libera;Pi� di due carreggiate;Asciutto;Asfaltata;Verticale ed orizzontale;Sereno;Normale;Buona;;0;0;0;2;12.4483;41.8957;-1;1;Autovettura privata;In marcia / fermata / arresto;Conducente;F;Illeso;0;;Non accertato;Inesploso
5660321;18;24/10/2021 17:30:00;Strada Urbana;VIA GREGORIO VII;in prossimit�;;del civico n.;102;;Scontro frontale/laterale DX fra veicoli in marcia;Curva a visuale libera;Pi� di due carreggiate;Asciutto;Asfaltata;Verticale ed orizzontale;Sereno;Normale;Buona;;0;0;0;2;12.4483;41.8957;-1;2;Autovettura privata;In marcia / fermata / arresto;Conducente;F;Illeso;0;;Non accertato;Inesploso
5660323;18;24/10/2021 04:00:00;Strada Urbana;LUNGOTEVERE RIPA;da specificare;;;;fronte civico 7;Scontro laterale fra veicoli in marcia;Rettilineo;Una carreggiata a senso unico di marcia;Asciutto;Asfaltata;Verticale ed orizzontale;Sereno;Normale;Sufficiente;;1;0;0;4;12.4788;41.888;-1;1;Autovettura privata;In marcia / fermata / arresto;Conducente;M;Illeso;0;;;
5660323;18;24/10/2021 04:00:00;Strada Urbana;LUNGOTEVERE RIPA;da specificare;;;;fronte civico 7;Scontro laterale fra veicoli in marcia;Rettilineo;Una carreggiata a senso unico di marcia;Asciutto;Asfaltata;Verticale ed orizzontale;Sereno;Normale;Sufficiente;;1;0;0;4;12.4788;41.888;-1;2;Autovettura privata;In marcia / fermata / arresto;Conducente;M;Rifiuta cure immediate;0;NON DECEDUTO;;
5660323;18;24/10/2021 04:00:00;Strada Urbana;LUNGOTEVERE RIPA;da specificare;;;;fronte civico 7;Scontro laterale fra veicoli in marcia;Rettilineo;Una carreggiata a senso unico di marcia;Asciutto;Asfaltata;Verticale ed orizzontale;Sereno;Normale;Sufficiente;;1;0;0;4;12.4788;41.888;-1;2;Autovettura privata;In marcia / fermata / arresto;Passeggero;F;Illeso;0;;;
5660323;18;24/10/2021 04:00:00;Strada Urbana;LUNGOTEVERE RIPA;da specificare;;;;fronte civico 7;Scontro laterale fra veicoli in marcia;Rettilineo;Una carreggiata a senso unico di marcia;Asciutto;Asfaltata;Verticale ed orizzontale;Sereno;Normale;Sufficiente;;1;0;0;4;12.4788;41.888;-1;2;Autovettura privata;In marcia / fermata / arresto;Passeggero;M;Illeso;0;;;
5660325;17;23/10/2021 16:15:00;Strada Urbana;PIAZZA MONTE GRAPPA;all'intersezione semaforizzata con;PONTE DEL RISORGIMENTO;PONTE DEL RISORGIMENTO;;;Scontro laterale fra veicoli in marcia;Intersezione semaforizzata;Una carreggiata a senso unico di marcia;Asciutto;Asfaltata;Verticale ed orizzontale;Nuvoloso;Normale;Buona;;1;0;0;2;12.4698;41.9187;-1;1;Autovettura privata;In marcia / fermata / arresto;Passeggero;F;Illeso;0;;;
5660325;17;23/10/2021 16:15:00;Strada Urbana;PIAZZA MONTE GRAPPA;all'intersezione semaforizzata con;PONTE DEL RISORGIMENTO;PONTE DEL RISORGIMENTO;;;Scontro laterale fra veicoli in marcia;Intersezione semaforizzata;Una carreggiata a senso unico di marcia;Asciutto;Asfaltata;Verticale ed orizzontale;Nuvoloso;Normale;Buona;;1;0;0;2;12.4698;41.9187;-1;1;Autovettura privata;In marcia / fermata / arresto;Conducente;M;Illeso;0;;;
5660325;17;23/10/2021 16:15:00;Strada Urbana;PIAZZA MONTE GRAPPA;all'intersezione semaforizzata con;PONTE DEL RISORGIMENTO;PONTE DEL RISORGIMENTO;;;Scontro laterale fra veicoli in marcia;Intersezione semaforizzata;Una carreggiata a senso unico di marcia;Asciutto;Asfaltata;Verticale ed orizzontale;Nuvoloso;Normale;Buona;;1;0;0;2;12.4698;41.9187;-1;2;Motociclo con passeggero;In marcia / fermata / arresto;Conducente;M;Rimandato;0;NON DECEDUTO;;
5660327;20;23/10/2021 19:40:00;Regionale entro l'abitato;VIA FLAMINIA NUOVA;da specificare;;;;prossimit� SOTTOPASSO EUCLIDE;Scontro laterale fra veicoli in marcia;Rettilineo;Due carreggiate;Asciutto;Asfaltata;Verticale ed orizzontale;Sereno;Normale;Buona;;1;0;0;2;12.4861;41.958;-1;1;Autovettura privata;In marcia / fermata / arresto;Passeggero;F;Illeso;0;;Non accertato;Inesploso
5660327;20;23/10/2021 19:40:00;Regionale entro l'abitato;VIA FLAMINIA NUOVA;da specificare;;;;prossimit� SOTTOPASSO EUCLIDE;Scontro laterale fra veicoli in marcia;Rettilineo;Due carreggiate;Asciutto;Asfaltata;Verticale ed orizzontale;Sereno;Normale;Buona;;1;0;0;2;12.4861;41.958;-1;1;Autovettura privata;In marcia / fermata / arresto;Conducente;M;Illeso;0;;Non accertato;Inesploso
5660327;20;23/10/2021 19:40:00;Regionale entro l'abitato;VIA FLAMINIA NUOVA;da specificare;;;;prossimit� SOTTOPASSO EUCLIDE;Scontro laterale fra veicoli in marcia;Rettilineo;Due carreggiate;Asciutto;Asfaltata;Verticale ed orizzontale;Sereno;Normale;Buona;;1;0;0;2;12.4861;41.958;-1;2;Motociclo a solo;In marcia / fermata / arresto;Conducente;M;Rimandato;0;NON DECEDUTO;Non accertato;
5660335;18;22/10/2021 23:20:00;Strada Urbana;VIA AURELIA ANTICA;in prossimit�;;del civico n.;236;;Veicolo in marcia contro ostacolo fisso;Rettilineo;Una carreggiata a doppio senso;Asciutto;Asfaltata;Orizzontale;Sereno;Normale;Sufficiente;;0;0;0;1;12.4419;41.8892;-1;1;Autovettura privata;In marcia / fermata / arresto;Conducente;M;Illeso;0;;;
5660344;20;22/10/2021 19:05:00;Strada Urbana;VIA ANTONIO DE VITI DE MARCO;da specificare;;;;all'intersezione con corsia laterale via Flaminia;Scontro laterale fra veicoli in marcia;Rettilineo;Una carreggiata a senso unico di marcia;Asciutto;Asfaltata;Verticale ed orizzontale;Nuvoloso;Normale;Sufficiente;;0;0;0;4;12.4699;41.9494;-1;1;Autovettura privata;In marcia / fermata / arresto;Conducente;M;Illeso;0;;Non accertato;Inesploso
5660344;20;22/10/2021 19:05:00;Strada Urbana;VIA ANTONIO DE VITI DE MARCO;da specificare;;;;all'intersezione con corsia laterale via Flaminia;Scontro laterale fra veicoli in marcia;Rettilineo;Una carreggiata a senso unico di marcia;Asciutto;Asfaltata;Verticale ed orizzontale;Nuvoloso;Normale;Sufficiente;;0;0;0;4;12.4699;41.9494;-1;2;Autovettura privata;In marcia / fermata / arresto;Conducente;F;Illeso;0;;Non accertato;Inesploso
5660344;20;22/10/2021 19:05:00;Strada Urbana;VIA ANTONIO DE VITI DE MARCO;da specificare;;;;all'intersezione con corsia laterale via Flaminia;Scontro laterale fra veicoli in marcia;Rettilineo;Una carreggiata a senso unico di marcia;Asciutto;Asfaltata;Verticale ed orizzontale;Nuvoloso;Normale;Sufficiente;;0;0;0;4;12.4699;41.9494;-1;2;Autovettura privata;In marcia / fermata / arresto;Passeggero;F;Illeso;0;;Non accertato;Inesploso
5660344;20;22/10/2021 19:05:00;Strada Urbana;VIA ANTONIO DE VITI DE MARCO;da specificare;;;;all'intersezione con corsia laterale via Flaminia;Scontro laterale fra veicoli in marcia;Rettilineo;Una carreggiata a senso unico di marcia;Asciutto;Asfaltata;Verticale ed orizzontale;Nuvoloso;Normale;Sufficiente;;0;0;0;4;12.4699;41.9494;-1;2;Autovettura privata;In marcia / fermata / arresto;Passeggero;M;Illeso;0;;Non accertato;Inesploso
5660352;20;23/10/2021 21:30:00;Strada Urbana;VIA FLAMINIA;da specificare;;;;in prossimit� f.c. 854;Tamponamento;Curva senza visuale libera;Due carreggiate;Asciutto;Asfaltata;Verticale ed orizzontale;Nuvoloso;Scarso;Buona;;1;0;0;3;12.4847;41.9538;-1;1;Motociclo a solo;In marcia / fermata / arresto;Conducente;M;Rimandato;0;NON DECEDUTO;Utilizzato;
5660352;20;23/10/2021 21:30:00;Strada Urbana;VIA FLAMINIA;da specificare;;;;in prossimit� f.c. 854;Tamponamento;Curva senza visuale libera;Due carreggiate;Asciutto;Asfaltata;Verticale ed orizzontale;Nuvoloso;Scarso;Buona;;1;0;0;3;12.4847;41.9538;-1;2;Autovettura privata;In marcia / fermata / arresto;Passeggero;F;Illeso;0;;Non accertato;Inesploso
5660352;20;23/10/2021 21:30:00;Strada Urbana;VIA FLAMINIA;da specificare;;;;in prossimit� f.c. 854;Tamponamento;Curva senza visuale libera;Due carreggiate;Asciutto;Asfaltata;Verticale ed orizzontale;Nuvoloso;Scarso;Buona;;1;0;0;3;12.4847;41.9538;-1;2;Autovettura privata;In marcia / fermata / arresto;Passeggero;F;Illeso;0;;Non accertato;Inesploso
5660352;20;23/10/2021 21:30:00;Strada Urbana;VIA FLAMINIA;da specificare;;;;in prossimit� f.c. 854;Tamponamento;Curva senza visuale libera;Due carreggiate;Asciutto;Asfaltata;Verticale ed orizzontale;Nuvoloso;Scarso;Buona;;1;0;0;3;12.4847;41.9538;-1;2;Autovettura privata;In marcia / fermata / arresto;Conducente;F;Illeso;0;;Non accertato;Inesploso
5660357;20;24/10/2021 12:20:00;Regionale;VIA FLAMINIA;in corrispondenza;;della chilometrica;15.3;;Tamponamento;Galleria illuminata;Una carreggiata a senso unico di marcia;Asciutto;Asfaltata;Orizzontale;Sereno;Normale;Sufficiente;;1;0;0;1;12.4718;41.9419;-1;1;Autovettura privata;In marcia / fermata / arresto;Conducente;M;Illeso;0;;;
5660357;20;24/10/2021 12:20:00;Regionale;VIA FLAMINIA;in corrispondenza;;della chilometrica;15.3;;Tamponamento;Galleria illuminata;Una carreggiata a senso unico di marcia;Asciutto;Asfaltata;Orizzontale;Sereno;Normale;Sufficiente;;1;0;0;1;12.4718;41.9419;-1;2;Velocipede;In marcia / fermata / arresto;Conducente;M;Rimandato;0;NON DECEDUTO;Esente;
5660360;9;24/10/2021 19:45:00;Strada Urbana;PIAZZA DI PONTE LUNGO;all'intersezione con;VIA ADRIA;VIA ADRIA;;;Infortunio per sola frenata improvvisa;Incrocio;Una carreggiata a senso unico di marcia;Asciutto;Asfaltata;Verticale ed orizzontale;Sereno;Normale;Sufficiente;;1;0;0;4;12.5198;41.8773;-1;1;Autovettura privata;In marcia / fermata / arresto;Passeggero;F;Illeso;0;;Non accertato;Inesploso
5660360;9;24/10/2021 19:45:00;Strada Urbana;PIAZZA DI PONTE LUNGO;all'intersezione con;VIA ADRIA;VIA ADRIA;;;Infortunio per sola frenata improvvisa;Incrocio;Una carreggiata a senso unico di marcia;Asciutto;Asfaltata;Verticale ed orizzontale;Sereno;Normale;Sufficiente;;1;0;0;4;12.5198;41.8773;-1;1;Autovettura privata;In marcia / fermata / arresto;Conducente;M;Illeso;0;;Non accertato;Inesploso
5660360;9;24/10/2021 19:45:00;Strada Urbana;PIAZZA DI PONTE LUNGO;all'intersezione con;VIA ADRIA;VIA ADRIA;;;Infortunio per sola frenata improvvisa;Incrocio;Una carreggiata a senso unico di marcia;Asciutto;Asfaltata;Verticale ed orizzontale;Sereno;Normale;Sufficiente;;1;0;0;4;12.5198;41.8773;-1;1;Autovettura privata;In marcia / fermata / arresto;Passeggero;F;Illeso;0;;Non accertato;Inesploso
5660360;9;24/10/2021 19:45:00;Strada Urbana;PIAZZA DI PONTE LUNGO;all'intersezione con;VIA ADRIA;VIA ADRIA;;;Infortunio per sola frenata improvvisa;Incrocio;Una carreggiata a senso unico di marcia;Asciutto;Asfaltata;Verticale ed orizzontale;Sereno;Normale;Sufficiente;;1;0;0;4;12.5198;41.8773;-1;1;Autovettura privata;In marcia / fermata / arresto;Passeggero;F;Illeso;0;;Non accertato;Inesploso
5660360;9;24/10/2021 19:45:00;Strada Urbana;PIAZZA DI PONTE LUNGO;all'intersezione con;VIA ADRIA;VIA ADRIA;;;Infortunio per sola frenata improvvisa;Incrocio;Una carreggiata a senso unico di marcia;Asciutto;Asfaltata;Verticale ed orizzontale;Sereno;Normale;Sufficiente;;1;0;0;4;12.5198;41.8773;-1;2;Motociclo a solo;In marcia / fermata / arresto;Conducente;M;Ricoverato;0;NON DECEDUTO;Non accertato;
5660368;19;23/10/2021 08:15:00;Strada Urbana;VIA DELLA PINETA SACCHETTI;da specificare;;;;pross. via S. Cleto Papa;Tamponamento;Rettilineo;Due carreggiate;Bagnato (pioggia);Asfaltata;Verticale ed orizzontale;Pioggia in atto;Normale;Buona;;0;0;0;2;12.424;41.9226;-1;1;Autovettura privata;In marcia / fermata / arresto;Conducente;F;Illeso;0;;Non accertato;Inesploso
5660368;19;23/10/2021 08:15:00;Strada Urbana;VIA DELLA PINETA SACCHETTI;da specificare;;;;pross. via S. Cleto Papa;Tamponamento;Rettilineo;Due carreggiate;Bagnato (pioggia);Asfaltata;Verticale ed orizzontale;Pioggia in atto;Normale;Buona;;0;0;0;2;12.424;41.9226;-1;2;Autovettura privata;In marcia / fermata / arresto;Conducente;M;Illeso;0;;Non accertato;Inesploso
5660383;12;24/10/2021 16:15:00;Statale;VIA PONTINA;da specificare;;;;direzione Roma km 16.200;Tamponamento;Rettilineo;Due carreggiate;Asciutto;Asfaltata;Verticale ed orizzontale;Sereno;Normale;Buona;;0;0;0;3;12.4522;41.794;-1;1;Autovettura privata;In marcia / fermata / arresto;Conducente;M;Illeso;0;;Non accertato;Inesploso