Protocollo;Gruppo;DataOraIncidente;Localizzazione1;STRADA1;Localizzazione2;STRADA2;Strada02;Chilometrica;DaSpecificare;NaturaIncidente;particolaritastrade;TipoStrada;FondoStradale;Pavimentazione;Segnaletica;CondizioneAtmosferica;Traffico;Visibilita;Illuminazione;NUM_FERITI;NUM_RISERVATA;NUM_MORTI;NUM_ILLESI;Longitudine;Latitudine;Confermato;Progressivo;TipoVeicolo;StatoVeicolo;TipoPersona;Sesso;Tipolesione;Deceduto;DecedutoDopo;CinturaCascoUtilizzato;Airbag;
5660383;12;24/10/2021 16:15:00;Statale;VIA PONTINA;da specificare;;;;direzione Roma km 16.200;Tamponamento;Rettilineo;Due carreggiate;Asciutto;Asfaltata;Verticale ed orizzontale;Sereno;Normale;Buona;;0;0;0;3;12.4522;41.794;-1;1;Autovettura privata;In marcia / fermata / arresto;Passeggero;F;Illeso;0;;Non accertato;Inesploso
5660383;12;24/10/2021 16:15:00;Statale;VIA PONTINA;da specificare;;;;direzione Roma km 16.200;Tamponamento;Rettilineo;Due carreggiate;Asciutto;Asfaltata;Verticale ed orizzontale;Sereno;Normale;Buona;;0;0;0;3;12.4522;41.794;-1;2;Autovettura privata;In marcia / fermata / arresto;Conducente;M;Illeso;0;;Non accertato;
5660387;20;22/10/2021 19:50:00;Strada Urbana;VIA FORMELLESE;all'intersezione con;VIADOTTO DELL'OLGIATA;VIADOTTO DELL'OLGIATA;;;Scontro frontale/laterale DX fra veicoli in marcia;Incrocio;Una carreggiata a doppio senso;Asciutto;Asfaltata;Verticale;Nuvoloso;Normale;Sufficiente;;0;0;0;2;12.3754;42.0282;-1;1;Autovettura privata;In marcia / fermata / arresto;Conducente;M;Illeso;0;;Non utilizzato;Inesploso
5660387;20;22/10/2021 19:50:00;Strada Urbana;VIA FORMELLESE;all'intersezione con;VIADOTTO DELL'OLGIATA;VIADOTTO DELL'OLGIATA;;;Scontro frontale/laterale DX fra veicoli in marcia;Incrocio;Una carreggiata a doppio senso;Asciutto;Asfaltata;Verticale;Nuvoloso;Normale;Sufficiente;;0;0;0;2;12.3754;42.0282;-1;2;Autovettura privata;In marcia / fermata / arresto;Conducente;M;Illeso;0;;Non accertato;Inesploso
5660389;18;22/10/2021 13:10:00;Strada Urbana;VIA GIOVANNI BATTISTA RUINO;all'intersezione con;VIA ALESSANDRO GUIDICCIONI;VIA ALESSANDRO GUIDICCIONI;;;Scontro frontale/laterale DX fra veicoli in marcia;Intersezione stradale segnalata;Una carreggiata a senso unico di marcia;Asciutto;Asfaltata;Verticale ed orizzontale;Sereno;Scarso;Buona;;2;0;0;1;12.3925;41.9027;-1;1;Autovettura privata;In marcia / fermata / arresto;Passeggero;M;Rimandato;0;NON DECEDUTO;Non accertato;Inesploso
5660389;18;22/10/2021 13:10:00;Strada Urbana;VIA GIOVANNI BATTISTA RUINO;all'intersezione con;VIA ALESSANDRO GUIDICCIONI;VIA ALESSANDRO GUIDICCIONI;;;Scontro frontale/laterale DX fra veicoli in marcia;Intersezione stradale segnalata;Una carreggiata a senso unico di marcia;Asciutto;Asfaltata;Verticale ed orizzontale;Sereno;Scarso;Buona;;2;0;0;1;12.3925;41.9027;-1;1;Autovettura privata;In marcia / fermata / arresto;Conducente;M;Illeso;0;;Non accertato;Inesploso
5660389;18;22/10/2021 13:10:00;Strada Urbana;VIA GIOVANNI BATTISTA RUINO;all'intersezione con;VIA ALESSANDRO GUIDICCIONI;VIA ALESSANDRO GUIDICCIONI;;;Scontro frontale/laterale DX fra veicoli in marcia;Intersezione stradale segnalata;Una carreggiata a senso unico di marcia;Asciutto;Asfaltata;Verticale ed orizzontale;Sereno;Scarso;Buona;;2;0;0;1;12.3925;41.9027;-1;2;Motociclo a solo;In marcia / fermata / arresto;Conducente;M;Rimandato;0;NON DECEDUTO;Non accertato;
5660391;6;23/10/2021 14:05:00;Strada Urbana;VIA TEANO;da specificare;;;;f.c. 223;Scontro frontale/laterale SX fra veicoli in marcia;Rettilineo;Due carreggiate;Asciutto;Asfaltata;Orizzontale;Sereno;Normale;Buona;;0;0;0;2;12.5479;41.8896;-1;1;Autovettura privata;In marcia / fermata / arresto;Conducente;M;Illeso;0;;Non accertato;Inesploso
5660391;6;23/10/2021 14:05:00;Strada Urbana;VIA TEANO;da specificare;;;;f.c. 223;Scontro frontale/laterale SX fra veicoli in marcia;Rettilineo;Due carreggiate;Asciutto;Asfaltata;Orizzontale;Sereno;Normale;Buona;;0;0;0;2;12.5479;41.8896;-1;2;Autovettura privata;In marcia / fermata / arresto;Conducente;M;Illeso;0;;Non accertato;Inesploso
5660393;9;24/10/2021 22:55:00;Strada Urbana;VIA VILLABATE;in corrispondenza;;del civico n.;195;;Tamponamento;Rettilineo;Una carreggiata a doppio senso;Asciutto;Asfaltata;Assente;Sereno;Scarso;Sufficiente;;1;0;0;3;12.649;41.8681;-1;1;Autovettura privata;In marcia / fermata / arresto;Conducente;F;Illeso;0;;Non accertato;Inesploso
5660393;9;24/10/2021 22:55:00;Strada Urbana;VIA VILLABATE;in corrispondenza;;del civico n.;195;;Tamponamento;Rettilineo;Una carreggiata a doppio senso;Asciutto;Asfaltata;Assente;Sereno;Scarso;Sufficiente;;1;0;0;3;12.649;41.8681;-1;1;Autovettura privata;In marcia / fermata / arresto;Passeggero;F;Rimandato;0;NON DECEDUTO;Non accertato;Inesploso
5660393;9;24/10/2021 22:55:00;Strada Urbana;VIA VILLABATE;in corrispondenza;;del civico n.;195;;Tamponamento;Rettilineo;Una carreggiata a doppio senso;Asciutto;Asfaltata;Assente;Sereno;Scarso;Sufficiente;;1;0;0;3;12.649;41.8681;-1;1;Autovettura privata;In marcia / fermata / arresto;Passeggero;F;Illeso;0;;Non accertato;Inesploso
5660393;9;24/10/2021 22:55:00;Strada Urbana;VIA VILLABATE;in corrispondenza;;del civico n.;195;;Tamponamento;Rettilineo;Una carreggiata a doppio senso;Asciutto;Asfaltata;Assente;Sereno;Scarso;Sufficiente;;1;0;0;3;12.649;41.8681;-1;2;Autovettura privata;In marcia / fermata / arresto;Conducente;F;Illeso;0;;;
5660402;20;24/10/2021 02:30:00;Strada Urbana;VIA RIANO;in prossimit�;;del civico n.;14;;Veicolo in marcia contro veicolo in sosta;Rettilineo;Una carreggiata a senso unico di marcia;Asciutto;Asfaltata;Verticale ed orizzontale;Sereno;Normale;Sufficiente;;0;0;0;2;12.4693;41.9384;-1;1;Autovettura privata;In marcia / fermata / arresto;Conducente;F;Illeso;0;;Non accertato;Inesploso
5660402;20;24/10/2021 02:30:00;Strada Urbana;VIA RIANO;in prossimit�;;del civico n.;14;;Veicolo in marcia contro veicolo in sosta;Rettilineo;Una carreggiata a senso unico di marcia;Asciutto;Asfaltata;Verticale ed orizzontale;Sereno;Normale;Sufficiente;;0;0;0;2;12.4693;41.9384;-1;1;Autovettura privata;In marcia / fermata / arresto;Passeggero;F;Illeso;0;;Non accertato;Inesploso
5660402;20;24/10/2021 02:30:00;Strada Urbana;VIA RIANO;in prossimit�;;del civico n.;14;;Veicolo in marcia contro veicolo in sosta;Rettilineo;Una carreggiata a senso unico di marcia;Asciutto;Asfaltata;Verticale ed orizzontale;Sereno;Normale;Sufficiente;;0;0;0;2;12.4693;41.9384;-1;2;Autovettura privata;Sosta;;;;;;;
5660407;13;24/10/2021 23:50:00;Strada Urbana;VIA DELLE BALENIERE;all'intersezione con;VIADOTTO ATTICO TABACCHI;VIADOTTO ATTICO TABACCHI;;;Scontro laterale fra veicoli in marcia;Intersezione semaforizzata;Pi� di due carreggiate;Asciutto;Asfaltata;Verticale ed orizzontale;Sereno;Normale;Sufficiente;;0;0;0;3;12.2795;41.7382;0;1;Autovettura privata;In marcia / fermata / arresto;Conducente;M;Illeso;0;;Non accertato;Inesploso
5660407;13;24/10/2021 23:50:00;Strada Urbana;VIA DELLE BALENIERE;all'intersezione con;VIADOTTO ATTICO TABACCHI;VIADOTTO ATTICO TABACCHI;;;Scontro laterale fra veicoli in marcia;Intersezione semaforizzata;Pi� di due carreggiate;Asciutto;Asfaltata;Verticale ed orizzontale;Sereno;Normale;Sufficiente;;0;0;0;3;12.2795;41.7382;0;1;Autovettura privata;In marcia / fermata / arresto;Passeggero;F;Illeso;0;;Non accertato;Inesploso
5660407;13;24/10/2021 23:50:00;Strada Urbana;VIA DELLE BALENIERE;all'intersezione con;VIADOTTO ATTICO TABACCHI;VIADOTTO ATTICO TABACCHI;;;Scontro laterale fra veicoli in marcia;Intersezione semaforizzata;Pi� di due carreggiate;Asciutto;Asfaltata;Verticale ed orizzontale;Sereno;Normale;Sufficiente;;0;0;0;3;12.2795;41.7382;0;1;Autovettura privata;In marcia / fermata / arresto;Passeggero;M;Illeso;0;;Non accertato;Inesploso
5660407;13;24/10/2021 23:50:00;Strada Urbana;VIA DELLE BALENIERE;all'intersezione con;VIADOTTO ATTICO TABACCHI;VIADOTTO ATTICO TABACCHI;;;Scontro laterale fra veicoli in marcia;Intersezione semaforizzata;Pi� di due carreggiate;Asciutto;Asfaltata;Verticale ed orizzontale;Sereno;Normale;Sufficiente;;0;0;0;3;12.2795;41.7382;0;2;Autovettura privata;In marcia / fermata / arresto;;;;;;;
5660416;13;24/10/2021 18:15:00;Statale entro l'abitato;VIA GUIDO CALZA;in prossimit�;;della chilometrica;5.3;;Veicolo in marcia contro ostacolo fisso;Rettilineo;Una carreggiata a senso unico di marcia;Asciutto;Asfaltata;Verticale ed orizzontale;Sereno;Normale;Insufficiente;;0;0;0;2;12.2916;41.7522;0;1;Autovettura privata;In marcia / fermata / arresto;Passeggero;F;Illeso;0;;;
5660416;13;24/10/2021 18:15:00;Statale entro l'abitato;VIA GUIDO CALZA;in prossimit�;;della chilometrica;5.3;;Veicolo in marcia contro ostacolo fisso;Rettilineo;Una carreggiata a senso unico di marcia;Asciutto;Asfaltata;Verticale ed orizzontale;Sereno;Normale;Insufficiente;;0;0;0;2;12.2916;41.7522;0;1;Autovettura privata;In marcia / fermata / arresto;Conducente;M;Illeso;0;;Non accertato;
5660421;12;22/10/2021 09:35:00;Strada Urbana;VIA ELIO CHIANESI;in prossimit�;;del civico n.;53;;Tamponamento;Rettilineo;Una carreggiata a doppio senso;Asciutto;Asfaltata;Verticale ed orizzontale;Sereno;Normale;Buona;;0;0;0;4;12.4509;41.8026;-1;1;Autovettura privata;In marcia / fermata / arresto;Conducente;M;Illeso;0;;Non accertato;Inesploso
5660421;12;22/10/2021 09:35:00;Strada Urbana;VIA ELIO CHIANESI;in prossimit�;;del civico n.;53;;Tamponamento;Rettilineo;Una carreggiata a doppio senso;Asciutto;Asfaltata;Verticale ed orizzontale;Sereno;Normale;Buona;;0;0;0;4;12.4509;41.8026;-1;1;Autovettura privata;In marcia / fermata / arresto;Passeggero;F;Illeso;0;;Non accertato;Inesploso
5660421;12;22/10/2021 09:35:00;Strada Urbana;VIA ELIO CHIANESI;in prossimit�;;del civico n.;53;;Tamponamento;Rettilineo;Una carreggiata a doppio senso;Asciutto;Asfaltata;Verticale ed orizzontale;Sereno;Normale;Buona;;0;0;0;4;12.4509;41.8026;-1;2;Autovettura privata;In marcia / fermata / arresto;Passeggero;F;Illeso;0;;Utilizzato;Inesploso
5660421;12;22/10/2021 09:35:00;Strada Urbana;VIA ELIO CHIANESI;in prossimit�;;del civico n.;53;;Tamponamento;Rettilineo;Una carreggiata a doppio senso;Asciutto;Asfaltata;Verticale ed orizzontale;Sereno;Normale;Buona;;0;0;0;4;12.4509;41.8026;-1;2;Autovettura privata;In marcia / fermata / arresto;Conducente;M;Illeso;0;;Utilizzato;Inesploso
5660423;13;24/10/2021 15:55:00;Strada Urbana;VIA BRENTONICO;all'intersezione con;VIA VANDOIES;VIA VANDOIES;;;Scontro laterale fra veicoli in marcia;Incrocio;Una carreggiata a doppio senso;Asciutto;Asfaltata;Assente;Sereno;Scarso;Buona;;1;0;0;2;12.3807;41.7298;-1;1;Autovettura privata;In marcia / fermata / arresto;Conducente;M;Illeso;0;;Non accertato;Inesploso
5660423;13;24/10/2021 15:55:00;Strada Urbana;VIA BRENTONICO;all'intersezione con;VIA VANDOIES;VIA VANDOIES;;;Scontro laterale fra veicoli in marcia;Incrocio;Una carreggiata a doppio senso;Asciutto;Asfaltata;Assente;Sereno;Scarso;Buona;;1;0;0;2;12.3807;41.7298;-1;1;Autovettura privata;In marcia / fermata / arresto;Passeggero;M;Illeso;0;;Non accertato;Inesploso
5660423;13;24/10/2021 15:55:00;Strada Urbana;VIA BRENTONICO;all'intersezione con;VIA VANDOIES;VIA VANDOIES;;;Scontro laterale fra veicoli in marcia;Incrocio;Una carreggiata a doppio senso;Asciutto;Asfaltata;Assente;Sereno;Scarso;Buona;;1;0;0;2;12.3807;41.7298;-1;2;Autovettura privata;In marcia / fermata / arresto;Conducente;M;Rimandato;0;NON DECEDUTO;Non accertato;Inesploso
5660428;18;24/10/2021 22:05:00;Strada Urbana;VIA DI BOCCEA;in prossimit�;;del civico n.;490;;Scontro laterale fra veicoli in marcia;Rettilineo;Due carreggiate;Asciutto;Asfaltata;Verticale ed orizzontale;Sereno;Normale;Sufficiente;;0;0;0;2;12.3923;41.9116;-1;1;Autovettura privata;In marcia / fermata / arresto;Conducente;M;Illeso;0;;Non accertato;Inesploso
5660428;18;24/10/2021 22:05:00;Strada Urbana;VIA DI BOCCEA;in prossimit�;;del civico n.;490;;Scontro laterale fra veicoli in marcia;Rettilineo;Due carreggiate;Asciutto;Asfaltata;Verticale ed orizzontale;Sereno;Normale;Sufficiente;;0;0;0;2;12.3923;41.9116;-1;2;Autovettura privata;In marcia / fermata / arresto;Conducente;M;Illeso;0;;Non accertato;Inesploso
5660430;10;23/10/2021 05:30:00;Strada Urbana;VIA FRASCATI;all'intersezione con;VICOLO DELL'ACQUEDOTTO FELICE;VICOLO DELL'ACQUEDOTTO FELICE;;;Scontro frontale/laterale SX fra veicoli in marcia;Intersezione stradale segnalata;Una carreggiata a senso unico di marcia;Bagnato (pioggia);Asfaltata;Verticale;Pioggia in atto;Normale;Sufficiente;;0;0;0;2;12.5426;41.8646;-1;1;Autovettura privata;In marcia / fermata / arresto;Conducente;M;Illeso;0;;Non accertato;Inesploso
5660430;10;23/10/2021 05:30:00;Strada Urbana;VIA FRASCATI;all'intersezione con;VICOLO DELL'ACQUEDOTTO FELICE;VICOLO DELL'ACQUEDOTTO FELICE;;;Scontro frontale/laterale SX fra veicoli in marcia;Intersezione stradale segnalata;Una carreggiata a senso unico di marcia;Bagnato (pioggia);Asfaltata;Verticale;Pioggia in atto;Normale;Sufficiente;;0;0;0;2;12.5426;41.8646;-1;2;Autocarro inferiore 35 q.;In marcia / fermata / arresto;Conducente;M;Illeso;0;;Non accertato;Inesploso
5660433;19;23/10/2021 09:00:00;Strada Urbana;VIA PIETRO BEMBO;all'intersezione con;VIA BENEDETTO ALOISI MASELLA;VIA BENEDETTO ALOISI MASELLA;;;Scontro frontale/laterale SX fra veicoli in marcia;Incrocio;Una carreggiata a doppio senso;Bagnato (pioggia);Asfaltata;Verticale ed orizzontale;Nuvoloso;Normale;Buona;;1;0;0;1;12.411;41.9166;-1;1;Autovettura privata;In marcia / fermata / arresto;Conducente;M;Illeso;0;;Non accertato;Inesploso
5660433;19;23/10/2021 09:00:00;Strada Urbana;VIA PIETRO BEMBO;all'intersezione con;VIA BENEDETTO ALOISI MASELLA;VIA BENEDETTO ALOISI MASELLA;;;Scontro frontale/laterale SX fra veicoli in marcia;Incrocio;Una carreggiata a doppio senso;Bagnato (pioggia);Asfaltata;Verticale ed orizzontale;Nuvoloso;Normale;Buona;;1;0;0;1;12.411;41.9166;-1;2;Motociclo con passeggero;In marcia / fermata / arresto;Conducente;M;Rimandato;0;NON DECEDUTO;Non accertato;
5660439;20;23/10/2021 16:00:00;Regionale;VIA FLAMINIA;in corrispondenza;;della chilometrica;19.6;;Tamponamento;Rettilineo;Una carreggiata a doppio senso;Asciutto;Asfaltata;Verticale ed orizzontale;Nuvoloso;Normale;Buona;;1;0;0;2;12.4873;42.0483;-1;1;Autovettura privata;In marcia / fermata / arresto;Conducente;M;Rimandato;0;NON DECEDUTO;;
5660439;20;23/10/2021 16:00:00;Regionale;VIA FLAMINIA;in corrispondenza;;della chilometrica;19.6;;Tamponamento;Rettilineo;Una carreggiata a doppio senso;Asciutto;Asfaltata;Verticale ed orizzontale;Nuvoloso;Normale;Buona;;1;0;0;2;12.4873;42.0483;-1;2;Autovettura privata;In marcia / fermata / arresto;Passeggero;M;Illeso;0;;Non accertato;
5660439;20;23/10/2021 16:00:00;Regionale;VIA FLAMINIA;in corrispondenza;;della chilometrica;19.6;;Tamponamento;Rettilineo;Una carreggiata a doppio senso;Asciutto;Asfaltata;Verticale ed orizzontale;Nuvoloso;Normale;Buona;;1;0;0;2;12.4873;42.0483;-1;2;Autovettura privata;In marcia / fermata / arresto;Conducente;M;Illeso;0;;;
5660441;5;22/10/2021 19:00:00;Strada Urbana;VIA DI PORTONACCIO;in prossimit�;;del civico n.;130;;Scontro laterale fra veicoli in marcia;Rettilineo;Due carreggiate;Asciutto;Asfaltata;Verticale ed orizzontale;Sereno;Intenso;Buona;;0;0;0;4;12.5369;41.9;-1;1;Autovettura privata;In marcia / fermata / arresto;Passeggero;F;Illeso;0;;Non accertato;Inesploso
5660441;5;22/10/2021 19:00:00;Strada Urbana;VIA DI PORTONACCIO;in prossimit�;;del civico n.;130;;Scontro laterale fra veicoli in marcia;Rettilineo;Due carreggiate;Asciutto;Asfaltata;Verticale ed orizzontale;Sereno;Intenso;Buona;;0;0;0;4;12.5369;41.9;-1;1;Autovettura privata;In marcia / fermata / arresto;Conducente;F;Illeso;0;;Non accertato;Inesploso
5660441;5;22/10/2021 19:00:00;Strada Urbana;VIA DI PORTONACCIO;in prossimit�;;del civico n.;130;;Scontro laterale fra veicoli in marcia;Rettilineo;Due carreggiate;Asciutto;Asfaltata;Verticale ed orizzontale;Sereno;Intenso;Buona;;0;0;0;4;12.5369;41.9;-1;2;Autovettura privata;In marcia / fermata / arresto;Conducente;F;Illeso;0;;Non accertato;Inesploso
5660441;5;22/10/2021 19:00:00;Strada Urbana;VIA DI PORTONACCIO;in prossimit�;;del civico n.;130;;Scontro laterale fra veicoli in marcia;Rettilineo;Due carreggiate;Asciutto;Asfaltata;Verticale ed orizzontale;Sereno;Intenso;Buona;;0;0;0;4;12.5369;41.9;-1;2;Autovettura privata;In marcia / fermata / arresto;Passeggero;F;Illeso;0;;Non accertato;
5660454;10;23/10/2021 22:14:00;Strada Urbana;VIA TUSCOLANA;da specificare;;;;subito dopo l'impianto semaforico S. Curione;Scontro frontale/laterale DX fra veicoli in marcia;Rettilineo;Due carreggiate;Asciutto;Asfaltata;Verticale ed orizzontale;Sereno;Normale;Sufficiente;;0;0;0;3;12.5527;41.8622;-1;1;Autovettura privata;In marcia / fermata / arresto;Conducente;M;Illeso;0;;Non accertato;Inesploso
5660454;10;23/10/2021 22:14:00;Strada Urbana;VIA TUSCOLANA;da specificare;;;;subito dopo l'impianto semaforico S. Curione;Scontro frontale/laterale DX fra veicoli in marcia;Rettilineo;Due carreggiate;Asciutto;Asfaltata;Verticale ed orizzontale;Sereno;Normale;Sufficiente;;0;0;0;3;12.5527;41.8622;-1;1;Autovettura privata;In marcia / fermata / arresto;Passeggero;F;Illeso;0;;Non accertato;Inesploso
5660454;10;23/10/2021 22:14:00;Strada Urbana;VIA TUSCOLANA;da specificare;;;;subito dopo l'impianto semaforico S. Curione;Scontro frontale/laterale DX fra veicoli in marcia;Rettilineo;Due carreggiate;Asciutto;Asfaltata;Verticale ed orizzontale;Sereno;Normale;Sufficiente;;0;0;0;3;12.5527;41.8622;-1;2;Autovettura privata;In marcia / fermata / arresto;Conducente;M;Illeso;0;;Non accertato;Inesploso
5660455;5;22/10/2021 23:50:00;Strada Urbana;VIA NOMENTANA;in prossimit�;;del civico n.;990;;Tamponamento Multiplo;Rettilineo;Una carreggiata a doppio senso;Asciutto;Asfaltata;Verticale ed orizzontale;Sereno;Normale;Buona;;2;0;0;4;12.5654;41.946;-1;1;Autovettura privata;In marcia / fermata / arresto;Conducente;M;Illeso;0;;Non accertato;
5660455;5;22/10/2021 23:50:00;Strada Urbana;VIA NOMENTANA;in prossimit�;;del civico n.;990;;Tamponamento Multiplo;Rettilineo;Una carreggiata a doppio senso;Asciutto;Asfaltata;Verticale ed orizzontale;Sereno;Normale;Buona;;2;0;0;4;12.5654;41.946;-1;2;Autovettura privata;In marcia / fermata / arresto;Conducente;M;Illeso;0;;Non accertato;
5660455;5;22/10/2021 23:50:00;Strada Urbana;VIA NOMENTANA;in prossimit�;;del civico n.;990;;Tamponamento Multiplo;Rettilineo;Una carreggiata a doppio senso;Asciutto;Asfaltata;Verticale ed orizzontale;Sereno;Normale;Buona;;2;0;0;4;12.5654;41.946;-1;2;Autovettura privata;In marcia / fermata / arresto;Passeggero;F;Illeso;0;;Non accertato;
5660455;5;22/10/2021 23:50:00;Strada Urbana;VIA NOMENTANA;in prossimit�;;del civico n.;990;;Tamponamento Multiplo;Rettilineo;Una carreggiata a doppio senso;Asciutto;Asfaltata;Verticale ed orizzontale;Sereno;Normale;Buona;;2;0;0;4;12.5654;41.946;-1;3;Autovettura privata;In marcia / fermata / arresto;Passeggero;F;Rimandato;0;NON DECEDUTO;Non accertato;
5660455;5;22/10/2021 23:50:00;Strada Urbana;VIA NOMENTANA;in prossimit�;;del civico n.;990;;Tamponamento Multiplo;Rettilineo;Una carreggiata a doppio senso;Asciutto;Asfaltata;Verticale ed orizzontale;Sereno;Normale;Buona;;2;0;0;4;12.5654;41.946;-1;3;Autovettura privata;In marcia / fermata / arresto;Conducente;M;Rimandato;0;NON DECEDUTO;Non accertato;
5660455;5;22/10/2021 23:50:00;Strada Urbana;VIA NOMENTANA;in prossimit�;;del civico n.;990;;Tamponamento Multiplo;Rettilineo;Una carreggiata a doppio senso;Asciutto;Asfaltata;Verticale ed orizzontale;Sereno;Normale;Buona;;2;0;0;4;12.5654;41.946;-1;4;Autovettura privata;In marcia / fermata / arresto;Conducente;M;Illeso;0;;Non accertato;
5660457;4;23/10/2021 11:20:00;Strada Urbana;VIA RENATO FUCINI;in corrispondenza;;del civico n.;5;;Veicolo in marcia contro veicolo arresto;Rettilineo;Due carreggiate;Asciutto;Asfaltata;Orizzontale;Nuvoloso;Normale;Buona;;0;0;0;3;12.5448;41.9535;-1;1;Autovettura privata;In marcia / fermata / arresto;Conducente;M;Illeso;0;;Non accertato;
5660457;4;23/10/2021 11:20:00;Strada Urbana;VIA RENATO FUCINI;in corrispondenza;;del civico n.;5;;Veicolo in marcia contro veicolo arresto;Rettilineo;Due carreggiate;Asciutto;Asfaltata;Orizzontale;Nuvoloso;Normale;Buona;;0;0;0;3;12.5448;41.9535;-1;1;Autovettura privata;In marcia / fermata / arresto;Passeggero;M;Illeso;0;;Non accertato;
5660457;4;23/10/2021 11:20:00;Strada Urbana;VIA RENATO FUCINI;in corrispondenza;;del civico n.;5;;Veicolo in marcia contro veicolo arresto;Rettilineo;Due carreggiate;Asciutto;Asfaltata;Orizzontale;Nuvoloso;Normale;Buona;;0;0;0;3;12.5448;41.9535;-1;2;Autovettura privata;In marcia / fermata / arresto;Conducente;M;Illeso;0;;Non accertato;
5660460;18;22/10/2021 13:30:00;Strada Urbana;VIA DI BOCCEA;all'intersezione con;VIA ACHILLE LUIGI BONANOME;VIA ACHILLE LUIGI BONANOME;;;Scontro laterale fra veicoli in marcia;Intersezione non regolata/non segnalata;Una carreggiata a doppio senso;Asciutto;Asfaltata;Verticale ed orizzontale;Nuvoloso;Normale;Buona;;0;0;0;2;12.3847;41.9149;-1;1;Autovettura privata;In marcia / fermata / arresto;Conducente;M;Illeso;0;;;
5660460;18;22/10/2021 13:30:00;Strada Urbana;VIA DI BOCCEA;all'intersezione con;VIA ACHILLE LUIGI BONANOME;VIA ACHILLE LUIGI BONANOME;;;Scontro laterale fra veicoli in marcia;Intersezione non regolata/non segnalata;Una carreggiata a doppio senso;Asciutto;Asfaltata;Verticale ed orizzontale;Nuvoloso;Normale;Buona;;0;0;0;2;12.3847;41.9149;-1;2;Autovettura privata;In marcia / fermata / arresto;Conducente;M;Illeso;0;;;
5660462;4;23/10/2021 01:15:00;Statale entro l'abitato;VIA SALARIA;da specificare;;;;prossimit� palo Acea 304;Scontro laterale fra veicoli in marcia;Rettilineo;Due carreggiate;Asciutto;Asfaltata;Orizzontale;Nuvoloso;Scarso;Buona;;1;0;0;3;12.5115;41.9873;-1;1;Motociclo a solo;In marcia / fermata / arresto;Conducente;M;Rimandato;0;NON DECEDUTO;;
5660462;4;23/10/2021 01:15:00;Statale entro l'abitato;VIA SALARIA;da specificare;;;;prossimit� palo Acea 304;Scontro laterale fra veicoli in marcia;Rettilineo;Due carreggiate;Asciutto;Asfaltata;Orizzontale;Nuvoloso;Scarso;Buona;;1;0;0;3;12.5115;41.9873;-1;2;Autovettura privata;In marcia / fermata / arresto;Conducente;M;Illeso;0;;;
5660462;4;23/10/2021 01:15:00;Statale entro l'abitato;VIA SALARIA;da specificare;;;;prossimit� palo Acea 304;Scontro laterale fra veicoli in marcia;Rettilineo;Due carreggiate;Asciutto;Asfaltata;Orizzontale;Nuvoloso;Scarso;Buona;;1;0;0;3;12.5115;41.9873;-1;3;Autovettura privata;In marcia / fermata / arresto;Passeggero;M;Illeso;0;;;
5660462;4;23/10/2021 01:15:00;Statale entro l'abitato;VIA SALARIA;da specificare;;;;prossimit� palo Acea 304;Scontro laterale fra veicoli in marcia;Rettilineo;Due carreggiate;Asciutto;Asfaltata;Orizzontale;Nuvoloso;Scarso;Buona;;1;0;0;3;12.5115;41.9873;-1;3;Autovettura privata;In marcia / fermata / arresto;Conducente;M;Illeso;0;;;
5660465;20;22/10/2021 18:50:00;Strada Urbana;VIALE ANTONINO DI SAN GIULIANO;in corrispondenza;;del palo luce n.;83;;Tamponamento Multiplo;Rettilineo;Due carreggiate;Sdrucciolevole (fango);Asfaltata;Assente;Grandine in atto;Intenso;Buona;;1;0;0;6;12.4605;41.9372;-1;1;Autovettura privata;In marcia / fermata / arresto;Conducente;M;Illeso;0;;Non accertato;Inesploso
5660465;20;22/10/2021 18:50:00;Strada Urbana;VIALE ANTONINO DI SAN GIULIANO;in corrispondenza;;del palo luce n.;83;;Tamponamento Multiplo;Rettilineo;Due carreggiate;Sdrucciolevole (fango);Asfaltata;Assente;Grandine in atto;Intenso;Buona;;1;0;0;6;12.4605;41.9372;-1;2;Autovettura privata;In marcia / fermata / arresto;Conducente;F;Illeso;0;;Non accertato;Inesploso
5660465;20;22/10/2021 18:50:00;Strada Urbana;VIALE ANTONINO DI SAN GIULIANO;in corrispondenza;;del palo luce n.;83;;Tamponamento Multiplo;Rettilineo;Due carreggiate;Sdrucciolevole (fango);Asfaltata;Assente;Grandine in atto;Intenso;Buona;;1;0;0;6;12.4605;41.9372;-1;3;Motociclo a solo;In marcia / fermata / arresto;Conducente;M;Ricoverato;0;NON DECEDUTO;;
5660465;20;22/10/2021 18:50:00;Strada Urbana;VIALE ANTONINO DI SAN GIULIANO;in corrispondenza;;del palo luce n.;83;;Tamponamento Multiplo;Rettilineo;Due carreggiate;Sdrucciolevole (fango);Asfaltata;Assente;Grandine in atto;Intenso;Buona;;1;0;0;6;12.4605;41.9372;-1;4;Autovettura privata;In marcia / fermata / arresto;Conducente;F;Illeso;0;;Non accertato;Inesploso
5660465;20;22/10/2021 18:50:00;Strada Urbana;VIALE ANTONINO DI SAN GIULIANO;in corrispondenza;;del palo luce n.;83;;Tamponamento Multiplo;Rettilineo;Due carreggiate;Sdrucciolevole (fango);Asfaltata;Assente;Grandine in atto;Intenso;Buona;;1;0;0;6;12.4605;41.9372;-1;5;Autovettura privata;In marcia / fermata / arresto;Passeggero;F;Illeso;0;;Non accertato;Inesploso