Protocollo;Gruppo;DataOraIncidente;Localizzazione1;STRADA1;Localizzazione2;STRADA2;Strada02;Chilometrica;DaSpecificare;NaturaIncidente;particolaritastrade;TipoStrada;FondoStradale;Pavimentazione;Segnaletica;CondizioneAtmosferica;Traffico;Visibilita;Illuminazione;NUM_FERITI;NUM_RISERVATA;NUM_MORTI;NUM_ILLESI;Longitudine;Latitudine;Confermato;Progressivo;TipoVeicolo;StatoVeicolo;TipoPersona;Sesso;Tipolesione;Deceduto;DecedutoDopo;CinturaCascoUtilizzato;Airbag;
5662490;2;25/10/2021 05:10:00;Strada Urbana;VIA ETTORE ROMAGNOLI;all'intersezione con;VIA NOMENTANA;VIA NOMENTANA;;;Scontro laterale fra veicoli in marcia;Incrocio;Due carreggiate;Asciutto;Asfaltata;Verticale ed orizzontale;Sereno;Scarso;Buona;;0;0;0;5;12.5462;41.9387;-1;1;Autovettura privata;In marcia / fermata / arresto;Passeggero;F;Illeso;0;;;
5662490;2;25/10/2021 05:10:00;Strada Urbana;VIA ETTORE ROMAGNOLI;all'intersezione con;VIA NOMENTANA;VIA NOMENTANA;;;Scontro laterale fra veicoli in marcia;Incrocio;Due carreggiate;Asciutto;Asfaltata;Verticale ed orizzontale;Sereno;Scarso;Buona;;0;0;0;5;12.5462;41.9387;-1;2;Autovettura di polizia;In marcia / fermata / arresto;Conducente;M;Illeso;0;;;
5662490;2;25/10/2021 05:10:00;Strada Urbana;VIA ETTORE ROMAGNOLI;all'intersezione con;VIA NOMENTANA;VIA NOMENTANA;;;Scontro laterale fra veicoli in marcia;Incrocio;Due carreggiate;Asciutto;Asfaltata;Verticale ed orizzontale;Sereno;Scarso;Buona;;0;0;0;5;12.5462;41.9387;-1;2;Autovettura di polizia;In marcia / fermata / arresto;Passeggero;F;Illeso;0;;;
5662492;2;25/10/2021 07:50:00;Strada Urbana;VIA DI PIETRALATA;all'intersezione con;VIA NOMENTANA;VIA NOMENTANA;;;Scontro laterale fra veicoli in marcia;Incrocio;Una carreggiata a senso unico di marcia;Asciutto;Asfaltata;Verticale ed orizzontale;Sereno;Normale;Buona;;0;0;0;3;12.5469;41.9213;-1;1;Autovettura privata;In marcia / fermata / arresto;Passeggero;F;Illeso;0;;Non accertato;Inesploso
5662492;2;25/10/2021 07:50:00;Strada Urbana;VIA DI PIETRALATA;all'intersezione con;VIA NOMENTANA;VIA NOMENTANA;;;Scontro laterale fra veicoli in marcia;Incrocio;Una carreggiata a senso unico di marcia;Asciutto;Asfaltata;Verticale ed orizzontale;Sereno;Normale;Buona;;0;0;0;3;12.5469;41.9213;-1;1;Autovettura privata;In marcia / fermata / arresto;Conducente;M;Illeso;0;;Non accertato;Inesploso
5662492;2;25/10/2021 07:50:00;Strada Urbana;VIA DI PIETRALATA;all'intersezione con;VIA NOMENTANA;VIA NOMENTANA;;;Scontro laterale fra veicoli in marcia;Incrocio;Una carreggiata a senso unico di marcia;Asciutto;Asfaltata;Verticale ed orizzontale;Sereno;Normale;Buona;;0;0;0;3;12.5469;41.9213;-1;2;Autocarro inferiore 35 q.;In marcia / fermata / arresto;Conducente;M;Illeso;0;;Non accertato;Inesploso
5662494;2;25/10/2021 09:00:00;Strada Urbana;VIA SAN MARINO;all'intersezione con;VIA GRADISCA;VIA GRADISCA;;;Veicolo in marcia contro veicolo in sosta;Incrocio;Una carreggiata a senso unico di marcia;Asciutto;Asfaltata;Orizzontale;Sereno;Normale;Buona;;0;0;0;1;12.512;41.9216;-1;1;Autovettura privata;In marcia / fermata / arresto;Conducente;M;Illeso;0;;Non accertato;Inesploso
5662494;2;25/10/2021 09:00:00;Strada Urbana;VIA SAN MARINO;all'intersezione con;VIA GRADISCA;VIA GRADISCA;;;Veicolo in marcia contro veicolo in sosta;Incrocio;Una carreggiata a senso unico di marcia;Asciutto;Asfaltata;Orizzontale;Sereno;Normale;Buona;;0;0;0;1;12.512;41.9216;-1;2;Autovettura privata;Sosta;;;;;;;
5662498;2;25/10/2021 11:00:00;Strada Urbana;VIA CHIANA;all'intersezione con;VIA OGLIO;VIA OGLIO;;;Scontro laterale fra veicoli in marcia;Incrocio;Due carreggiate;Asciutto;Asfaltata;Verticale ed orizzontale;Nuvoloso;Normale;Buona;;1;0;0;1;12.5055;41.9217;-1;1;Autovettura privata;In marcia / fermata / arresto;Conducente;F;Illeso;0;;Non accertato;Inesploso
5662498;2;25/10/2021 11:00:00;Strada Urbana;VIA CHIANA;all'intersezione con;VIA OGLIO;VIA OGLIO;;;Scontro laterale fra veicoli in marcia;Incrocio;Due carreggiate;Asciutto;Asfaltata;Verticale ed orizzontale;Nuvoloso;Normale;Buona;;1;0;0;1;12.5055;41.9217;-1;2;Motociclo a solo;In marcia / fermata / arresto;Conducente;M;Rifiuta cure immediate;0;NON DECEDUTO;Non accertato;
5662498;2;25/10/2021 11:00:00;Strada Urbana;VIA CHIANA;all'intersezione con;VIA OGLIO;VIA OGLIO;;;Scontro laterale fra veicoli in marcia;Incrocio;Due carreggiate;Asciutto;Asfaltata;Verticale ed orizzontale;Nuvoloso;Normale;Buona;;1;0;0;1;12.5055;41.9217;-1;3;Autovettura privata;Sosta;;;;;;;
5662500;2;25/10/2021 15:30:00;Strada Urbana;VIA DI VILLA ADA;all'intersezione con;VIA LARIANA;VIA LARIANA;;;Scontro frontale/laterale DX fra veicoli in marcia;Incrocio;Due carreggiate;Asciutto;Asfaltata;Verticale ed orizzontale;Sereno;Normale;Buona;;1;0;0;2;12.5055;41.9242;-1;1;Autovettura privata;In marcia / fermata / arresto;Conducente;F;Rifiuta cure immediate;0;NON DECEDUTO;Non accertato;Inesploso
5662500;2;25/10/2021 15:30:00;Strada Urbana;VIA DI VILLA ADA;all'intersezione con;VIA LARIANA;VIA LARIANA;;;Scontro frontale/laterale DX fra veicoli in marcia;Incrocio;Due carreggiate;Asciutto;Asfaltata;Verticale ed orizzontale;Sereno;Normale;Buona;;1;0;0;2;12.5055;41.9242;-1;2;Autovettura privata;In marcia / fermata / arresto;Conducente;M;Illeso;0;;Non accertato;Inesploso
5662500;2;25/10/2021 15:30:00;Strada Urbana;VIA DI VILLA ADA;all'intersezione con;VIA LARIANA;VIA LARIANA;;;Scontro frontale/laterale DX fra veicoli in marcia;Incrocio;Due carreggiate;Asciutto;Asfaltata;Verticale ed orizzontale;Sereno;Normale;Buona;;1;0;0;2;12.5055;41.9242;-1;3;Autocarro inferiore 35 q.;In marcia / fermata / arresto;Conducente;M;Illeso;0;;Non accertato;Inesploso
5662502;17;25/10/2021 20:30:00;Strada Urbana;VIA DELLA CAMILLUCCIA;all'intersezione con;VIA TRIONFALE;VIA TRIONFALE;;;Veicolo in marcia contro ostacolo fisso;Intersezione stradale segnalata;Una carreggiata a senso unico di marcia;Asciutto;Asfaltata;Verticale ed orizzontale;Nuvoloso;Normale;Buona;;2;0;0;0;12.4489;41.943;-1;1;Autovettura privata;In marcia / fermata / arresto;Conducente;M;Rimandato;0;NON DECEDUTO;;
5662502;17;25/10/2021 20:30:00;Strada Urbana;VIA DELLA CAMILLUCCIA;all'intersezione con;VIA TRIONFALE;VIA TRIONFALE;;;Veicolo in marcia contro ostacolo fisso;Intersezione stradale segnalata;Una carreggiata a senso unico di marcia;Asciutto;Asfaltata;Verticale ed orizzontale;Nuvoloso;Normale;Buona;;2;0;0;0;12.4489;41.943;-1;1;Autovettura privata;In marcia / fermata / arresto;Passeggero;M;Rimandato;0;NON DECEDUTO;;
5662513;2;25/10/2021 16:45:00;Strada Urbana;VIA ANTONIO SANT'ELIA;in prossimit�;;del civico n.;11;;Scontro laterale fra veicoli in marcia;Rettilineo;Una carreggiata a doppio senso;Asciutto;Asfaltata;Verticale ed orizzontale;Sereno;Normale;Buona;;0;0;0;2;12.4836;41.9316;-1;1;Autovettura privata;In marcia / fermata / arresto;Conducente;F;Illeso;0;;Non accertato;Inesploso
5662513;2;25/10/2021 16:45:00;Strada Urbana;VIA ANTONIO SANT'ELIA;in prossimit�;;del civico n.;11;;Scontro laterale fra veicoli in marcia;Rettilineo;Una carreggiata a doppio senso;Asciutto;Asfaltata;Verticale ed orizzontale;Sereno;Normale;Buona;;0;0;0;2;12.4836;41.9316;-1;2;Motociclo a solo;In marcia / fermata / arresto;Conducente;M;Illeso;0;;Non accertato;
5662518;2;25/10/2021 17:20:00;Strada Urbana;VIA ALESSANDRIA;all'intersezione con;VIA REGGIO EMILIA;VIA REGGIO EMILIA;;;Scontro laterale fra veicoli in marcia;Incrocio;Una carreggiata a senso unico di marcia;Asciutto;Asfaltata;Verticale ed orizzontale;Sereno;Normale;Buona;;0;0;0;2;12.5039;41.9127;-1;1;Motociclo a solo;In marcia / fermata / arresto;Conducente;M;Illeso;0;;Non accertato;
5662518;2;25/10/2021 17:20:00;Strada Urbana;VIA ALESSANDRIA;all'intersezione con;VIA REGGIO EMILIA;VIA REGGIO EMILIA;;;Scontro laterale fra veicoli in marcia;Incrocio;Una carreggiata a senso unico di marcia;Asciutto;Asfaltata;Verticale ed orizzontale;Sereno;Normale;Buona;;0;0;0;2;12.5039;41.9127;-1;2;Autovettura privata;In marcia / fermata / arresto;Conducente;F;Illeso;0;;Non accertato;Inesploso
5662521;2;25/10/2021 19:10:00;Strada Urbana;VIALE PARIOLI;all'intersezione semaforizzata con;VIA GUALTIERO CASTELLINI;VIA GUALTIERO CASTELLINI;;;Scontro frontale fra veicoli in marcia;Intersezione semaforizzata;Una carreggiata a doppio senso;Asciutto;Asfaltata;Verticale ed orizzontale;Sereno;Normale;Buona;;1;0;0;2;12.4874;41.9258;-1;1;Motociclo a solo;In marcia / fermata / arresto;Conducente;M;Illeso;0;;Non accertato;
5662521;2;25/10/2021 19:10:00;Strada Urbana;VIALE PARIOLI;all'intersezione semaforizzata con;VIA GUALTIERO CASTELLINI;VIA GUALTIERO CASTELLINI;;;Scontro frontale fra veicoli in marcia;Intersezione semaforizzata;Una carreggiata a doppio senso;Asciutto;Asfaltata;Verticale ed orizzontale;Sereno;Normale;Buona;;1;0;0;2;12.4874;41.9258;-1;2;Motociclo a solo;In marcia / fermata / arresto;Passeggero;F;Ricoverato;0;NON DECEDUTO;Non accertato;
5662521;2;25/10/2021 19:10:00;Strada Urbana;VIALE PARIOLI;all'intersezione semaforizzata con;VIA GUALTIERO CASTELLINI;VIA GUALTIERO CASTELLINI;;;Scontro frontale fra veicoli in marcia;Intersezione semaforizzata;Una carreggiata a doppio senso;Asciutto;Asfaltata;Verticale ed orizzontale;Sereno;Normale;Buona;;1;0;0;2;12.4874;41.9258;-1;2;Motociclo a solo;In marcia / fermata / arresto;Conducente;M;Illeso;0;;Non accertato;
5662596;17;22/10/2021 17:30:00;Strada Urbana;VIA GIUSEPPE PALUMBO;all'intersezione con;PIAZZA DEI PRATI DEGLI STROZZI;PIAZZA DEI PRATI DEGLI STROZZI;;;Scontro frontale fra veicoli in marcia;Incrocio;Una carreggiata a doppio senso;Asciutto;Asfaltata;Verticale ed orizzontale;Sereno;Normale;Buona;;0;0;0;2;12.4666;41.9184;-1;1;Autovettura privata;In marcia / fermata / arresto;Conducente;M;Illeso;0;;Non accertato;
5662596;17;22/10/2021 17:30:00;Strada Urbana;VIA GIUSEPPE PALUMBO;all'intersezione con;PIAZZA DEI PRATI DEGLI STROZZI;PIAZZA DEI PRATI DEGLI STROZZI;;;Scontro frontale fra veicoli in marcia;Incrocio;Una carreggiata a doppio senso;Asciutto;Asfaltata;Verticale ed orizzontale;Sereno;Normale;Buona;;0;0;0;2;12.4666;41.9184;-1;2;Motociclo a solo;In marcia / fermata / arresto;Conducente;M;Illeso;0;;Non accertato;
5662627;7;25/10/2021 17:45:00;Strada Urbana;VIA DEI FAGGI;all'intersezione con;VIA DEI CASTANI;VIA DEI CASTANI;;;Tamponamento;Incrocio;Una carreggiata a doppio senso;Asciutto;Asfaltata;Verticale ed orizzontale;Sereno;Normale;Buona;;0;0;0;1;12.5668;41.8841;-1;1;Autovettura privata;In marcia / fermata / arresto;Conducente;F;Illeso;0;;;
5662627;7;25/10/2021 17:45:00;Strada Urbana;VIA DEI FAGGI;all'intersezione con;VIA DEI CASTANI;VIA DEI CASTANI;;;Tamponamento;Incrocio;Una carreggiata a doppio senso;Asciutto;Asfaltata;Verticale ed orizzontale;Sereno;Normale;Buona;;0;0;0;1;12.5668;41.8841;-1;2;Autovettura privata;Allontanatosi;;;;;;;
5662639;18;26/10/2021 07:45:00;Strada Urbana;VIA DI BOCCEA;in corrispondenza;;del civico n.;549;;Scontro frontale/laterale SX fra veicoli in marcia;Rettilineo;Una carreggiata a senso unico di marcia;Asciutto;Asfaltata;Verticale ed orizzontale;Nuvoloso;Normale;Buona;;1;0;0;2;12.3845;41.9148;-1;1;Autovettura privata;In marcia / fermata / arresto;Conducente;M;Illeso;0;;;
5662639;18;26/10/2021 07:45:00;Strada Urbana;VIA DI BOCCEA;in corrispondenza;;del civico n.;549;;Scontro frontale/laterale SX fra veicoli in marcia;Rettilineo;Una carreggiata a senso unico di marcia;Asciutto;Asfaltata;Verticale ed orizzontale;Nuvoloso;Normale;Buona;;1;0;0;2;12.3845;41.9148;-1;1;Autovettura privata;In marcia / fermata / arresto;Passeggero;M;Illeso;0;;;
5662639;18;26/10/2021 07:45:00;Strada Urbana;VIA DI BOCCEA;in corrispondenza;;del civico n.;549;;Scontro frontale/laterale SX fra veicoli in marcia;Rettilineo;Una carreggiata a senso unico di marcia;Asciutto;Asfaltata;Verticale ed orizzontale;Nuvoloso;Normale;Buona;;1;0;0;2;12.3845;41.9148;-1;2;Motociclo a solo;In marcia / fermata / arresto;Conducente;M;Rifiuta cure immediate;0;NON DECEDUTO;;
5662657;1;26/10/2021 07:58:00;Strada Urbana;VIA SAN MARTINO DELLA BATTAGLIA;in corrispondenza;;del civico n.;54;;Scontro laterale fra veicoli in marcia;Rettilineo;Una carreggiata a doppio senso;Asciutto;Asfaltata;Verticale ed orizzontale;Nuvoloso;Intenso;Buona;;0;0;0;1;;;0;1;Autobus urbano;In marcia / fermata / arresto;Conducente;M;Illeso;0;;;
5662657;1;26/10/2021 07:58:00;Strada Urbana;VIA SAN MARTINO DELLA BATTAGLIA;in corrispondenza;;del civico n.;54;;Scontro laterale fra veicoli in marcia;Rettilineo;Una carreggiata a doppio senso;Asciutto;Asfaltata;Verticale ed orizzontale;Nuvoloso;Intenso;Buona;;0;0;0;1;;;0;2;Autovettura pubblica;Sosta;;;;;;;
5662688;7;25/10/2021 09:20:00;Strada Urbana;VIA DELLE RESEDE;in corrispondenza;;del civico n.;5;;Investimento di pedone;Rettilineo;Una carreggiata a doppio senso;Asciutto;Asfaltata;Verticale ed orizzontale;Sereno;Normale;Buona;;1;0;0;2;12.5629;41.8869;-1;;;;Pedone;M;Rimandato;0;NON DECEDUTO;;
5662688;7;25/10/2021 09:20:00;Strada Urbana;VIA DELLE RESEDE;in corrispondenza;;del civico n.;5;;Investimento di pedone;Rettilineo;Una carreggiata a doppio senso;Asciutto;Asfaltata;Verticale ed orizzontale;Sereno;Normale;Buona;;1;0;0;2;12.5629;41.8869;-1;1;Autovettura privata;In marcia / fermata / arresto;Conducente;F;Illeso;0;;;
5662688;7;25/10/2021 09:20:00;Strada Urbana;VIA DELLE RESEDE;in corrispondenza;;del civico n.;5;;Investimento di pedone;Rettilineo;Una carreggiata a doppio senso;Asciutto;Asfaltata;Verticale ed orizzontale;Sereno;Normale;Buona;;1;0;0;2;12.5629;41.8869;-1;1;Autovettura privata;In marcia / fermata / arresto;Passeggero;F;Illeso;0;;;
5662766;17;26/10/2021 07:00:00;Strada Urbana;CIRCONVALLAZIONE TRIONFALE;all'intersezione semaforizzata con;VIA TRIONFALE;VIA TRIONFALE;;;Scontro frontale/laterale SX fra veicoli in marcia;Incrocio;Due carreggiate;Asciutto;Asfaltata;Verticale ed orizzontale;Nuvoloso;Normale;Sufficiente;;1;0;0;1;12.4497;41.9116;-1;1;Autovettura privata;In marcia / fermata / arresto;Conducente;M;Illeso;0;;;
5662766;17;26/10/2021 07:00:00;Strada Urbana;CIRCONVALLAZIONE TRIONFALE;all'intersezione semaforizzata con;VIA TRIONFALE;VIA TRIONFALE;;;Scontro frontale/laterale SX fra veicoli in marcia;Incrocio;Due carreggiate;Asciutto;Asfaltata;Verticale ed orizzontale;Nuvoloso;Normale;Sufficiente;;1;0;0;1;12.4497;41.9116;-1;2;Velocipede;In marcia / fermata / arresto;Conducente;M;Rimandato;0;NON DECEDUTO;Esente;
5662941;18;26/10/2021 10:00:00;Strada Urbana;VIA DEI GOZZADINI;in corrispondenza;;del civico n.;35;;Infortunio per caduta del veicolo;Rettilineo;Una carreggiata a senso unico di marcia;Asciutto;Asfaltata;Assente;Nuvoloso;Normale;Buona;;0;0;0;0;12.4351;41.8961;-1;1;Autovettura privata;Sosta;;;;;;;
5662941;18;26/10/2021 10:00:00;Strada Urbana;VIA DEI GOZZADINI;in corrispondenza;;del civico n.;35;;Infortunio per caduta del veicolo;Rettilineo;Una carreggiata a senso unico di marcia;Asciutto;Asfaltata;Assente;Nuvoloso;Normale;Buona;;0;0;0;0;12.4351;41.8961;-1;2;Altro;Allontanatosi;;;;;;;
5662965;3;25/10/2021 11:25:00;Strada Urbana;VIA DEI VOLSCI;da specificare;;;;in corrispondenza del civ. 4-6;Scontro laterale fra veicoli in marcia;Rettilineo;Una carreggiata a senso unico di marcia;Asciutto;Asfaltata;Verticale ed orizzontale;Sereno;Normale;Buona;;0;0;0;2;12.5155;41.8981;-1;1;Autovettura privata;In marcia / fermata / arresto;Conducente;M;Illeso;0;;;
5662965;3;25/10/2021 11:25:00;Strada Urbana;VIA DEI VOLSCI;da specificare;;;;in corrispondenza del civ. 4-6;Scontro laterale fra veicoli in marcia;Rettilineo;Una carreggiata a senso unico di marcia;Asciutto;Asfaltata;Verticale ed orizzontale;Sereno;Normale;Buona;;0;0;0;2;12.5155;41.8981;-1;2;Autovettura privata;In marcia / fermata / arresto;Conducente;F;Illeso;0;;;
5662987;3;25/10/2021 15:10:00;Strada Urbana;VIA DEI VOLSCI;all'intersezione con;VIA DEI SARDI;VIA DEI SARDI;;;Scontro frontale/laterale SX fra veicoli in marcia;Incrocio;Una carreggiata a senso unico di marcia;Asciutto;Asfaltata;Verticale ed orizzontale;Sereno;Normale;Buona;;1;0;0;1;12.5155;41.8981;-1;1;Autovettura privata;In marcia / fermata / arresto;Conducente;F;Illeso;0;;;
5662987;3;25/10/2021 15:10:00;Strada Urbana;VIA DEI VOLSCI;all'intersezione con;VIA DEI SARDI;VIA DEI SARDI;;;Scontro frontale/laterale SX fra veicoli in marcia;Incrocio;Una carreggiata a senso unico di marcia;Asciutto;Asfaltata;Verticale ed orizzontale;Sereno;Normale;Buona;;1;0;0;1;12.5155;41.8981;-1;2;Motociclo a solo;In marcia / fermata / arresto;Conducente;F;Ricoverato;0;NON DECEDUTO;;
5662990;12;26/10/2021 07:50:00;Provinciale;VIA LAURENTINA;da specificare;;;;rotatoria Vallerano dir. GRA;Scontro laterale fra veicoli in marcia;Rotatoria;Una carreggiata a senso unico di marcia;Asciutto;Asfaltata;Verticale ed orizzontale;Nuvoloso;Intenso;Buona;;0;0;0;2;12.4856;41.8103;-1;1;Autovettura privata;In marcia / fermata / arresto;Conducente;M;Illeso;0;;Utilizzato;Inesploso
5662990;12;26/10/2021 07:50:00;Provinciale;VIA LAURENTINA;da specificare;;;;rotatoria Vallerano dir. GRA;Scontro laterale fra veicoli in marcia;Rotatoria;Una carreggiata a senso unico di marcia;Asciutto;Asfaltata;Verticale ed orizzontale;Nuvoloso;Intenso;Buona;;0;0;0;2;12.4856;41.8103;-1;2;Motociclo a solo;In marcia / fermata / arresto;Conducente;M;Illeso;0;;Utilizzato;
5662994;1;26/10/2021 09:45:00;Strada Urbana;VIALE MANLIO GELSOMINI;all'intersezione con;VIA FELICE NERINI;VIA FELICE NERINI;;;Veicolo in marcia contro veicolo in sosta;Incrocio;Una carreggiata a doppio senso;Asciutto;Asfaltata;Verticale ed orizzontale;Sereno;Normale;Buona;;0;0;0;1;12.4816;41.8798;-1;1;Autovettura privata;In marcia / fermata / arresto;Conducente;M;Illeso;0;;Non accertato;Inesploso
5662994;1;26/10/2021 09:45:00;Strada Urbana;VIALE MANLIO GELSOMINI;all'intersezione con;VIA FELICE NERINI;VIA FELICE NERINI;;;Veicolo in marcia contro veicolo in sosta;Incrocio;Una carreggiata a doppio senso;Asciutto;Asfaltata;Verticale ed orizzontale;Sereno;Normale;Buona;;0;0;0;1;12.4816;41.8798;-1;2;Autovettura privata;Sosta;;;;;;;
5663011;15;25/10/2021 12:20:00;Strada Urbana;VIA DEL FOSSO DELLA MAGLIANA;da specificare;;;;fronte civico 25;Tamponamento Multiplo;Curva a visuale libera;Una carreggiata a doppio senso;Asciutto;Asfaltata;Orizzontale;Sereno;Normale;Buona;;0;0;0;4;12.4146;41.8372;-1;1;Autovettura privata;In marcia / fermata / arresto;Conducente;M;Illeso;0;;Non accertato;Inesploso
5663011;15;25/10/2021 12:20:00;Strada Urbana;VIA DEL FOSSO DELLA MAGLIANA;da specificare;;;;fronte civico 25;Tamponamento Multiplo;Curva a visuale libera;Una carreggiata a doppio senso;Asciutto;Asfaltata;Orizzontale;Sereno;Normale;Buona;;0;0;0;4;12.4146;41.8372;-1;2;Autovettura privata;In marcia / fermata / arresto;Conducente;M;Illeso;0;;Non accertato;Inesploso
5663011;15;25/10/2021 12:20:00;Strada Urbana;VIA DEL FOSSO DELLA MAGLIANA;da specificare;;;;fronte civico 25;Tamponamento Multiplo;Curva a visuale libera;Una carreggiata a doppio senso;Asciutto;Asfaltata;Orizzontale;Sereno;Normale;Buona;;0;0;0;4;12.4146;41.8372;-1;3;Autocarro inferiore 35 q.;In marcia / fermata / arresto;Conducente;M;Illeso;0;;Non accertato;Inesploso
5663011;15;25/10/2021 12:20:00;Strada Urbana;VIA DEL FOSSO DELLA MAGLIANA;da specificare;;;;fronte civico 25;Tamponamento Multiplo;Curva a visuale libera;Una carreggiata a doppio senso;Asciutto;Asfaltata;Orizzontale;Sereno;Normale;Buona;;0;0;0;4;12.4146;41.8372;-1;4;Autocarro inferiore 35 q.;In marcia / fermata / arresto;Conducente;M;Illeso;0;;Non accertato;Inesploso
5663025;12;26/10/2021 09:25:00;Strada Urbana;VIALE DELL'ARTE;all'intersezione con;VIALE DELL'AERONAUTICA;VIALE DELL'AERONAUTICA;;;Scontro frontale/laterale DX fra veicoli in marcia;Incrocio;Una carreggiata a doppio senso;Asciutto;Asfaltata;Verticale ed orizzontale;Nuvoloso;Intenso;Buona;;0;0;0;3;12.4729;41.8267;-1;1;Autovettura privata;In marcia / fermata / arresto;Conducente;M;Illeso;0;;;
5663025;12;26/10/2021 09:25:00;Strada Urbana;VIALE DELL'ARTE;all'intersezione con;VIALE DELL'AERONAUTICA;VIALE DELL'AERONAUTICA;;;Scontro frontale/laterale DX fra veicoli in marcia;Incrocio;Una carreggiata a doppio senso;Asciutto;Asfaltata;Verticale ed orizzontale;Nuvoloso;Intenso;Buona;;0;0;0;3;12.4729;41.8267;-1;2;Motociclo a solo;In marcia / fermata / arresto;Passeggero;F;Illeso;0;;;
5663025;12;26/10/2021 09:25:00;Strada Urbana;VIALE DELL'ARTE;all'intersezione con;VIALE DELL'AERONAUTICA;VIALE DELL'AERONAUTICA;;;Scontro frontale/laterale DX fra veicoli in marcia;Incrocio;Una carreggiata a doppio senso;Asciutto;Asfaltata;Verticale ed orizzontale;Nuvoloso;Intenso;Buona;;0;0;0;3;12.4729;41.8267;-1;2;Motociclo a solo;In marcia / fermata / arresto;Conducente;M;Illeso;0;;;
5663079;12;26/10/2021 11:35:00;Strada Urbana;VIA CRISTOFORO COLOMBO;da specificare;;;;prossimit� palo luce n. 543 direzione Roma centro;Tamponamento;Curva a visuale libera;Due carreggiate;Asciutto;Asfaltata;Verticale ed orizzontale;Nuvoloso;Normale;Buona;;1;0;0;1;12.4536;41.8089;-1;1;Motociclo a solo;In marcia / fermata / arresto;Conducente;M;Illeso;0;;;
5663079;12;26/10/2021 11:35:00;Strada Urbana;VIA CRISTOFORO COLOMBO;da specificare;;;;prossimit� palo luce n. 543 direzione Roma centro;Tamponamento;Curva a visuale libera;Due carreggiate;Asciutto;Asfaltata;Verticale ed orizzontale;Nuvoloso;Normale;Buona;;1;0;0;1;12.4536;41.8089;-1;2;Motociclo con passeggero;In marcia / fermata / arresto;Conducente;M;Rimandato;0;NON DECEDUTO;;
5663149;18;26/10/2021 11:15:00;Strada Urbana;VIA DI PORTA CAVALLEGGERI;da specificare;;;;fronte civico 23;Investimento di pedone;Rettilineo;Una carreggiata a doppio senso;Asciutto;Asfaltata;Verticale ed orizzontale;Nuvoloso;Normale;Buona;;1;0;0;1;12.457;41.9002;0;;;;Pedone;F;Illeso;0;;;
5663149;18;26/10/2021 11:15:00;Strada Urbana;VIA DI PORTA CAVALLEGGERI;da specificare;;;;fronte civico 23;Investimento di pedone;Rettilineo;Una carreggiata a doppio senso;Asciutto;Asfaltata;Verticale ed orizzontale;Nuvoloso;Normale;Buona;;1;0;0;1;12.457;41.9002;0;1;Velocipede;In marcia / fermata / arresto;Conducente;M;Rifiuta cure immediate;0;NON DECEDUTO;Esente;
5663180;18;25/10/2021 11:50:00;Strada Urbana;VIA DELLA PINETA SACCHETTI;all'intersezione con;VIA DEL FORTE BRASCHI;VIA DEL FORTE BRASCHI;;;Scontro frontale fra veicoli in marcia;Incrocio;Due carreggiate;Asciutto;Asfaltata;Verticale ed orizzontale;Nuvoloso;Normale;Buona;;1;0;0;1;12.425;41.924;-1;1;Motociclo a solo;In marcia / fermata / arresto;Conducente;M;Rimandato;0;NON DECEDUTO;Non accertato;
5663180;18;25/10/2021 11:50:00;Strada Urbana;VIA DELLA PINETA SACCHETTI;all'intersezione con;VIA DEL FORTE BRASCHI;VIA DEL FORTE BRASCHI;;;Scontro frontale fra veicoli in marcia;Incrocio;Due carreggiate;Asciutto;Asfaltata;Verticale ed orizzontale;Nuvoloso;Normale;Buona;;1;0;0;1;12.425;41.924;-1;2;Autovettura privata;In marcia / fermata / arresto;Conducente;F;Illeso;0;;Non accertato;Inesploso
5663180;18;25/10/2021 11:50:00;Strada Urbana;VIA DELLA PINETA SACCHETTI;all'intersezione con;VIA DEL FORTE BRASCHI;VIA DEL FORTE BRASCHI;;;Scontro frontale fra veicoli in marcia;Incrocio;Due carreggiate;Asciutto;Asfaltata;Verticale ed orizzontale;Nuvoloso;Normale;Buona;;1;0;0;1;12.425;41.924;-1;3;Autovettura privata;Sosta;;;;;;;
5663229;10;26/10/2021 13:30:00;Strada Urbana;VIA TUSCOLANA;in corrispondenza;;del civico n.;1082;;Tamponamento;Rettilineo;Due carreggiate;Asciutto;Asfaltata;Verticale ed orizzontale;Nuvoloso;Normale;Buona;;0;0;0;3;12.5593;41.8582;-1;1;Autovettura privata;In marcia / fermata / arresto;Conducente;M;Illeso;0;;;Inesploso
5663229;10;26/10/2021 13:30:00;Strada Urbana;VIA TUSCOLANA;in corrispondenza;;del civico n.;1082;;Tamponamento;Rettilineo;Due carreggiate;Asciutto;Asfaltata;Verticale ed orizzontale;Nuvoloso;Normale;Buona;;0;0;0;3;12.5593;41.8582;-1;1;Autovettura privata;In marcia / fermata / arresto;Passeggero;M;Illeso;0;;;Inesploso
5663229;10;26/10/2021 13:30:00;Strada Urbana;VIA TUSCOLANA;in corrispondenza;;del civico n.;1082;;Tamponamento;Rettilineo;Due carreggiate;Asciutto;Asfaltata;Verticale ed orizzontale;Nuvoloso;Normale;Buona;;0;0;0;3;12.5593;41.8582;-1;2;Autovettura privata;In marcia / fermata / arresto;Conducente;F;Illeso;0;;;Inesploso