Protocollo;Gruppo;DataOraIncidente;Localizzazione1;STRADA1;Localizzazione2;STRADA2;Strada02;Chilometrica;DaSpecificare;NaturaIncidente;particolaritastrade;TipoStrada;FondoStradale;Pavimentazione;Segnaletica;CondizioneAtmosferica;Traffico;Visibilita;Illuminazione;NUM_FERITI;NUM_RISERVATA;NUM_MORTI;NUM_ILLESI;Longitudine;Latitudine;Confermato;Progressivo;TipoVeicolo;StatoVeicolo;TipoPersona;Sesso;Tipolesione;Deceduto;DecedutoDopo;CinturaCascoUtilizzato;Airbag;
5664225;5;26/10/2021 19:30:00;Strada Urbana;VIA RAVENNA;all'intersezione con;VIA ARIODANTE FABRETTI;VIA ARIODANTE FABRETTI;;;Infortunio per sola frenata improvvisa;Incrocio;Una carreggiata a doppio senso;Bagnato (pioggia);Asfaltata;Verticale ed orizzontale;Pioggia in atto;Normale;Sufficiente;;1;0;0;1;12.517;41.9133;-1;2;Motociclo a solo;In marcia / fermata / arresto;Conducente;M;Rimandato;0;NON DECEDUTO;Non accertato;
5664226;20;26/10/2021 08:20:00;Strada Urbana;VIA DELLA GIUSTINIANA;all'intersezione con;VIA ANNA FOA';VIA ANNA FOA';;;Scontro frontale fra veicoli in marcia;Intersezione stradale segnalata;Una carreggiata a doppio senso;Asciutto;Asfaltata;Verticale ed orizzontale;Nuvoloso;Normale;Buona;;1;0;0;1;12.4552;41.9947;-1;1;Autovettura privata;In marcia / fermata / arresto;Conducente;M;Illeso;0;;Non accertato;Inesploso
5664226;20;26/10/2021 08:20:00;Strada Urbana;VIA DELLA GIUSTINIANA;all'intersezione con;VIA ANNA FOA';VIA ANNA FOA';;;Scontro frontale fra veicoli in marcia;Intersezione stradale segnalata;Una carreggiata a doppio senso;Asciutto;Asfaltata;Verticale ed orizzontale;Nuvoloso;Normale;Buona;;1;0;0;1;12.4552;41.9947;-1;2;Motociclo a solo;In marcia / fermata / arresto;Conducente;M;Rifiuta cure immediate;0;NON DECEDUTO;Non accertato;
5664237;1;26/10/2021 20:10:00;Strada Urbana;VIA LABICANA;in corrispondenza;;del civico n.;42;;Veicolo in marcia contro veicolo arresto;Rettilineo;Pi� di due carreggiate;Bagnato (pioggia);Asfaltata;Verticale ed orizzontale;Nuvoloso;Normale;Sufficiente;;0;0;0;2;12.5021;41.8892;0;1;Autovettura privata;In marcia / fermata / arresto;Conducente;M;Illeso;0;;Non accertato;Inesploso
5664237;1;26/10/2021 20:10:00;Strada Urbana;VIA LABICANA;in corrispondenza;;del civico n.;42;;Veicolo in marcia contro veicolo arresto;Rettilineo;Pi� di due carreggiate;Bagnato (pioggia);Asfaltata;Verticale ed orizzontale;Nuvoloso;Normale;Sufficiente;;0;0;0;2;12.5021;41.8892;0;2;Motociclo a solo;In marcia / fermata / arresto;Conducente;M;Illeso;0;;Non accertato;
5664244;5;26/10/2021 19:35:00;Strada Urbana;VIA TIBURTINA;all'intersezione semaforizzata con;VIA GALLA PLACIDIA;VIA GALLA PLACIDIA;;;Scontro laterale fra veicoli in marcia;Incrocio;Pi� di due carreggiate;Bagnato (pioggia);Asfaltata;Verticale ed orizzontale;Pioggia in atto;Normale;Buona;;0;0;0;2;12.5427;41.9085;-1;1;Autovettura privata;In marcia / fermata / arresto;Conducente;M;Illeso;0;;;
5664244;5;26/10/2021 19:35:00;Strada Urbana;VIA TIBURTINA;all'intersezione semaforizzata con;VIA GALLA PLACIDIA;VIA GALLA PLACIDIA;;;Scontro laterale fra veicoli in marcia;Incrocio;Pi� di due carreggiate;Bagnato (pioggia);Asfaltata;Verticale ed orizzontale;Pioggia in atto;Normale;Buona;;0;0;0;2;12.5427;41.9085;-1;2;Autovettura privata;In marcia / fermata / arresto;Conducente;M;Illeso;0;;;
5664246;4;26/10/2021 08:30:00;Strada Urbana;VIA FEDERICO DE ROBERTO;in prossimit�;;del civico n.;41;;Veicolo in marcia contro veicoli in sosta;Rettilineo;Una carreggiata a senso unico di marcia;Asciutto;Asfaltata;Verticale;Nuvoloso;Scarso;Buona;;1;0;0;0;12.548;41.9508;-1;1;Autovettura privata;In marcia / fermata / arresto;Conducente;F;Rimandato;0;NON DECEDUTO;;
5664246;4;26/10/2021 08:30:00;Strada Urbana;VIA FEDERICO DE ROBERTO;in prossimit�;;del civico n.;41;;Veicolo in marcia contro veicoli in sosta;Rettilineo;Una carreggiata a senso unico di marcia;Asciutto;Asfaltata;Verticale;Nuvoloso;Scarso;Buona;;1;0;0;0;12.548;41.9508;-1;2;Motociclo a solo;Sosta;;;;;;;
5664246;4;26/10/2021 08:30:00;Strada Urbana;VIA FEDERICO DE ROBERTO;in prossimit�;;del civico n.;41;;Veicolo in marcia contro veicoli in sosta;Rettilineo;Una carreggiata a senso unico di marcia;Asciutto;Asfaltata;Verticale;Nuvoloso;Scarso;Buona;;1;0;0;0;12.548;41.9508;-1;3;Autovettura privata;Sosta;;;;;;;
5664246;4;26/10/2021 08:30:00;Strada Urbana;VIA FEDERICO DE ROBERTO;in prossimit�;;del civico n.;41;;Veicolo in marcia contro veicoli in sosta;Rettilineo;Una carreggiata a senso unico di marcia;Asciutto;Asfaltata;Verticale;Nuvoloso;Scarso;Buona;;1;0;0;0;12.548;41.9508;-1;4;Autovettura privata;Sosta;;;;;;;
5664250;4;26/10/2021 16:30:00;Strada Urbana;VIA VAL D'OSSOLA;all'intersezione con;VIA VALLE BORBERA;VIA VALLE BORBERA;;;Veicolo in marcia contro veicolo in sosta;Incrocio;Due carreggiate;Bagnato (pioggia);Asfaltata;Verticale ed orizzontale;Sereno;Normale;Buona;;0;0;0;1;12.5287;41.9352;-1;1;Autovettura privata;In marcia / fermata / arresto;Conducente;M;Illeso;0;;;
5664250;4;26/10/2021 16:30:00;Strada Urbana;VIA VAL D'OSSOLA;all'intersezione con;VIA VALLE BORBERA;VIA VALLE BORBERA;;;Veicolo in marcia contro veicolo in sosta;Incrocio;Due carreggiate;Bagnato (pioggia);Asfaltata;Verticale ed orizzontale;Sereno;Normale;Buona;;0;0;0;1;12.5287;41.9352;-1;2;Autocarro inferiore 35 q.;Sosta;;;;;;;
5664252;7;26/10/2021 23:45:00;Strada Urbana;VIA ALESSANDRO CASTELLI;in corrispondenza;;del palo luce n.;24;;Investimento di pedone;Curva a visuale libera;Una carreggiata a senso unico di marcia;Bagnato (pioggia);Asfaltata;Assente;Pioggia in atto;Scarso;Buona;;1;0;0;1;12.6103;41.9075;-1;;;;Pedone;M;Rimandato;0;NON DECEDUTO;;
5664252;7;26/10/2021 23:45:00;Strada Urbana;VIA ALESSANDRO CASTELLI;in corrispondenza;;del palo luce n.;24;;Investimento di pedone;Curva a visuale libera;Una carreggiata a senso unico di marcia;Bagnato (pioggia);Asfaltata;Assente;Pioggia in atto;Scarso;Buona;;1;0;0;1;12.6103;41.9075;-1;1;Autovettura privata;In marcia / fermata / arresto;Conducente;M;Illeso;0;;Non accertato;Inesploso
5664264;5;26/10/2021 23:10:00;Strada Urbana;VIA DEI MONTI TIBURTINI;da specificare;;;;prossimit� via Carlo Amoretti;Scontro frontale/laterale SX fra veicoli in marcia;Rettilineo;Due carreggiate;Bagnato (pioggia);Asfaltata;Verticale ed orizzontale;Nuvoloso;Normale;Sufficiente;;1;0;0;1;12.5453;41.9164;-1;1;Autovettura privata;In marcia / fermata / arresto;Conducente;F;Illeso;0;;;
5664264;5;26/10/2021 23:10:00;Strada Urbana;VIA DEI MONTI TIBURTINI;da specificare;;;;prossimit� via Carlo Amoretti;Scontro frontale/laterale SX fra veicoli in marcia;Rettilineo;Due carreggiate;Bagnato (pioggia);Asfaltata;Verticale ed orizzontale;Nuvoloso;Normale;Sufficiente;;1;0;0;1;12.5453;41.9164;-1;2;Motociclo a solo;In marcia / fermata / arresto;Conducente;M;Rimandato;0;NON DECEDUTO;;
5664268;7;27/10/2021 08:15:00;Strada Urbana;VIALE PALMIRO TOGLIATTI;all'intersezione semaforizzata con;PIAZZALE PINO PASCALI;PIAZZALE PINO PASCALI;;;Scontro laterale fra veicoli in marcia;Intersezione semaforizzata;Due carreggiate;Asciutto;Asfaltata;Verticale ed orizzontale;Sereno;Intenso;Buona;;0;0;0;6;12.5759;41.8972;-1;1;Autovettura privata;In marcia / fermata / arresto;Conducente;F;Illeso;0;;;
5664268;7;27/10/2021 08:15:00;Strada Urbana;VIALE PALMIRO TOGLIATTI;all'intersezione semaforizzata con;PIAZZALE PINO PASCALI;PIAZZALE PINO PASCALI;;;Scontro laterale fra veicoli in marcia;Intersezione semaforizzata;Due carreggiate;Asciutto;Asfaltata;Verticale ed orizzontale;Sereno;Intenso;Buona;;0;0;0;6;12.5759;41.8972;-1;1;Autovettura privata;In marcia / fermata / arresto;Passeggero;M;Illeso;0;;Non accertato;Inesploso
5664268;7;27/10/2021 08:15:00;Strada Urbana;VIALE PALMIRO TOGLIATTI;all'intersezione semaforizzata con;PIAZZALE PINO PASCALI;PIAZZALE PINO PASCALI;;;Scontro laterale fra veicoli in marcia;Intersezione semaforizzata;Due carreggiate;Asciutto;Asfaltata;Verticale ed orizzontale;Sereno;Intenso;Buona;;0;0;0;6;12.5759;41.8972;-1;1;Autovettura privata;In marcia / fermata / arresto;Passeggero;F;Illeso;0;;Non accertato;Inesploso
5664268;7;27/10/2021 08:15:00;Strada Urbana;VIALE PALMIRO TOGLIATTI;all'intersezione semaforizzata con;PIAZZALE PINO PASCALI;PIAZZALE PINO PASCALI;;;Scontro laterale fra veicoli in marcia;Intersezione semaforizzata;Due carreggiate;Asciutto;Asfaltata;Verticale ed orizzontale;Sereno;Intenso;Buona;;0;0;0;6;12.5759;41.8972;-1;1;Autovettura privata;In marcia / fermata / arresto;Passeggero;F;Illeso;0;;Non accertato;Inesploso
5664268;7;27/10/2021 08:15:00;Strada Urbana;VIALE PALMIRO TOGLIATTI;all'intersezione semaforizzata con;PIAZZALE PINO PASCALI;PIAZZALE PINO PASCALI;;;Scontro laterale fra veicoli in marcia;Intersezione semaforizzata;Due carreggiate;Asciutto;Asfaltata;Verticale ed orizzontale;Sereno;Intenso;Buona;;0;0;0;6;12.5759;41.8972;-1;2;Autovettura privata;In marcia / fermata / arresto;Passeggero;M;Illeso;0;;Non accertato;Inesploso
5664268;7;27/10/2021 08:15:00;Strada Urbana;VIALE PALMIRO TOGLIATTI;all'intersezione semaforizzata con;PIAZZALE PINO PASCALI;PIAZZALE PINO PASCALI;;;Scontro laterale fra veicoli in marcia;Intersezione semaforizzata;Due carreggiate;Asciutto;Asfaltata;Verticale ed orizzontale;Sereno;Intenso;Buona;;0;0;0;6;12.5759;41.8972;-1;2;Autovettura privata;In marcia / fermata / arresto;Conducente;F;Illeso;0;;;
5664277;1;26/10/2021 23:45:00;Strada Urbana;VIA JACOPA DE' SETTESOLI;da specificare;;;;altezza ingresso Hotel San Francesco;Infortunio per sola frenata improvvisa;Rettilineo;Una carreggiata a doppio senso;Bagnato (pioggia);In cubetti di porfido;Verticale ed orizzontale;Nuvoloso;Scarso;Sufficiente;;1;0;0;1;12.4727;41.885;-1;1;Motociclo a solo;In marcia / fermata / arresto;Conducente;M;Rimandato;0;NON DECEDUTO;Non accertato;
5664277;1;26/10/2021 23:45:00;Strada Urbana;VIA JACOPA DE' SETTESOLI;da specificare;;;;altezza ingresso Hotel San Francesco;Infortunio per sola frenata improvvisa;Rettilineo;Una carreggiata a doppio senso;Bagnato (pioggia);In cubetti di porfido;Verticale ed orizzontale;Nuvoloso;Scarso;Sufficiente;;1;0;0;1;12.4727;41.885;-1;2;Autovettura privata;In marcia / fermata / arresto;Conducente;M;Illeso;0;;Non accertato;Inesploso
5664302;1;26/10/2021 18:00:00;Strada Urbana;VIA PRINCIPE EUGENIO;in corrispondenza;;del civico n.;96;;Investimento di pedone;Rettilineo;Una carreggiata a doppio senso;Bagnato (pioggia);Asfaltata;Verticale ed orizzontale;Pioggia in atto;Normale;Insufficiente;;1;0;0;1;12.5092;41.8935;-1;;;;Pedone;F;Rimandato;0;NON DECEDUTO;;
5664302;1;26/10/2021 18:00:00;Strada Urbana;VIA PRINCIPE EUGENIO;in corrispondenza;;del civico n.;96;;Investimento di pedone;Rettilineo;Una carreggiata a doppio senso;Bagnato (pioggia);Asfaltata;Verticale ed orizzontale;Pioggia in atto;Normale;Insufficiente;;1;0;0;1;12.5092;41.8935;-1;1;Autovettura pubblica;In marcia / fermata / arresto;Conducente;M;Illeso;0;;Non accertato;Inesploso
5664318;4;26/10/2021 18:50:00;Strada Urbana;VIA DELLA CESARINA;in prossimit�;;del civico n.;212;;Veicolo in marcia contro animale;Rettilineo;Una carreggiata a doppio senso;Bagnato (pioggia);Asfaltata;Assente;Pioggia in atto;Scarso;Insufficiente;;0;0;0;1;12.5872;41.9731;-1;1;Autovettura privata;In marcia / fermata / arresto;Conducente;M;Illeso;0;;Non accertato;Inesploso
5664327;9;26/10/2021 17:00:00;Strada Urbana;VIA TUSCOLANA;all'intersezione semaforizzata con;VIA DELL'ARCO DI TRAVERTINO;VIA DELL'ARCO DI TRAVERTINO;;;Scontro frontale/laterale SX fra veicoli in marcia;Incrocio;Una carreggiata a senso unico di marcia;Bagnato (umidit� in atto);Asfaltata;Verticale ed orizzontale;Nuvoloso;Normale;Buona;;0;0;0;3;12.5381;41.869;-1;1;Autocarro inferiore 35 q.;In marcia / fermata / arresto;Conducente;M;Illeso;0;;Non accertato;Inesploso
5664327;9;26/10/2021 17:00:00;Strada Urbana;VIA TUSCOLANA;all'intersezione semaforizzata con;VIA DELL'ARCO DI TRAVERTINO;VIA DELL'ARCO DI TRAVERTINO;;;Scontro frontale/laterale SX fra veicoli in marcia;Incrocio;Una carreggiata a senso unico di marcia;Bagnato (umidit� in atto);Asfaltata;Verticale ed orizzontale;Nuvoloso;Normale;Buona;;0;0;0;3;12.5381;41.869;-1;2;Autocarro inferiore 35 q.;In marcia / fermata / arresto;Conducente;F;Illeso;0;;;
5664327;9;26/10/2021 17:00:00;Strada Urbana;VIA TUSCOLANA;all'intersezione semaforizzata con;VIA DELL'ARCO DI TRAVERTINO;VIA DELL'ARCO DI TRAVERTINO;;;Scontro frontale/laterale SX fra veicoli in marcia;Incrocio;Una carreggiata a senso unico di marcia;Bagnato (umidit� in atto);Asfaltata;Verticale ed orizzontale;Nuvoloso;Normale;Buona;;0;0;0;3;12.5381;41.869;-1;2;Autocarro inferiore 35 q.;In marcia / fermata / arresto;Passeggero;F;Illeso;0;;Non accertato;Inesploso
5664332;17;26/10/2021 17:00:00;Strada Urbana;VIA CRESCENZIO;all'intersezione con;VIA SFORZA PALLAVICINI;VIA SFORZA PALLAVICINI;;;Investimento di pedone;Intersezione semaforizzata;Una carreggiata a doppio senso;Bagnato (pioggia);In cubetti di porfido;Verticale ed orizzontale;Nuvoloso;Normale;Buona;;1;0;0;1;12.4634;41.9057;-1;;;;Pedone;F;Rimandato;0;NON DECEDUTO;;
5664332;17;26/10/2021 17:00:00;Strada Urbana;VIA CRESCENZIO;all'intersezione con;VIA SFORZA PALLAVICINI;VIA SFORZA PALLAVICINI;;;Investimento di pedone;Intersezione semaforizzata;Una carreggiata a doppio senso;Bagnato (pioggia);In cubetti di porfido;Verticale ed orizzontale;Nuvoloso;Normale;Buona;;1;0;0;1;12.4634;41.9057;-1;1;Autovettura privata;In marcia / fermata / arresto;Conducente;M;Illeso;0;;;
5664333;9;26/10/2021 16:05:00;;VIA CASORIA;in corrispondenza;;del civico n.;35;;Veicolo in marcia contro veicolo fermo;;;;;;;;;;0;0;0;3;12.5161;41.8836;0;1;Autovettura privata;In marcia / fermata / arresto;Conducente;M;Illeso;0;;;
5664333;9;26/10/2021 16:05:00;;VIA CASORIA;in corrispondenza;;del civico n.;35;;Veicolo in marcia contro veicolo fermo;;;;;;;;;;0;0;0;3;12.5161;41.8836;0;2;Autovettura privata;In marcia / fermata / arresto;Conducente;M;Illeso;0;;;
5664333;9;26/10/2021 16:05:00;;VIA CASORIA;in corrispondenza;;del civico n.;35;;Veicolo in marcia contro veicolo fermo;;;;;;;;;;0;0;0;3;12.5161;41.8836;0;2;Autovettura privata;In marcia / fermata / arresto;Passeggero;F;Illeso;0;;;
5664344;1;26/10/2021 13:30:00;Strada Urbana;VIA MARIO DE FIORI;in prossimit�;;del civico n.;29;;Veicolo in marcia contro veicolo in sosta;Rettilineo;Una carreggiata a senso unico di marcia;Asciutto;In cubetti di porfido;Verticale;Nuvoloso;Scarso;Buona;;0;0;0;1;12.481;41.9058;0;1;Autovettura pubblica;In marcia / fermata / arresto;Conducente;M;Illeso;0;;Non accertato;Inesploso
5664344;1;26/10/2021 13:30:00;Strada Urbana;VIA MARIO DE FIORI;in prossimit�;;del civico n.;29;;Veicolo in marcia contro veicolo in sosta;Rettilineo;Una carreggiata a senso unico di marcia;Asciutto;In cubetti di porfido;Verticale;Nuvoloso;Scarso;Buona;;0;0;0;1;12.481;41.9058;0;2;Monopattino elettrico;Sosta;;;;;;;
5664350;7;26/10/2021 14:05:00;Strada Urbana;VIA DELIA;in corrispondenza;;del civico n.;106;;Veicolo in marcia contro veicoli in sosta;Rettilineo;Una carreggiata a doppio senso;Asciutto;Asfaltata;Verticale;Nuvoloso;Normale;Buona;;0;0;0;1;12.6112;41.9186;-1;1;Autovettura privata;Sosta;;;;;;;
5664350;7;26/10/2021 14:05:00;Strada Urbana;VIA DELIA;in corrispondenza;;del civico n.;106;;Veicolo in marcia contro veicoli in sosta;Rettilineo;Una carreggiata a doppio senso;Asciutto;Asfaltata;Verticale;Nuvoloso;Normale;Buona;;0;0;0;1;12.6112;41.9186;-1;2;Autovettura privata;Sosta;;;;;;;
5664350;7;26/10/2021 14:05:00;Strada Urbana;VIA DELIA;in corrispondenza;;del civico n.;106;;Veicolo in marcia contro veicoli in sosta;Rettilineo;Una carreggiata a doppio senso;Asciutto;Asfaltata;Verticale;Nuvoloso;Normale;Buona;;0;0;0;1;12.6112;41.9186;-1;3;Autocarro superiore 35 q.;In marcia / fermata / arresto;Conducente;M;Illeso;0;;;
5664352;2;26/10/2021 08:00:00;Strada Urbana;VIA DI VILLA CHIGI;in prossimit�;;del civico n.;20;;Veicolo in marcia contro veicolo fermo;Rettilineo;Una carreggiata a senso unico di marcia;Bagnato (umidit� in atto);Asfaltata;Temporanea di cantiere;Sereno;Intenso;Buona;;0;0;0;4;12.5137;41.932;-1;1;Ciclomotore;In marcia / fermata / arresto;Conducente;M;Illeso;0;;;
5664352;2;26/10/2021 08:00:00;Strada Urbana;VIA DI VILLA CHIGI;in prossimit�;;del civico n.;20;;Veicolo in marcia contro veicolo fermo;Rettilineo;Una carreggiata a senso unico di marcia;Bagnato (umidit� in atto);Asfaltata;Temporanea di cantiere;Sereno;Intenso;Buona;;0;0;0;4;12.5137;41.932;-1;2;Autovettura privata;In marcia / fermata / arresto;Conducente;M;Illeso;0;;;
5664352;2;26/10/2021 08:00:00;Strada Urbana;VIA DI VILLA CHIGI;in prossimit�;;del civico n.;20;;Veicolo in marcia contro veicolo fermo;Rettilineo;Una carreggiata a senso unico di marcia;Bagnato (umidit� in atto);Asfaltata;Temporanea di cantiere;Sereno;Intenso;Buona;;0;0;0;4;12.5137;41.932;-1;2;Autovettura privata;In marcia / fermata / arresto;Passeggero;M;Illeso;0;;;
5664352;2;26/10/2021 08:00:00;Strada Urbana;VIA DI VILLA CHIGI;in prossimit�;;del civico n.;20;;Veicolo in marcia contro veicolo fermo;Rettilineo;Una carreggiata a senso unico di marcia;Bagnato (umidit� in atto);Asfaltata;Temporanea di cantiere;Sereno;Intenso;Buona;;0;0;0;4;12.5137;41.932;-1;2;Autovettura privata;In marcia / fermata / arresto;Passeggero;M;Illeso;0;;;
5664354;2;26/10/2021 16:45:00;Strada Urbana;VIA MONTEBUONO;in prossimit�;;del civico n.;37;;Scontro frontale/laterale SX fra veicoli in marcia;Rettilineo;Una carreggiata a senso unico di marcia;Bagnato (pioggia);Asfaltata;Verticale ed orizzontale;Pioggia in atto;Normale;Buona;;0;0;0;2;12.513;41.9343;-1;1;Monopattino elettrico;In marcia / fermata / arresto;Conducente;M;Illeso;0;;Non accertato;Inesploso
5664354;2;26/10/2021 16:45:00;Strada Urbana;VIA MONTEBUONO;in prossimit�;;del civico n.;37;;Scontro frontale/laterale SX fra veicoli in marcia;Rettilineo;Una carreggiata a senso unico di marcia;Bagnato (pioggia);Asfaltata;Verticale ed orizzontale;Pioggia in atto;Normale;Buona;;0;0;0;2;12.513;41.9343;-1;2;Autovettura privata;In marcia / fermata / arresto;Conducente;F;Illeso;0;;Non accertato;Inesploso
5664357;4;26/10/2021 20:05:00;Strada Urbana;VIA CONCA D'ORO;in corrispondenza;;del civico n.;287;;Scontro laterale fra veicoli in marcia;Rettilineo;Una carreggiata a doppio senso;Bagnato (pioggia);Asfaltata;Verticale ed orizzontale;Pioggia in atto;Normale;Sufficiente;;0;0;0;3;12.5244;41.9405;-1;1;Autovettura privata;In marcia / fermata / arresto;Conducente;M;Illeso;0;;;
5664357;4;26/10/2021 20:05:00;Strada Urbana;VIA CONCA D'ORO;in corrispondenza;;del civico n.;287;;Scontro laterale fra veicoli in marcia;Rettilineo;Una carreggiata a doppio senso;Bagnato (pioggia);Asfaltata;Verticale ed orizzontale;Pioggia in atto;Normale;Sufficiente;;0;0;0;3;12.5244;41.9405;-1;2;Autovettura privata;In marcia / fermata / arresto;Conducente;M;Illeso;0;;;
5664357;4;26/10/2021 20:05:00;Strada Urbana;VIA CONCA D'ORO;in corrispondenza;;del civico n.;287;;Scontro laterale fra veicoli in marcia;Rettilineo;Una carreggiata a doppio senso;Bagnato (pioggia);Asfaltata;Verticale ed orizzontale;Pioggia in atto;Normale;Sufficiente;;0;0;0;3;12.5244;41.9405;-1;2;Autovettura privata;In marcia / fermata / arresto;Passeggero;F;Illeso;0;;;
5664357;4;26/10/2021 20:05:00;Strada Urbana;VIA CONCA D'ORO;in corrispondenza;;del civico n.;287;;Scontro laterale fra veicoli in marcia;Rettilineo;Una carreggiata a doppio senso;Bagnato (pioggia);Asfaltata;Verticale ed orizzontale;Pioggia in atto;Normale;Sufficiente;;0;0;0;3;12.5244;41.9405;-1;3;Autovettura privata;Sosta;;;;;;;
5664359;2;26/10/2021 18:30:00;Strada Urbana;PONTE GIACOMO MATTEOTTI;all'intersezione con;LUNGOTEVERE ARNALDO DA BRESCIA;LUNGOTEVERE ARNALDO DA BRESCIA;;;Tamponamento Multiplo;Incrocio;Una carreggiata a senso unico di marcia;Bagnato (pioggia);Asfaltata;Verticale ed orizzontale;Pioggia in atto;Intenso;Sufficiente;;1;0;0;2;12.4718;41.9145;-1;1;Motociclo a solo;In marcia / fermata / arresto;Conducente;F;Rimandato;0;NON DECEDUTO;;
5664359;2;26/10/2021 18:30:00;Strada Urbana;PONTE GIACOMO MATTEOTTI;all'intersezione con;LUNGOTEVERE ARNALDO DA BRESCIA;LUNGOTEVERE ARNALDO DA BRESCIA;;;Tamponamento Multiplo;Incrocio;Una carreggiata a senso unico di marcia;Bagnato (pioggia);Asfaltata;Verticale ed orizzontale;Pioggia in atto;Intenso;Sufficiente;;1;0;0;2;12.4718;41.9145;-1;2;Autovettura privata;In marcia / fermata / arresto;Conducente;M;Illeso;0;;;
5664359;2;26/10/2021 18:30:00;Strada Urbana;PONTE GIACOMO MATTEOTTI;all'intersezione con;LUNGOTEVERE ARNALDO DA BRESCIA;LUNGOTEVERE ARNALDO DA BRESCIA;;;Tamponamento Multiplo;Incrocio;Una carreggiata a senso unico di marcia;Bagnato (pioggia);Asfaltata;Verticale ed orizzontale;Pioggia in atto;Intenso;Sufficiente;;1;0;0;2;12.4718;41.9145;-1;3;Autovettura privata;In marcia / fermata / arresto;Conducente;F;Illeso;0;;;
5664372;9;26/10/2021 22:15:00;Strada Urbana;PIAZZA ROSELLE;all'intersezione con;VIA LIDIA;VIA LIDIA;;;Scontro frontale/laterale SX fra veicoli in marcia;Incrocio;Una carreggiata a senso unico di marcia;Bagnato (pioggia);Asfaltata;Verticale ed orizzontale;Nuvoloso;Scarso;Sufficiente;;0;0;0;3;12.5108;41.874;-1;1;Autovettura privata;In marcia / fermata / arresto;Conducente;M;Illeso;0;;Non accertato;Inesploso
5664372;9;26/10/2021 22:15:00;Strada Urbana;PIAZZA ROSELLE;all'intersezione con;VIA LIDIA;VIA LIDIA;;;Scontro frontale/laterale SX fra veicoli in marcia;Incrocio;Una carreggiata a senso unico di marcia;Bagnato (pioggia);Asfaltata;Verticale ed orizzontale;Nuvoloso;Scarso;Sufficiente;;0;0;0;3;12.5108;41.874;-1;1;Autovettura privata;In marcia / fermata / arresto;Passeggero;M;Illeso;0;;Non accertato;Inesploso
5664372;9;26/10/2021 22:15:00;Strada Urbana;PIAZZA ROSELLE;all'intersezione con;VIA LIDIA;VIA LIDIA;;;Scontro frontale/laterale SX fra veicoli in marcia;Incrocio;Una carreggiata a senso unico di marcia;Bagnato (pioggia);Asfaltata;Verticale ed orizzontale;Nuvoloso;Scarso;Sufficiente;;0;0;0;3;12.5108;41.874;-1;2;Motociclo a solo;In marcia / fermata / arresto;Conducente;M;Illeso;0;;Non accertato;
5664372;9;26/10/2021 22:15:00;Strada Urbana;PIAZZA ROSELLE;all'intersezione con;VIA LIDIA;VIA LIDIA;;;Scontro frontale/laterale SX fra veicoli in marcia;Incrocio;Una carreggiata a senso unico di marcia;Bagnato (pioggia);Asfaltata;Verticale ed orizzontale;Nuvoloso;Scarso;Sufficiente;;0;0;0;3;12.5108;41.874;-1;3;Autovettura privata;Sosta;;;;;;;
5664373;1;26/10/2021 21:20:00;Strada Urbana;PIAZZA GIUDITTA TAVANI ARQUATI;all'intersezione con;VIA GUSTAVO MODENA;VIA GUSTAVO MODENA;;;Scontro frontale/laterale DX fra veicoli in marcia;Incrocio;Una carreggiata a senso unico di marcia;Bagnato (pioggia);In cubetti di porfido;Verticale;Pioggia in atto;Normale;Sufficiente;;1;0;0;2;12.473;41.8898;-1;1;Motociclo a solo;In marcia / fermata / arresto;Conducente;M;Rimandato;0;NON DECEDUTO;Non accertato;
5664373;1;26/10/2021 21:20:00;Strada Urbana;PIAZZA GIUDITTA TAVANI ARQUATI;all'intersezione con;VIA GUSTAVO MODENA;VIA GUSTAVO MODENA;;;Scontro frontale/laterale DX fra veicoli in marcia;Incrocio;Una carreggiata a senso unico di marcia;Bagnato (pioggia);In cubetti di porfido;Verticale;Pioggia in atto;Normale;Sufficiente;;1;0;0;2;12.473;41.8898;-1;2;Autovettura privata;In marcia / fermata / arresto;Conducente;M;Illeso;0;;Non accertato;Inesploso
5664373;1;26/10/2021 21:20:00;Strada Urbana;PIAZZA GIUDITTA TAVANI ARQUATI;all'intersezione con;VIA GUSTAVO MODENA;VIA GUSTAVO MODENA;;;Scontro frontale/laterale DX fra veicoli in marcia;Incrocio;Una carreggiata a senso unico di marcia;Bagnato (pioggia);In cubetti di porfido;Verticale;Pioggia in atto;Normale;Sufficiente;;1;0;0;2;12.473;41.8898;-1;2;Autovettura privata;In marcia / fermata / arresto;Passeggero;F;Illeso;0;;Non accertato;Inesploso
5664390;9;26/10/2021 14:50:00;;VIA APPIA NUOVA;in corrispondenza;;del civico n.;67;;Tamponamento;;;;;;;;;;0;0;0;2;12.5123;41.8836;0;1;Autovettura privata;In marcia / fermata / arresto;Conducente;F;Illeso;0;;;
5664390;9;26/10/2021 14:50:00;;VIA APPIA NUOVA;in corrispondenza;;del civico n.;67;;Tamponamento;;;;;;;;;;0;0;0;2;12.5123;41.8836;0;2;Motociclo a solo;In marcia / fermata / arresto;Conducente;M;Illeso;0;;;
5664405;12;25/10/2021 12:35:00;Strada Urbana;LARGO DEL CICLISMO;da specificare;;;;ALTEZZA VIALE DELL'ESPERANTO;Scontro laterale fra veicoli in marcia;Rettilineo;Una carreggiata a doppio senso;Asciutto;Asfaltata;Verticale ed orizzontale;Sereno;Scarso;Buona;;1;0;0;0;12.4608;41.8269;-1;1;Motociclo a solo;In marcia / fermata / arresto;Conducente;M;Rimandato;0;NON DECEDUTO;Non accertato;