Protocollo;Gruppo;DataOraIncidente;Localizzazione1;STRADA1;Localizzazione2;STRADA2;Strada02;Chilometrica;DaSpecificare;NaturaIncidente;particolaritastrade;TipoStrada;FondoStradale;Pavimentazione;Segnaletica;CondizioneAtmosferica;Traffico;Visibilita;Illuminazione;NUM_FERITI;NUM_RISERVATA;NUM_MORTI;NUM_ILLESI;Longitudine;Latitudine;Confermato;Progressivo;TipoVeicolo;StatoVeicolo;TipoPersona;Sesso;Tipolesione;Deceduto;DecedutoDopo;CinturaCascoUtilizzato;Airbag;
5664405;12;25/10/2021 12:35:00;Strada Urbana;LARGO DEL CICLISMO;da specificare;;;;ALTEZZA VIALE DELL'ESPERANTO;Scontro laterale fra veicoli in marcia;Rettilineo;Una carreggiata a doppio senso;Asciutto;Asfaltata;Verticale ed orizzontale;Sereno;Scarso;Buona;;1;0;0;0;12.4608;41.8269;-1;2;Autovettura privata;Allontanatosi;;;;;;;
5664417;7;26/10/2021 11:00:00;Strada Urbana;VIA DEL FOSSO DI TOR TRE TESTE;in prossimit�;;del civico n.;35;;Scontro frontale/laterale DX fra veicoli in marcia;Rettilineo;Una carreggiata a doppio senso;Asciutto;Asfaltata;Assente;Sereno;Normale;Buona;;0;0;0;4;12.6076;41.8858;-1;1;Autovettura privata;In marcia / fermata / arresto;Passeggero;F;Illeso;0;;;
5664417;7;26/10/2021 11:00:00;Strada Urbana;VIA DEL FOSSO DI TOR TRE TESTE;in prossimit�;;del civico n.;35;;Scontro frontale/laterale DX fra veicoli in marcia;Rettilineo;Una carreggiata a doppio senso;Asciutto;Asfaltata;Assente;Sereno;Normale;Buona;;0;0;0;4;12.6076;41.8858;-1;1;Autovettura privata;In marcia / fermata / arresto;Conducente;M;Illeso;0;;Non accertato;Inesploso
5664417;7;26/10/2021 11:00:00;Strada Urbana;VIA DEL FOSSO DI TOR TRE TESTE;in prossimit�;;del civico n.;35;;Scontro frontale/laterale DX fra veicoli in marcia;Rettilineo;Una carreggiata a doppio senso;Asciutto;Asfaltata;Assente;Sereno;Normale;Buona;;0;0;0;4;12.6076;41.8858;-1;2;Autovettura privata;In marcia / fermata / arresto;Conducente;F;Illeso;0;;Non accertato;Inesploso
5664417;7;26/10/2021 11:00:00;Strada Urbana;VIA DEL FOSSO DI TOR TRE TESTE;in prossimit�;;del civico n.;35;;Scontro frontale/laterale DX fra veicoli in marcia;Rettilineo;Una carreggiata a doppio senso;Asciutto;Asfaltata;Assente;Sereno;Normale;Buona;;0;0;0;4;12.6076;41.8858;-1;2;Autovettura privata;In marcia / fermata / arresto;Passeggero;M;Illeso;0;;;
5664428;18;26/10/2021 20:00:00;Strada Urbana;VIA AURELIA;in prossimit�;;del civico n.;67;;Investimento di pedone;Rettilineo;Una carreggiata a doppio senso;Bagnato (pioggia);Asfaltata;Verticale;Pioggia in atto;Normale;Sufficiente;;2;0;0;0;12.429;41.8984;-1;;;;Pedone;M;Rimandato;0;NON DECEDUTO;;
5664428;18;26/10/2021 20:00:00;Strada Urbana;VIA AURELIA;in prossimit�;;del civico n.;67;;Investimento di pedone;Rettilineo;Una carreggiata a doppio senso;Bagnato (pioggia);Asfaltata;Verticale;Pioggia in atto;Normale;Sufficiente;;2;0;0;0;12.429;41.8984;-1;1;Motociclo a solo;In marcia / fermata / arresto;Conducente;M;Rimandato;0;NON DECEDUTO;;
5664488;9;26/10/2021 16:35:00;;VIA CASORIA;in corrispondenza;;del civico n.;40;;Veicolo in marcia contro veicolo arresto;;;;;;;;;;0;0;0;1;12.5161;41.8834;0;1;Autovettura privata;In marcia / fermata / arresto;Conducente;M;Illeso;0;;;
5664488;9;26/10/2021 16:35:00;;VIA CASORIA;in corrispondenza;;del civico n.;40;;Veicolo in marcia contro veicolo arresto;;;;;;;;;;0;0;0;1;12.5161;41.8834;0;2;Autovettura privata;In marcia / fermata / arresto;Conducente;;Illeso;0;;;
5664495;4;26/10/2021 21:30:00;Strada Urbana;VIA NOMENTANA;all'intersezione con;VIA ONOFRIO PANVINIO;VIA ONOFRIO PANVINIO;;;Scontro frontale/laterale SX fra veicoli in marcia;Intersezione stradale segnalata;Una carreggiata a senso unico di marcia;Bagnato (pioggia);Asfaltata;Verticale ed orizzontale;Pioggia in atto;Scarso;Sufficiente;;0;0;0;2;12.5737;41.959;-1;1;Autovettura privata;In marcia / fermata / arresto;Conducente;M;Illeso;0;;Non accertato;
5664495;4;26/10/2021 21:30:00;Strada Urbana;VIA NOMENTANA;all'intersezione con;VIA ONOFRIO PANVINIO;VIA ONOFRIO PANVINIO;;;Scontro frontale/laterale SX fra veicoli in marcia;Intersezione stradale segnalata;Una carreggiata a senso unico di marcia;Bagnato (pioggia);Asfaltata;Verticale ed orizzontale;Pioggia in atto;Scarso;Sufficiente;;0;0;0;2;12.5737;41.959;-1;2;Motociclo a solo;In marcia / fermata / arresto;Conducente;M;Illeso;0;;;
5664506;6;26/10/2021 21:28:00;Strada Urbana;VIA RICCARDO ZAMPIERI;all'intersezione con;PIAZZA RICCARDO BALSAMO CRIVELLI;PIAZZA RICCARDO BALSAMO CRIVELLI;;;Scontro frontale/laterale SX fra veicoli in marcia;Incrocio;Una carreggiata a doppio senso;Bagnato (pioggia);Asfaltata;Verticale ed orizzontale;Nuvoloso;Scarso;Insufficiente;;2;0;0;0;12.5487;41.905;-1;1;Autovettura privata;In marcia / fermata / arresto;Conducente;M;Rimandato;0;NON DECEDUTO;Non accertato;Inesploso
5664506;6;26/10/2021 21:28:00;Strada Urbana;VIA RICCARDO ZAMPIERI;all'intersezione con;PIAZZA RICCARDO BALSAMO CRIVELLI;PIAZZA RICCARDO BALSAMO CRIVELLI;;;Scontro frontale/laterale SX fra veicoli in marcia;Incrocio;Una carreggiata a doppio senso;Bagnato (pioggia);Asfaltata;Verticale ed orizzontale;Nuvoloso;Scarso;Insufficiente;;2;0;0;0;12.5487;41.905;-1;2;Autovettura privata;In marcia / fermata / arresto;Conducente;F;Rimandato;0;NON DECEDUTO;Non accertato;Inesploso
5664511;9;26/10/2021 20:30:00;Strada Urbana;VIA SATURNIA;all'intersezione con;VIA GALLIA;VIA GALLIA;;;Infortunio per sola frenata improvvisa;Incrocio;Una carreggiata a doppio senso;Bagnato (pioggia);Asfaltata;Verticale ed orizzontale;Pioggia in atto;Scarso;Sufficiente;;1;0;0;1;12.5064;41.8806;-1;1;Autovettura privata;In marcia / fermata / arresto;Conducente;M;Illeso;0;;Non accertato;Inesploso
5664511;9;26/10/2021 20:30:00;Strada Urbana;VIA SATURNIA;all'intersezione con;VIA GALLIA;VIA GALLIA;;;Infortunio per sola frenata improvvisa;Incrocio;Una carreggiata a doppio senso;Bagnato (pioggia);Asfaltata;Verticale ed orizzontale;Pioggia in atto;Scarso;Sufficiente;;1;0;0;1;12.5064;41.8806;-1;2;Motociclo a solo;In marcia / fermata / arresto;Conducente;F;Rimandato;0;NON DECEDUTO;;
5664517;17;26/10/2021 17:30:00;Strada Urbana;VIALE ANGELICO;all'intersezione semaforizzata con;VIALE DELLE MILIZIE;VIALE DELLE MILIZIE;;;Scontro laterale fra veicoli in marcia;Intersezione semaforizzata;Pi� di due carreggiate;Bagnato (pioggia);Asfaltata;Verticale ed orizzontale;Pioggia in atto;Normale;Sufficiente;;0;0;0;3;12.4586;41.9172;-1;1;Autovettura privata;In marcia / fermata / arresto;Passeggero;F;Illeso;0;;;
5664517;17;26/10/2021 17:30:00;Strada Urbana;VIALE ANGELICO;all'intersezione semaforizzata con;VIALE DELLE MILIZIE;VIALE DELLE MILIZIE;;;Scontro laterale fra veicoli in marcia;Intersezione semaforizzata;Pi� di due carreggiate;Bagnato (pioggia);Asfaltata;Verticale ed orizzontale;Pioggia in atto;Normale;Sufficiente;;0;0;0;3;12.4586;41.9172;-1;1;Autovettura privata;In marcia / fermata / arresto;Conducente;M;Illeso;0;;Non accertato;Inesploso
5664517;17;26/10/2021 17:30:00;Strada Urbana;VIALE ANGELICO;all'intersezione semaforizzata con;VIALE DELLE MILIZIE;VIALE DELLE MILIZIE;;;Scontro laterale fra veicoli in marcia;Intersezione semaforizzata;Pi� di due carreggiate;Bagnato (pioggia);Asfaltata;Verticale ed orizzontale;Pioggia in atto;Normale;Sufficiente;;0;0;0;3;12.4586;41.9172;-1;2;Motociclo a solo;In marcia / fermata / arresto;Conducente;M;Illeso;0;;Non accertato;
5664543;9;26/10/2021 14:00:00;Strada Urbana;VIA BARTOLOMEO PLATINA;in corrispondenza;;del civico n.;3B;;Veicolo in marcia contro veicolo in sosta;Rettilineo;Una carreggiata a doppio senso;Bagnato (pioggia);Asfaltata;Verticale ed orizzontale;Pioggia in atto;Normale;Buona;;0;0;0;0;12.517;41.8694;-1;1;Autovettura privata;Sosta;;;;;;;
5664543;9;26/10/2021 14:00:00;Strada Urbana;VIA BARTOLOMEO PLATINA;in corrispondenza;;del civico n.;3B;;Veicolo in marcia contro veicolo in sosta;Rettilineo;Una carreggiata a doppio senso;Bagnato (pioggia);Asfaltata;Verticale ed orizzontale;Pioggia in atto;Normale;Buona;;0;0;0;0;12.517;41.8694;-1;2;Autovettura privata;Sosta;;;;;;;
5664543;9;26/10/2021 14:00:00;Strada Urbana;VIA BARTOLOMEO PLATINA;in corrispondenza;;del civico n.;3B;;Veicolo in marcia contro veicolo in sosta;Rettilineo;Una carreggiata a doppio senso;Bagnato (pioggia);Asfaltata;Verticale ed orizzontale;Pioggia in atto;Normale;Buona;;0;0;0;0;12.517;41.8694;-1;3;Autovettura privata;Allontanatosi;;;;;;;
5664599;7;27/10/2021 09:45:00;Strada Urbana;VIA VALERICO LACCETTI;in prossimit�;;del civico n.;37;;Veicolo in marcia contro veicolo in sosta;Rettilineo;Una carreggiata a doppio senso;Asciutto;Asfaltata;Verticale ed orizzontale;Sereno;Normale;Buona;;0;0;0;1;12.6127;41.9094;-1;1;Autovettura privata;In marcia / fermata / arresto;Conducente;M;Illeso;0;;;
5664599;7;27/10/2021 09:45:00;Strada Urbana;VIA VALERICO LACCETTI;in prossimit�;;del civico n.;37;;Veicolo in marcia contro veicolo in sosta;Rettilineo;Una carreggiata a doppio senso;Asciutto;Asfaltata;Verticale ed orizzontale;Sereno;Normale;Buona;;0;0;0;1;12.6127;41.9094;-1;2;Autovettura privata;Sosta;;;;;;;
5664603;12;27/10/2021 07:10:00;Strada Urbana;VIA DI DECIMA;all'intersezione con;VIA SEVERINO DELOGU;VIA SEVERINO DELOGU;;;Veicolo in marcia contro ostacolo accidentale;Incrocio;Due carreggiate;Asciutto;Asfaltata;Verticale ed orizzontale;Sereno;Normale;Buona;;0;0;0;1;12.4516;41.8151;-1;1;Autovettura privata;In marcia / fermata / arresto;Conducente;F;Illeso;0;;Non accertato;Inesploso
5664617;1;27/10/2021 07:10:00;Strada Urbana;LUNGOTEVERE TOR DI NONA;da specificare;;;;pross via della rondinella;Tamponamento;Rettilineo;Una carreggiata a senso unico di marcia;Asciutto;Asfaltata;Orizzontale;Sereno;Intenso;Buona;;0;0;0;2;;;0;1;Autocarro inferiore 35 q.;In marcia / fermata / arresto;Conducente;M;Illeso;0;;;
5664617;1;27/10/2021 07:10:00;Strada Urbana;LUNGOTEVERE TOR DI NONA;da specificare;;;;pross via della rondinella;Tamponamento;Rettilineo;Una carreggiata a senso unico di marcia;Asciutto;Asfaltata;Orizzontale;Sereno;Intenso;Buona;;0;0;0;2;;;0;2;Autovettura privata;In marcia / fermata / arresto;Conducente;M;Illeso;0;;;
5664678;18;26/10/2021 19:30:00;Strada Urbana;VIA SILVESTRO II;all'intersezione con;VIA PIO IX;VIA PIO IX;;;Scontro frontale/laterale SX fra veicoli in marcia;Incrocio;Due carreggiate;Bagnato (pioggia);Asfaltata;Verticale ed orizzontale;Pioggia in atto;Normale;Sufficiente;;0;0;0;4;12.4228;41.906;-1;1;Autovettura privata;In marcia / fermata / arresto;Conducente;F;Illeso;0;;Non accertato;Inesploso
5664678;18;26/10/2021 19:30:00;Strada Urbana;VIA SILVESTRO II;all'intersezione con;VIA PIO IX;VIA PIO IX;;;Scontro frontale/laterale SX fra veicoli in marcia;Incrocio;Due carreggiate;Bagnato (pioggia);Asfaltata;Verticale ed orizzontale;Pioggia in atto;Normale;Sufficiente;;0;0;0;4;12.4228;41.906;-1;1;Autovettura privata;In marcia / fermata / arresto;Passeggero;M;Illeso;0;;Non accertato;Inesploso
5664678;18;26/10/2021 19:30:00;Strada Urbana;VIA SILVESTRO II;all'intersezione con;VIA PIO IX;VIA PIO IX;;;Scontro frontale/laterale SX fra veicoli in marcia;Incrocio;Due carreggiate;Bagnato (pioggia);Asfaltata;Verticale ed orizzontale;Pioggia in atto;Normale;Sufficiente;;0;0;0;4;12.4228;41.906;-1;2;Motociclo a solo;In marcia / fermata / arresto;Conducente;M;Illeso;0;;Non accertato;
5664678;18;26/10/2021 19:30:00;Strada Urbana;VIA SILVESTRO II;all'intersezione con;VIA PIO IX;VIA PIO IX;;;Scontro frontale/laterale SX fra veicoli in marcia;Incrocio;Due carreggiate;Bagnato (pioggia);Asfaltata;Verticale ed orizzontale;Pioggia in atto;Normale;Sufficiente;;0;0;0;4;12.4228;41.906;-1;2;Motociclo a solo;In marcia / fermata / arresto;Passeggero;F;Illeso;0;;Non accertato;
5664704;17;26/10/2021 21:00:00;Strada Urbana;LARGO S. PIO V;all'intersezione con;VIA DELLA MADONNA DEL RIPOSO;VIA DELLA MADONNA DEL RIPOSO;;;Scontro frontale/laterale DX fra veicoli in marcia;Incrocio;Una carreggiata a senso unico di marcia;Bagnato (pioggia);Asfaltata;Verticale ed orizzontale;Pioggia in atto;Normale;Sufficiente;;1;0;0;2;12.432;41.8965;-1;1;Autovettura pubblica;In marcia / fermata / arresto;Conducente;M;Illeso;0;;;
5664704;17;26/10/2021 21:00:00;Strada Urbana;LARGO S. PIO V;all'intersezione con;VIA DELLA MADONNA DEL RIPOSO;VIA DELLA MADONNA DEL RIPOSO;;;Scontro frontale/laterale DX fra veicoli in marcia;Incrocio;Una carreggiata a senso unico di marcia;Bagnato (pioggia);Asfaltata;Verticale ed orizzontale;Pioggia in atto;Normale;Sufficiente;;1;0;0;2;12.432;41.8965;-1;2;Autovettura privata;In marcia / fermata / arresto;Passeggero;F;Rimandato;0;NON DECEDUTO;;
5664704;17;26/10/2021 21:00:00;Strada Urbana;LARGO S. PIO V;all'intersezione con;VIA DELLA MADONNA DEL RIPOSO;VIA DELLA MADONNA DEL RIPOSO;;;Scontro frontale/laterale DX fra veicoli in marcia;Incrocio;Una carreggiata a senso unico di marcia;Bagnato (pioggia);Asfaltata;Verticale ed orizzontale;Pioggia in atto;Normale;Sufficiente;;1;0;0;2;12.432;41.8965;-1;2;Autovettura privata;In marcia / fermata / arresto;Conducente;F;Illeso;0;;;
5664704;17;26/10/2021 21:00:00;Strada Urbana;LARGO S. PIO V;all'intersezione con;VIA DELLA MADONNA DEL RIPOSO;VIA DELLA MADONNA DEL RIPOSO;;;Scontro frontale/laterale DX fra veicoli in marcia;Incrocio;Una carreggiata a senso unico di marcia;Bagnato (pioggia);Asfaltata;Verticale ed orizzontale;Pioggia in atto;Normale;Sufficiente;;1;0;0;2;12.432;41.8965;-1;3;Autovettura privata;Sosta;;;;;;;
5664705;12;26/10/2021 19:45:00;Statale;VIA PONTINA;in prossimit�;;della chilometrica;19;;Fuoriuscita dalla sede stradale;Curva a visuale libera;Una carreggiata a senso unico di marcia;Bagnato (pioggia);Asfaltata;Verticale ed orizzontale;Pioggia in atto;Normale;Sufficiente;;0;0;0;1;12.4522;41.794;-1;1;Autovettura privata;In marcia / fermata / arresto;Conducente;M;Illeso;0;;Utilizzato;Inesploso
5664718;2;26/10/2021 11:40:00;Strada Urbana;VIA FRANCESCO DENZA;in prossimit�;;del civico n.;22;;Veicolo in marcia contro veicolo in sosta;Rettilineo;Una carreggiata a doppio senso;Asciutto;Asfaltata;Verticale ed orizzontale;Sereno;Normale;Buona;;0;0;0;1;12.4827;41.9269;-1;1;Autovettura privata;Sosta;;;;;;;
5664718;2;26/10/2021 11:40:00;Strada Urbana;VIA FRANCESCO DENZA;in prossimit�;;del civico n.;22;;Veicolo in marcia contro veicolo in sosta;Rettilineo;Una carreggiata a doppio senso;Asciutto;Asfaltata;Verticale ed orizzontale;Sereno;Normale;Buona;;0;0;0;1;12.4827;41.9269;-1;2;Autovettura privata;In marcia / fermata / arresto;Conducente;F;Illeso;0;;Non accertato;Inesploso
5664719;18;26/10/2021 13:50:00;Strada Urbana;VIA CORNELIA;da specificare;;;;fronte civico 12;Ribaltamento senza urto contro ostacolo fisso;Rettilineo;Una carreggiata a doppio senso;Asciutto;Asfaltata;Verticale ed orizzontale;Nuvoloso;Normale;Buona;;1;0;0;0;12.3899;41.9007;-1;1;Motociclo a solo;In marcia / fermata / arresto;Conducente;M;Rifiuta cure immediate;0;NON DECEDUTO;;
5664720;23;25/10/2021 15:55:00;Strada Urbana;PONTE PALATINO;all'intersezione con;LUNGOTEVERE RIPA;LUNGOTEVERE RIPA;;;Tamponamento Multiplo;Intersezione stradale segnalata;Due carreggiate;Asciutto;Asfaltata;Verticale ed orizzontale;Sereno;Scarso;Buona;;0;0;0;4;12.4785;41.8891;-1;1;Autovettura di polizia;In marcia / fermata / arresto;Passeggero;M;Illeso;0;;Utilizzato;Inesploso
5664720;23;25/10/2021 15:55:00;Strada Urbana;PONTE PALATINO;all'intersezione con;LUNGOTEVERE RIPA;LUNGOTEVERE RIPA;;;Tamponamento Multiplo;Intersezione stradale segnalata;Due carreggiate;Asciutto;Asfaltata;Verticale ed orizzontale;Sereno;Scarso;Buona;;0;0;0;4;12.4785;41.8891;-1;1;Autovettura di polizia;In marcia / fermata / arresto;Conducente;M;Illeso;0;;Non utilizzato;Inesploso
5664720;23;25/10/2021 15:55:00;Strada Urbana;PONTE PALATINO;all'intersezione con;LUNGOTEVERE RIPA;LUNGOTEVERE RIPA;;;Tamponamento Multiplo;Intersezione stradale segnalata;Due carreggiate;Asciutto;Asfaltata;Verticale ed orizzontale;Sereno;Scarso;Buona;;0;0;0;4;12.4785;41.8891;-1;2;Autovettura privata;In marcia / fermata / arresto;Conducente;M;Illeso;0;;Utilizzato;Inesploso
5664720;23;25/10/2021 15:55:00;Strada Urbana;PONTE PALATINO;all'intersezione con;LUNGOTEVERE RIPA;LUNGOTEVERE RIPA;;;Tamponamento Multiplo;Intersezione stradale segnalata;Due carreggiate;Asciutto;Asfaltata;Verticale ed orizzontale;Sereno;Scarso;Buona;;0;0;0;4;12.4785;41.8891;-1;3;Autovettura privata;In marcia / fermata / arresto;Conducente;F;Illeso;0;;Non accertato;Inesploso
5664722;2;26/10/2021 14:15:00;Strada Urbana;PIAZZA PALOMBARA SABINA;in prossimit�;;del civico n.;28;;Investimento di pedone;Rettilineo;Due carreggiate;Bagnato (pioggia);Asfaltata;Verticale ed orizzontale;Nuvoloso;Normale;Sufficiente;;1;0;0;1;12.5187;41.9321;-1;;;;Pedone;F;Ricoverato;0;NON DECEDUTO;;
5664722;2;26/10/2021 14:15:00;Strada Urbana;PIAZZA PALOMBARA SABINA;in prossimit�;;del civico n.;28;;Investimento di pedone;Rettilineo;Due carreggiate;Bagnato (pioggia);Asfaltata;Verticale ed orizzontale;Nuvoloso;Normale;Sufficiente;;1;0;0;1;12.5187;41.9321;-1;1;Motociclo a solo;In marcia / fermata / arresto;Conducente;M;Illeso;0;;;
5664730;2;26/10/2021 15:40:00;Strada Urbana;LUNGOTEVERE FLAMINIO;in prossimit�;;del civico n.;47;;Scontro frontale/laterale SX fra veicoli in marcia;Rettilineo;Una carreggiata a doppio senso;Bagnato (umidit� in atto);Asfaltata;Verticale ed orizzontale;Nuvoloso;Normale;Buona;;1;0;0;3;12.467;41.9234;-1;1;Autovettura privata;In marcia / fermata / arresto;Passeggero;M;Illeso;0;;Non accertato;Inesploso
5664730;2;26/10/2021 15:40:00;Strada Urbana;LUNGOTEVERE FLAMINIO;in prossimit�;;del civico n.;47;;Scontro frontale/laterale SX fra veicoli in marcia;Rettilineo;Una carreggiata a doppio senso;Bagnato (umidit� in atto);Asfaltata;Verticale ed orizzontale;Nuvoloso;Normale;Buona;;1;0;0;3;12.467;41.9234;-1;1;Autovettura privata;In marcia / fermata / arresto;Conducente;M;Illeso;0;;Non accertato;Inesploso
5664730;2;26/10/2021 15:40:00;Strada Urbana;LUNGOTEVERE FLAMINIO;in prossimit�;;del civico n.;47;;Scontro frontale/laterale SX fra veicoli in marcia;Rettilineo;Una carreggiata a doppio senso;Bagnato (umidit� in atto);Asfaltata;Verticale ed orizzontale;Nuvoloso;Normale;Buona;;1;0;0;3;12.467;41.9234;-1;2;Motociclo a solo;In marcia / fermata / arresto;Conducente;M;Rifiuta cure immediate;0;NON DECEDUTO;Non accertato;
5664730;2;26/10/2021 15:40:00;Strada Urbana;LUNGOTEVERE FLAMINIO;in prossimit�;;del civico n.;47;;Scontro frontale/laterale SX fra veicoli in marcia;Rettilineo;Una carreggiata a doppio senso;Bagnato (umidit� in atto);Asfaltata;Verticale ed orizzontale;Nuvoloso;Normale;Buona;;1;0;0;3;12.467;41.9234;-1;2;Motociclo a solo;In marcia / fermata / arresto;Passeggero;F;Illeso;0;;Non accertato;
5664735;2;26/10/2021 16:20:00;Strada Urbana;VIALE ERITREA;in prossimit�;;del civico n.;89;;Veicolo in marcia contro veicolo in sosta;Rettilineo;Due carreggiate;Bagnato (pioggia);Asfaltata;Verticale ed orizzontale;Pioggia in atto;Normale;Sufficiente;;0;0;0;1;12.5156;41.9274;-1;1;Autobus di linea;In marcia / fermata / arresto;Conducente;M;Illeso;0;;Non accertato;Inesploso
5664735;2;26/10/2021 16:20:00;Strada Urbana;VIALE ERITREA;in prossimit�;;del civico n.;89;;Veicolo in marcia contro veicolo in sosta;Rettilineo;Due carreggiate;Bagnato (pioggia);Asfaltata;Verticale ed orizzontale;Pioggia in atto;Normale;Sufficiente;;0;0;0;1;12.5156;41.9274;-1;2;Monopattino elettrico;Sosta;;;;;;;
5664737;6;26/10/2021 19:10:00;Strada Urbana;VIA COLLATINA;da specificare;;;;altezza civ. 77;Investimento di pedone;Rettilineo;Una carreggiata a doppio senso;Bagnato (pioggia);Asfaltata;Verticale ed orizzontale;Pioggia in atto;Normale;Sufficiente;;1;0;0;1;12.5627;41.8973;-1;;;;Pedone;F;Ricoverato;0;NON DECEDUTO;;
5664737;6;26/10/2021 19:10:00;Strada Urbana;VIA COLLATINA;da specificare;;;;altezza civ. 77;Investimento di pedone;Rettilineo;Una carreggiata a doppio senso;Bagnato (pioggia);Asfaltata;Verticale ed orizzontale;Pioggia in atto;Normale;Sufficiente;;1;0;0;1;12.5627;41.8973;-1;1;Motociclo a solo;In marcia / fermata / arresto;Conducente;M;Illeso;0;;Non accertato;
5664742;2;26/10/2021 17:50:00;Strada Urbana;VIA NOMENTANA;in prossimit�;;del civico n.;373;;Scontro laterale fra veicoli in marcia;Rettilineo;Una carreggiata a doppio senso;Bagnato (pioggia);Asfaltata;Verticale ed orizzontale;Pioggia in atto;Intenso;Sufficiente;;0;0;0;2;12.521;41.9245;-1;1;Autovettura privata;In marcia / fermata / arresto;Conducente;M;Illeso;0;;Non accertato;Inesploso
5664742;2;26/10/2021 17:50:00;Strada Urbana;VIA NOMENTANA;in prossimit�;;del civico n.;373;;Scontro laterale fra veicoli in marcia;Rettilineo;Una carreggiata a doppio senso;Bagnato (pioggia);Asfaltata;Verticale ed orizzontale;Pioggia in atto;Intenso;Sufficiente;;0;0;0;2;12.521;41.9245;-1;2;Motociclo a solo;In marcia / fermata / arresto;Conducente;M;Illeso;0;;Non accertato;
5664758;1;26/10/2021 11:15:00;Strada Urbana;VIA DI S. COSIMATO;all'intersezione con;VIA NATALE DEL GRANDE;VIA NATALE DEL GRANDE;;;Scontro laterale fra veicoli in marcia;Incrocio;Una carreggiata a senso unico di marcia;Asciutto;Strada pavimentata dissestata;Verticale;Nebbia;Intenso;Buona;;0;0;0;3;12.4698;41.8872;-1;1;Autovettura privata;In marcia / fermata / arresto;Passeggero;M;Illeso;0;;;
5664758;1;26/10/2021 11:15:00;Strada Urbana;VIA DI S. COSIMATO;all'intersezione con;VIA NATALE DEL GRANDE;VIA NATALE DEL GRANDE;;;Scontro laterale fra veicoli in marcia;Incrocio;Una carreggiata a senso unico di marcia;Asciutto;Strada pavimentata dissestata;Verticale;Nebbia;Intenso;Buona;;0;0;0;3;12.4698;41.8872;-1;1;Autovettura privata;In marcia / fermata / arresto;Conducente;F;Illeso;0;;;
5664758;1;26/10/2021 11:15:00;Strada Urbana;VIA DI S. COSIMATO;all'intersezione con;VIA NATALE DEL GRANDE;VIA NATALE DEL GRANDE;;;Scontro laterale fra veicoli in marcia;Incrocio;Una carreggiata a senso unico di marcia;Asciutto;Strada pavimentata dissestata;Verticale;Nebbia;Intenso;Buona;;0;0;0;3;12.4698;41.8872;-1;2;Autovettura privata;In marcia / fermata / arresto;Conducente;M;Illeso;0;;;
5664761;12;27/10/2021 08:40:00;Strada Urbana;VIA FRANCESCO DE SUPPE';in prossimit�;;del civico n.;4;;Scontro laterale fra veicoli in marcia;Rettilineo;Una carreggiata a senso unico di marcia;Asciutto;Asfaltata;Verticale ed orizzontale;Sereno;Normale;Buona;;0;0;0;2;12.4817;41.8257;-1;1;Autovettura privata;In marcia / fermata / arresto;Conducente;F;Illeso;0;;Non accertato;Inesploso
5664761;12;27/10/2021 08:40:00;Strada Urbana;VIA FRANCESCO DE SUPPE';in prossimit�;;del civico n.;4;;Scontro laterale fra veicoli in marcia;Rettilineo;Una carreggiata a senso unico di marcia;Asciutto;Asfaltata;Verticale ed orizzontale;Sereno;Normale;Buona;;0;0;0;2;12.4817;41.8257;-1;2;Autovettura privata;In marcia / fermata / arresto;Conducente;F;Illeso;0;;Non accertato;Inesploso
5664771;23;26/10/2021 14:15:00;Strada Urbana;VIA CORSINI;in prossimit�;;del civico n.;4;;Scontro laterale fra veicoli in marcia;Rettilineo;Una carreggiata a doppio senso;Bagnato (umidit� in atto);Asfaltata;Verticale ed orizzontale;Nuvoloso;Scarso;Buona;;0;0;0;5;12.4669;41.8925;-1;1;Autovettura di polizia;In marcia / fermata / arresto;Conducente;M;Illeso;0;;Non accertato;Inesploso
5664771;23;26/10/2021 14:15:00;Strada Urbana;VIA CORSINI;in prossimit�;;del civico n.;4;;Scontro laterale fra veicoli in marcia;Rettilineo;Una carreggiata a doppio senso;Bagnato (umidit� in atto);Asfaltata;Verticale ed orizzontale;Nuvoloso;Scarso;Buona;;0;0;0;5;12.4669;41.8925;-1;1;Autovettura di polizia;In marcia / fermata / arresto;Passeggero;M;Illeso;0;;Non accertato;Inesploso
5664771;23;26/10/2021 14:15:00;Strada Urbana;VIA CORSINI;in prossimit�;;del civico n.;4;;Scontro laterale fra veicoli in marcia;Rettilineo;Una carreggiata a doppio senso;Bagnato (umidit� in atto);Asfaltata;Verticale ed orizzontale;Nuvoloso;Scarso;Buona;;0;0;0;5;12.4669;41.8925;-1;2;Autovettura privata;In marcia / fermata / arresto;Passeggero;F;Illeso;0;;Non accertato;Inesploso
5664771;23;26/10/2021 14:15:00;Strada Urbana;VIA CORSINI;in prossimit�;;del civico n.;4;;Scontro laterale fra veicoli in marcia;Rettilineo;Una carreggiata a doppio senso;Bagnato (umidit� in atto);Asfaltata;Verticale ed orizzontale;Nuvoloso;Scarso;Buona;;0;0;0;5;12.4669;41.8925;-1;2;Autovettura privata;In marcia / fermata / arresto;Passeggero;F;Illeso;0;;Non accertato;Inesploso