Protocollo;Gruppo;DataOraIncidente;Localizzazione1;STRADA1;Localizzazione2;STRADA2;Strada02;Chilometrica;DaSpecificare;NaturaIncidente;particolaritastrade;TipoStrada;FondoStradale;Pavimentazione;Segnaletica;CondizioneAtmosferica;Traffico;Visibilita;Illuminazione;NUM_FERITI;NUM_RISERVATA;NUM_MORTI;NUM_ILLESI;Longitudine;Latitudine;Confermato;Progressivo;TipoVeicolo;StatoVeicolo;TipoPersona;Sesso;Tipolesione;Deceduto;DecedutoDopo;CinturaCascoUtilizzato;Airbag;
5667103;12;28/10/2021 13:15:00;Strada Urbana;VIA LAURENTINA;all'intersezione semaforizzata con;VIALE IGNAZIO SILONE;VIALE IGNAZIO SILONE;;;Tamponamento;Intersezione semaforizzata;Due carreggiate;Asciutto;Asfaltata;Verticale ed orizzontale;Sereno;Normale;Buona;;0;0;0;3;12.4857;41.8132;-1;2;Autovettura privata;In marcia / fermata / arresto;Conducente;F;Illeso;0;;;
5667105;1;28/10/2021 11:00:00;Strada Urbana;VIA VITTORIO VENETO;all'intersezione con;VIA VERSILIA;VIA VERSILIA;;;Investimento di pedone;Incrocio;Una carreggiata a doppio senso;Asciutto;Asfaltata;Verticale ed orizzontale;Sereno;Normale;Buona;;1;0;0;1;12.4895;41.9061;-1;;;;Pedone;M;Rimandato;0;NON DECEDUTO;;
5667105;1;28/10/2021 11:00:00;Strada Urbana;VIA VITTORIO VENETO;all'intersezione con;VIA VERSILIA;VIA VERSILIA;;;Investimento di pedone;Incrocio;Una carreggiata a doppio senso;Asciutto;Asfaltata;Verticale ed orizzontale;Sereno;Normale;Buona;;1;0;0;1;12.4895;41.9061;-1;1;Autovettura pubblica;In marcia / fermata / arresto;Conducente;M;Illeso;0;;Non accertato;Inesploso
5667257;3;28/10/2021 02:00:00;Strada Urbana;VIA GIUSEPPE DE SANTIS;da specificare;;;;prossimit� Via Elsa De Giorgi;Veicolo in marcia contro ostacolo fisso;Curva senza visuale libera;Una carreggiata a doppio senso;Asciutto;Asfaltata;Orizzontale;Sereno;Scarso;Buona;;0;0;0;1;12.539;41.9655;-1;1;Autovettura privata;In marcia / fermata / arresto;Conducente;F;Illeso;0;;Non accertato;
5667260;10;28/10/2021 14:20:00;Strada Urbana;CIRCONVALLAZIONE ORIENTALE;in corrispondenza;;del civico n.;4566;;Tamponamento Multiplo;Rettilineo;Pi� di due carreggiate;Asciutto;Asfaltata;Verticale ed orizzontale;Sereno;Normale;Buona;;0;0;0;6;12.586;41.8313;-1;1;Autovettura privata;In marcia / fermata / arresto;Passeggero;F;Illeso;0;;Non accertato;Inesploso
5667260;10;28/10/2021 14:20:00;Strada Urbana;CIRCONVALLAZIONE ORIENTALE;in corrispondenza;;del civico n.;4566;;Tamponamento Multiplo;Rettilineo;Pi� di due carreggiate;Asciutto;Asfaltata;Verticale ed orizzontale;Sereno;Normale;Buona;;0;0;0;6;12.586;41.8313;-1;1;Autovettura privata;In marcia / fermata / arresto;Passeggero;F;Illeso;0;;Non accertato;Inesploso
5667260;10;28/10/2021 14:20:00;Strada Urbana;CIRCONVALLAZIONE ORIENTALE;in corrispondenza;;del civico n.;4566;;Tamponamento Multiplo;Rettilineo;Pi� di due carreggiate;Asciutto;Asfaltata;Verticale ed orizzontale;Sereno;Normale;Buona;;0;0;0;6;12.586;41.8313;-1;1;Autovettura privata;In marcia / fermata / arresto;Conducente;F;Illeso;0;;Non accertato;Inesploso
5667260;10;28/10/2021 14:20:00;Strada Urbana;CIRCONVALLAZIONE ORIENTALE;in corrispondenza;;del civico n.;4566;;Tamponamento Multiplo;Rettilineo;Pi� di due carreggiate;Asciutto;Asfaltata;Verticale ed orizzontale;Sereno;Normale;Buona;;0;0;0;6;12.586;41.8313;-1;2;Autovettura privata;In marcia / fermata / arresto;Conducente;M;Illeso;0;;Non accertato;Inesploso
5667260;10;28/10/2021 14:20:00;Strada Urbana;CIRCONVALLAZIONE ORIENTALE;in corrispondenza;;del civico n.;4566;;Tamponamento Multiplo;Rettilineo;Pi� di due carreggiate;Asciutto;Asfaltata;Verticale ed orizzontale;Sereno;Normale;Buona;;0;0;0;6;12.586;41.8313;-1;3;Autocarro inferiore 35 q.;In marcia / fermata / arresto;Conducente;M;Illeso;0;;;
5667266;1;25/10/2021 16:40:00;Strada Urbana;CORSO DEL RINASCIMENTO;in corrispondenza;;del civico n.;63;;Tamponamento;Rettilineo;Una carreggiata a senso unico di marcia;Asciutto;Asfaltata;Assente;Sereno;Intenso;Buona;;0;0;0;1;12.4737;41.8995;-1;1;Autovettura privata;In marcia / fermata / arresto;Conducente;F;Illeso;0;;;
5667266;1;25/10/2021 16:40:00;Strada Urbana;CORSO DEL RINASCIMENTO;in corrispondenza;;del civico n.;63;;Tamponamento;Rettilineo;Una carreggiata a senso unico di marcia;Asciutto;Asfaltata;Assente;Sereno;Intenso;Buona;;0;0;0;1;12.4737;41.8995;-1;2;Autovettura privata;In marcia / fermata / arresto;;;;;;;
5667443;6;28/10/2021 14:30:00;Strada Urbana;VIA COSTANTINO LAZZARI;all'intersezione con;VIA DINO PENAZZATO;VIA DINO PENAZZATO;;;Scontro frontale/laterale SX fra veicoli in marcia;Incrocio;Una carreggiata a doppio senso;Asciutto;Asfaltata;Verticale ed orizzontale;Sereno;Scarso;Buona;;0;0;0;2;12.5649;41.8978;-1;1;Autovettura privata;In marcia / fermata / arresto;Conducente;F;Illeso;0;;;Inesploso
5667443;6;28/10/2021 14:30:00;Strada Urbana;VIA COSTANTINO LAZZARI;all'intersezione con;VIA DINO PENAZZATO;VIA DINO PENAZZATO;;;Scontro frontale/laterale SX fra veicoli in marcia;Incrocio;Una carreggiata a doppio senso;Asciutto;Asfaltata;Verticale ed orizzontale;Sereno;Scarso;Buona;;0;0;0;2;12.5649;41.8978;-1;2;Autovettura privata;In marcia / fermata / arresto;Conducente;M;Illeso;0;;;Inesploso
5667453;1;28/10/2021 13:00:00;Strada Urbana;PIAZZA DI S. CROCE IN GERUSALEMME;da specificare;;;;altezza VIA DI S. CROCE IN GERUSALEMME;Tamponamento Multiplo;Rettilineo;Pi� di due carreggiate;Asciutto;Asfaltata;Verticale ed orizzontale;Sereno;Intenso;Buona;;1;0;0;2;12.5149;41.8888;-1;1;Autocarro inferiore 35 q.;In marcia / fermata / arresto;Conducente;M;Illeso;0;;Non accertato;Inesploso
5667453;1;28/10/2021 13:00:00;Strada Urbana;PIAZZA DI S. CROCE IN GERUSALEMME;da specificare;;;;altezza VIA DI S. CROCE IN GERUSALEMME;Tamponamento Multiplo;Rettilineo;Pi� di due carreggiate;Asciutto;Asfaltata;Verticale ed orizzontale;Sereno;Intenso;Buona;;1;0;0;2;12.5149;41.8888;-1;2;Autocarro inferiore 35 q.;In marcia / fermata / arresto;Conducente;M;Illeso;0;;Non accertato;Inesploso
5667453;1;28/10/2021 13:00:00;Strada Urbana;PIAZZA DI S. CROCE IN GERUSALEMME;da specificare;;;;altezza VIA DI S. CROCE IN GERUSALEMME;Tamponamento Multiplo;Rettilineo;Pi� di due carreggiate;Asciutto;Asfaltata;Verticale ed orizzontale;Sereno;Intenso;Buona;;1;0;0;2;12.5149;41.8888;-1;3;Autovettura privata;In marcia / fermata / arresto;Conducente;F;Rimandato;0;NON DECEDUTO;Non accertato;Inesploso
5667454;12;28/10/2021 13:50:00;Strada Urbana;VIALE CESARE PAVESE;all'intersezione con;VIA CORRADO GOVONI;VIA CORRADO GOVONI;;;Scontro frontale/laterale SX fra veicoli in marcia;Incrocio;Due carreggiate;Asciutto;Asfaltata;Verticale ed orizzontale;Sereno;Normale;Buona;;1;0;0;0;12.4746;41.8175;-1;1;Autovettura privata;Sosta;;;;;;;
5667454;12;28/10/2021 13:50:00;Strada Urbana;VIALE CESARE PAVESE;all'intersezione con;VIA CORRADO GOVONI;VIA CORRADO GOVONI;;;Scontro frontale/laterale SX fra veicoli in marcia;Incrocio;Due carreggiate;Asciutto;Asfaltata;Verticale ed orizzontale;Sereno;Normale;Buona;;1;0;0;0;12.4746;41.8175;-1;2;Autovettura privata;Sosta;;;;;;;
5667454;12;28/10/2021 13:50:00;Strada Urbana;VIALE CESARE PAVESE;all'intersezione con;VIA CORRADO GOVONI;VIA CORRADO GOVONI;;;Scontro frontale/laterale SX fra veicoli in marcia;Incrocio;Due carreggiate;Asciutto;Asfaltata;Verticale ed orizzontale;Sereno;Normale;Buona;;1;0;0;0;12.4746;41.8175;-1;3;Autovettura privata;In marcia / fermata / arresto;Conducente;F;Ricoverato;0;NON DECEDUTO;Non accertato;Inesploso
5667454;12;28/10/2021 13:50:00;Strada Urbana;VIALE CESARE PAVESE;all'intersezione con;VIA CORRADO GOVONI;VIA CORRADO GOVONI;;;Scontro frontale/laterale SX fra veicoli in marcia;Incrocio;Due carreggiate;Asciutto;Asfaltata;Verticale ed orizzontale;Sereno;Normale;Buona;;1;0;0;0;12.4746;41.8175;-1;4;Autovettura privata;Sosta;;;;;;;
5667454;12;28/10/2021 13:50:00;Strada Urbana;VIALE CESARE PAVESE;all'intersezione con;VIA CORRADO GOVONI;VIA CORRADO GOVONI;;;Scontro frontale/laterale SX fra veicoli in marcia;Incrocio;Due carreggiate;Asciutto;Asfaltata;Verticale ed orizzontale;Sereno;Normale;Buona;;1;0;0;0;12.4746;41.8175;-1;5;Autovettura privata;In marcia / fermata / arresto;;;;;;;
5667460;19;28/10/2021 09:30:00;Strada Urbana;VIA CESARE LOMBROSO;all'intersezione con;VIA EZIO SCIAMANNA;VIA EZIO SCIAMANNA;;;Scontro frontale/laterale DX fra veicoli in marcia;Incrocio;Una carreggiata a senso unico di marcia;Asciutto;Asfaltata;Verticale;Sereno;Normale;Buona;;0;0;0;2;12.419;41.9346;-1;1;Autovettura privata;In marcia / fermata / arresto;Conducente;M;Illeso;0;;;
5667460;19;28/10/2021 09:30:00;Strada Urbana;VIA CESARE LOMBROSO;all'intersezione con;VIA EZIO SCIAMANNA;VIA EZIO SCIAMANNA;;;Scontro frontale/laterale DX fra veicoli in marcia;Incrocio;Una carreggiata a senso unico di marcia;Asciutto;Asfaltata;Verticale;Sereno;Normale;Buona;;0;0;0;2;12.419;41.9346;-1;2;Autovettura privata;In marcia / fermata / arresto;Conducente;F;Illeso;0;;;
5667466;17;28/10/2021 11:05:00;Strada Urbana;VIALE DELLE MILIZIE;all'intersezione con;VIA EDOARDO FABBRI;VIA EDOARDO FABBRI;;;Scontro frontale/laterale DX fra veicoli in marcia;Intersezione stradale segnalata;Una carreggiata a senso unico di marcia;Asciutto;Asfaltata;Verticale ed orizzontale;Sereno;Normale;Buona;;0;0;0;2;12.4619;41.9122;-1;1;Autovettura privata;In marcia / fermata / arresto;Conducente;M;Illeso;0;;Non accertato;
5667466;17;28/10/2021 11:05:00;Strada Urbana;VIALE DELLE MILIZIE;all'intersezione con;VIA EDOARDO FABBRI;VIA EDOARDO FABBRI;;;Scontro frontale/laterale DX fra veicoli in marcia;Intersezione stradale segnalata;Una carreggiata a senso unico di marcia;Asciutto;Asfaltata;Verticale ed orizzontale;Sereno;Normale;Buona;;0;0;0;2;12.4619;41.9122;-1;2;Autovettura privata;In marcia / fermata / arresto;Conducente;M;Illeso;0;;Non accertato;
5667497;10;28/10/2021 18:00:00;Strada Urbana;VIA APPIA NUOVA;da specificare;;;;direz. Rm centro 700 metri da via delle Capannelle;Tamponamento;Rettilineo;Due carreggiate;Asciutto;Asfaltata;Verticale ed orizzontale;Sereno;Normale;Buona;;1;0;0;1;12.5605;41.8257;-1;1;Autovettura privata;In marcia / fermata / arresto;Conducente;M;Rimandato;0;NON DECEDUTO;;Inesploso
5667497;10;28/10/2021 18:00:00;Strada Urbana;VIA APPIA NUOVA;da specificare;;;;direz. Rm centro 700 metri da via delle Capannelle;Tamponamento;Rettilineo;Due carreggiate;Asciutto;Asfaltata;Verticale ed orizzontale;Sereno;Normale;Buona;;1;0;0;1;12.5605;41.8257;-1;2;Autovettura privata;In marcia / fermata / arresto;Conducente;M;Illeso;0;;;
5667545;6;28/10/2021 14:30:00;Strada Urbana;VIALE DELLA VENEZIA GIULIA;da specificare;;;;F.C. 26;Scontro frontale/laterale DX fra veicoli in marcia;Rettilineo;Una carreggiata a doppio senso;Asciutto;Asfaltata;Orizzontale;Sereno;Normale;Buona;;1;0;0;1;12.5544;41.8965;-1;1;Autovettura privata;In marcia / fermata / arresto;Conducente;F;Illeso;0;;Non accertato;Inesploso
5667545;6;28/10/2021 14:30:00;Strada Urbana;VIALE DELLA VENEZIA GIULIA;da specificare;;;;F.C. 26;Scontro frontale/laterale DX fra veicoli in marcia;Rettilineo;Una carreggiata a doppio senso;Asciutto;Asfaltata;Orizzontale;Sereno;Normale;Buona;;1;0;0;1;12.5544;41.8965;-1;2;Motociclo a solo;In marcia / fermata / arresto;Conducente;M;Rimandato;0;NON DECEDUTO;Non accertato;
5667554;11;28/10/2021 11:30:00;Strada Urbana;VIA VITO BERING;all'intersezione con;VIA PELLEGRINO MATTEUCCI;VIA PELLEGRINO MATTEUCCI;;;Investimento di pedone;Intersezione stradale segnalata;Una carreggiata a senso unico di marcia;Asciutto;Asfaltata;Verticale ed orizzontale;Sereno;Normale;Buona;;1;0;0;1;12.4823;41.8719;-1;;;;Pedone;F;Ricoverato;0;NON DECEDUTO;;
5667554;11;28/10/2021 11:30:00;Strada Urbana;VIA VITO BERING;all'intersezione con;VIA PELLEGRINO MATTEUCCI;VIA PELLEGRINO MATTEUCCI;;;Investimento di pedone;Intersezione stradale segnalata;Una carreggiata a senso unico di marcia;Asciutto;Asfaltata;Verticale ed orizzontale;Sereno;Normale;Buona;;1;0;0;1;12.4823;41.8719;-1;1;Autovettura privata;In marcia / fermata / arresto;Conducente;M;Illeso;0;;Non accertato;Inesploso
5667592;1;28/10/2021 15:30:00;Strada Urbana;LARGO MANLIO GELSOMINI;all'intersezione semaforizzata con;VIA MARMORATA;VIA MARMORATA;;;Investimento di pedone;Intersezione semaforizzata;Una carreggiata a doppio senso;Asciutto;In cubetti di porfido;Verticale ed orizzontale;Sereno;Normale;Buona;;1;0;0;1;12.4791;41.8789;0;;;;Pedone;F;Rifiuta cure immediate;0;NON DECEDUTO;;
5667592;1;28/10/2021 15:30:00;Strada Urbana;LARGO MANLIO GELSOMINI;all'intersezione semaforizzata con;VIA MARMORATA;VIA MARMORATA;;;Investimento di pedone;Intersezione semaforizzata;Una carreggiata a doppio senso;Asciutto;In cubetti di porfido;Verticale ed orizzontale;Sereno;Normale;Buona;;1;0;0;1;12.4791;41.8789;0;1;Autocarro inferiore 35 q.;In marcia / fermata / arresto;Conducente;M;Illeso;0;;Non accertato;Inesploso
5667601;16;27/10/2021 21:55:00;Strada Urbana;VIA DELLA MAGLIANA;in corrispondenza;;del civico n.;180;;Scontro frontale/laterale DX fra veicoli in marcia;Curva a visuale libera;Una carreggiata a doppio senso;Asciutto;Asfaltata;Verticale ed orizzontale;Sereno;Scarso;Buona;;2;0;0;2;12.4591;41.8511;-1;1;Autovettura privata;In marcia / fermata / arresto;Conducente;M;Illeso;0;;Non accertato;
5667601;16;27/10/2021 21:55:00;Strada Urbana;VIA DELLA MAGLIANA;in corrispondenza;;del civico n.;180;;Scontro frontale/laterale DX fra veicoli in marcia;Curva a visuale libera;Una carreggiata a doppio senso;Asciutto;Asfaltata;Verticale ed orizzontale;Sereno;Scarso;Buona;;2;0;0;2;12.4591;41.8511;-1;1;Autovettura privata;In marcia / fermata / arresto;Passeggero;F;Rimandato;0;NON DECEDUTO;Non accertato;
5667601;16;27/10/2021 21:55:00;Strada Urbana;VIA DELLA MAGLIANA;in corrispondenza;;del civico n.;180;;Scontro frontale/laterale DX fra veicoli in marcia;Curva a visuale libera;Una carreggiata a doppio senso;Asciutto;Asfaltata;Verticale ed orizzontale;Sereno;Scarso;Buona;;2;0;0;2;12.4591;41.8511;-1;2;Autovettura privata;In marcia / fermata / arresto;Conducente;M;Illeso;0;;Non accertato;
5667601;16;27/10/2021 21:55:00;Strada Urbana;VIA DELLA MAGLIANA;in corrispondenza;;del civico n.;180;;Scontro frontale/laterale DX fra veicoli in marcia;Curva a visuale libera;Una carreggiata a doppio senso;Asciutto;Asfaltata;Verticale ed orizzontale;Sereno;Scarso;Buona;;2;0;0;2;12.4591;41.8511;-1;2;Autovettura privata;In marcia / fermata / arresto;Passeggero;F;Rimandato;0;NON DECEDUTO;Non accertato;
5667769;12;28/10/2021 09:10:00;Strada Urbana;VIA DI DECIMA;in prossimit�;;del civico n.;276;;Scontro laterale fra veicoli in marcia;Curva senza visuale libera;Una carreggiata a doppio senso;Asciutto;Asfaltata;Assente;Sereno;Normale;Buona;;0;0;0;2;12.4538;41.8047;-1;1;Autovettura privata;In marcia / fermata / arresto;Conducente;F;Illeso;0;;;
5667769;12;28/10/2021 09:10:00;Strada Urbana;VIA DI DECIMA;in prossimit�;;del civico n.;276;;Scontro laterale fra veicoli in marcia;Curva senza visuale libera;Una carreggiata a doppio senso;Asciutto;Asfaltata;Assente;Sereno;Normale;Buona;;0;0;0;2;12.4538;41.8047;-1;2;Autovettura privata;In marcia / fermata / arresto;Conducente;F;Illeso;0;;;
5667784;12;28/10/2021 17:20:00;Strada Urbana;VIA MONTE DEL FINOCCHIO;da specificare;;;;fronte civ. 15;Veicolo in marcia contro ostacolo accidentale;Rettilineo;Una carreggiata a doppio senso;Asciutto;Asfaltata;Assente;Sereno;Normale;Buona;;0;0;0;1;12.4544;41.8327;-1;1;Autocarro inferiore 35 q.;In marcia / fermata / arresto;Conducente;M;Illeso;0;;;
5667792;12;28/10/2021 16:15:00;Strada Urbana;VIA CRISTOFORO COLOMBO;da specificare;;;;ALTEZZA ALBERO 11;Tamponamento;Rettilineo;Pi� di due carreggiate;Asciutto;Asfaltata;Verticale ed orizzontale;Sereno;Normale;Buona;;1;0;0;1;12.4536;41.8089;-1;1;Autovettura privata;In marcia / fermata / arresto;Conducente;F;Illeso;0;;;
5667792;12;28/10/2021 16:15:00;Strada Urbana;VIA CRISTOFORO COLOMBO;da specificare;;;;ALTEZZA ALBERO 11;Tamponamento;Rettilineo;Pi� di due carreggiate;Asciutto;Asfaltata;Verticale ed orizzontale;Sereno;Normale;Buona;;1;0;0;1;12.4536;41.8089;-1;2;Autovettura privata;In marcia / fermata / arresto;Conducente;F;Rimandato;0;NON DECEDUTO;;
5667837;12;28/10/2021 20:04:00;Provinciale;VIA ARDEATINA;all'intersezione con;VIA VILLARICCA;VIA VILLARICCA;;;Scontro frontale/laterale SX fra veicoli in marcia;Incrocio;Una carreggiata a doppio senso;Asciutto;Asfaltata;Verticale ed orizzontale;Sereno;Scarso;Insufficiente;;2;0;0;2;12.5255;41.8131;-1;1;Autovettura privata;In marcia / fermata / arresto;Conducente;F;Illeso;0;;;
5667837;12;28/10/2021 20:04:00;Provinciale;VIA ARDEATINA;all'intersezione con;VIA VILLARICCA;VIA VILLARICCA;;;Scontro frontale/laterale SX fra veicoli in marcia;Incrocio;Una carreggiata a doppio senso;Asciutto;Asfaltata;Verticale ed orizzontale;Sereno;Scarso;Insufficiente;;2;0;0;2;12.5255;41.8131;-1;1;Autovettura privata;In marcia / fermata / arresto;Passeggero;M;Illeso;0;;;
5667837;12;28/10/2021 20:04:00;Provinciale;VIA ARDEATINA;all'intersezione con;VIA VILLARICCA;VIA VILLARICCA;;;Scontro frontale/laterale SX fra veicoli in marcia;Incrocio;Una carreggiata a doppio senso;Asciutto;Asfaltata;Verticale ed orizzontale;Sereno;Scarso;Insufficiente;;2;0;0;2;12.5255;41.8131;-1;2;Autocarro inferiore 35 q.;In marcia / fermata / arresto;Conducente;M;Ricoverato;0;NON DECEDUTO;Non utilizzato;Esploso
5667837;12;28/10/2021 20:04:00;Provinciale;VIA ARDEATINA;all'intersezione con;VIA VILLARICCA;VIA VILLARICCA;;;Scontro frontale/laterale SX fra veicoli in marcia;Incrocio;Una carreggiata a doppio senso;Asciutto;Asfaltata;Verticale ed orizzontale;Sereno;Scarso;Insufficiente;;2;0;0;2;12.5255;41.8131;-1;2;Autocarro inferiore 35 q.;In marcia / fermata / arresto;Passeggero;M;Ricoverato;0;NON DECEDUTO;Non utilizzato;Inesploso
5667895;8;28/10/2021 07:30:00;Strada Urbana;VIALE DELLA SORBONA;da specificare;;;;Rotatoria con Via Stanford;Scontro laterale fra veicoli in marcia;Rotatoria;Una carreggiata a senso unico di marcia;Asciutto;Asfaltata;Verticale ed orizzontale;Sereno;Normale;Buona;;0;0;0;5;12.612;41.8546;-1;1;Autovettura privata;In marcia / fermata / arresto;Conducente;M;Illeso;0;;;
5667895;8;28/10/2021 07:30:00;Strada Urbana;VIALE DELLA SORBONA;da specificare;;;;Rotatoria con Via Stanford;Scontro laterale fra veicoli in marcia;Rotatoria;Una carreggiata a senso unico di marcia;Asciutto;Asfaltata;Verticale ed orizzontale;Sereno;Normale;Buona;;0;0;0;5;12.612;41.8546;-1;2;Autovettura privata;In marcia / fermata / arresto;Conducente;M;Illeso;0;;Non accertato;Inesploso
5667895;8;28/10/2021 07:30:00;Strada Urbana;VIALE DELLA SORBONA;da specificare;;;;Rotatoria con Via Stanford;Scontro laterale fra veicoli in marcia;Rotatoria;Una carreggiata a senso unico di marcia;Asciutto;Asfaltata;Verticale ed orizzontale;Sereno;Normale;Buona;;0;0;0;5;12.612;41.8546;-1;2;Autovettura privata;In marcia / fermata / arresto;Passeggero;F;Illeso;0;;;
5667895;8;28/10/2021 07:30:00;Strada Urbana;VIALE DELLA SORBONA;da specificare;;;;Rotatoria con Via Stanford;Scontro laterale fra veicoli in marcia;Rotatoria;Una carreggiata a senso unico di marcia;Asciutto;Asfaltata;Verticale ed orizzontale;Sereno;Normale;Buona;;0;0;0;5;12.612;41.8546;-1;2;Autovettura privata;In marcia / fermata / arresto;Passeggero;F;Illeso;0;;;
5667895;8;28/10/2021 07:30:00;Strada Urbana;VIALE DELLA SORBONA;da specificare;;;;Rotatoria con Via Stanford;Scontro laterale fra veicoli in marcia;Rotatoria;Una carreggiata a senso unico di marcia;Asciutto;Asfaltata;Verticale ed orizzontale;Sereno;Normale;Buona;;0;0;0;5;12.612;41.8546;-1;2;Autovettura privata;In marcia / fermata / arresto;Passeggero;F;Illeso;0;;;
5667897;8;28/10/2021 12:20:00;Strada Urbana;VIA CASILINA;da specificare;;;;uscita G.R.A. direzione fuori Roma;Scontro laterale fra veicoli in marcia;Rettilineo;Una carreggiata a senso unico di marcia;Asciutto;Asfaltata;Verticale ed orizzontale;Sereno;Normale;Buona;;0;0;0;3;12.6212;41.8626;-1;1;Autovettura privata;In marcia / fermata / arresto;Conducente;M;Illeso;0;;Non accertato;Inesploso
5667897;8;28/10/2021 12:20:00;Strada Urbana;VIA CASILINA;da specificare;;;;uscita G.R.A. direzione fuori Roma;Scontro laterale fra veicoli in marcia;Rettilineo;Una carreggiata a senso unico di marcia;Asciutto;Asfaltata;Verticale ed orizzontale;Sereno;Normale;Buona;;0;0;0;3;12.6212;41.8626;-1;1;Autovettura privata;In marcia / fermata / arresto;Passeggero;F;Illeso;0;;Non accertato;Inesploso
5667897;8;28/10/2021 12:20:00;Strada Urbana;VIA CASILINA;da specificare;;;;uscita G.R.A. direzione fuori Roma;Scontro laterale fra veicoli in marcia;Rettilineo;Una carreggiata a senso unico di marcia;Asciutto;Asfaltata;Verticale ed orizzontale;Sereno;Normale;Buona;;0;0;0;3;12.6212;41.8626;-1;2;Autovettura privata;In marcia / fermata / arresto;Conducente;M;Illeso;0;;Non accertato;Inesploso
5667898;8;28/10/2021 14:00:00;Strada Urbana;VIA DELL' OSTERIA DEL FINOCCHIO;all'intersezione con;VIA MUSSOMELI;VIA MUSSOMELI;;;Scontro frontale/laterale DX fra veicoli in marcia;Incrocio;Una carreggiata a doppio senso;Asciutto;Asfaltata;Verticale;Sereno;Normale;Buona;;0;0;0;3;12.6832;41.8611;-1;1;Autovettura privata;In marcia / fermata / arresto;Conducente;F;Illeso;0;;Non accertato;Inesploso
5667898;8;28/10/2021 14:00:00;Strada Urbana;VIA DELL' OSTERIA DEL FINOCCHIO;all'intersezione con;VIA MUSSOMELI;VIA MUSSOMELI;;;Scontro frontale/laterale DX fra veicoli in marcia;Incrocio;Una carreggiata a doppio senso;Asciutto;Asfaltata;Verticale;Sereno;Normale;Buona;;0;0;0;3;12.6832;41.8611;-1;2;Autovettura privata;In marcia / fermata / arresto;Conducente;M;Illeso;0;;Non accertato;Inesploso
5667898;8;28/10/2021 14:00:00;Strada Urbana;VIA DELL' OSTERIA DEL FINOCCHIO;all'intersezione con;VIA MUSSOMELI;VIA MUSSOMELI;;;Scontro frontale/laterale DX fra veicoli in marcia;Incrocio;Una carreggiata a doppio senso;Asciutto;Asfaltata;Verticale;Sereno;Normale;Buona;;0;0;0;3;12.6832;41.8611;-1;2;Autovettura privata;In marcia / fermata / arresto;Passeggero;M;Illeso;0;;Non accertato;Inesploso
5667900;8;28/10/2021 17:15:00;Strada Urbana;VIA MODOLO;all'intersezione con;VIA BITTI;VIA BITTI;;;Scontro frontale/laterale SX fra veicoli in marcia;Incrocio;Due carreggiate;Asciutto;Asfaltata;Verticale ed orizzontale;Sereno;Scarso;Buona;;0;0;0;2;12.6848;41.8882;-1;1;Autovettura privata;In marcia / fermata / arresto;Conducente;M;Illeso;0;;Non accertato;Inesploso
5667900;8;28/10/2021 17:15:00;Strada Urbana;VIA MODOLO;all'intersezione con;VIA BITTI;VIA BITTI;;;Scontro frontale/laterale SX fra veicoli in marcia;Incrocio;Due carreggiate;Asciutto;Asfaltata;Verticale ed orizzontale;Sereno;Scarso;Buona;;0;0;0;2;12.6848;41.8882;-1;2;Autocarro inferiore 35 q.;In marcia / fermata / arresto;Conducente;M;Illeso;0;;Non accertato;Inesploso
5667902;8;28/10/2021 17:45:00;Strada Urbana;VIALE DELLA SORBONA;da specificare;;;;rotatoria Via Columbia;Scontro frontale/laterale DX fra veicoli in marcia;Curva a visuale libera;Una carreggiata a senso unico di marcia;Asciutto;Asfaltata;Verticale ed orizzontale;Sereno;Normale;Buona;;1;0;0;3;12.612;41.8546;-1;1;Autovettura privata;In marcia / fermata / arresto;Passeggero;F;Rifiuta cure immediate;0;NON DECEDUTO;Esente;Inesploso
5667902;8;28/10/2021 17:45:00;Strada Urbana;VIALE DELLA SORBONA;da specificare;;;;rotatoria Via Columbia;Scontro frontale/laterale DX fra veicoli in marcia;Curva a visuale libera;Una carreggiata a senso unico di marcia;Asciutto;Asfaltata;Verticale ed orizzontale;Sereno;Normale;Buona;;1;0;0;3;12.612;41.8546;-1;1;Autovettura privata;In marcia / fermata / arresto;Passeggero;M;Illeso;0;;Non accertato;Inesploso
5667902;8;28/10/2021 17:45:00;Strada Urbana;VIALE DELLA SORBONA;da specificare;;;;rotatoria Via Columbia;Scontro frontale/laterale DX fra veicoli in marcia;Curva a visuale libera;Una carreggiata a senso unico di marcia;Asciutto;Asfaltata;Verticale ed orizzontale;Sereno;Normale;Buona;;1;0;0;3;12.612;41.8546;-1;1;Autovettura privata;In marcia / fermata / arresto;Conducente;M;Illeso;0;;Non accertato;Inesploso
5667902;8;28/10/2021 17:45:00;Strada Urbana;VIALE DELLA SORBONA;da specificare;;;;rotatoria Via Columbia;Scontro frontale/laterale DX fra veicoli in marcia;Curva a visuale libera;Una carreggiata a senso unico di marcia;Asciutto;Asfaltata;Verticale ed orizzontale;Sereno;Normale;Buona;;1;0;0;3;12.612;41.8546;-1;2;Autovettura privata;In marcia / fermata / arresto;Conducente;M;Illeso;0;;Non accertato;Inesploso