Protocollo;Gruppo;DataOraIncidente;Localizzazione1;STRADA1;Localizzazione2;STRADA2;Strada02;Chilometrica;DaSpecificare;NaturaIncidente;particolaritastrade;TipoStrada;FondoStradale;Pavimentazione;Segnaletica;CondizioneAtmosferica;Traffico;Visibilita;Illuminazione;NUM_FERITI;NUM_RISERVATA;NUM_MORTI;NUM_ILLESI;Longitudine;Latitudine;Confermato;Progressivo;TipoVeicolo;StatoVeicolo;TipoPersona;Sesso;Tipolesione;Deceduto;DecedutoDopo;CinturaCascoUtilizzato;Airbag;
5671609;5;30/10/2021 09:55:00;Strada Urbana;VIALE DELLA SERENISSIMA;da specificare;;;;dir. A24 semaforo inversione di marcia;Tamponamento;Rettilineo;Due carreggiate;Asciutto;Asfaltata;Verticale ed orizzontale;Sereno;Normale;Buona;;3;0;0;3;12.5575;41.9018;-1;2;Autovettura privata;In marcia / fermata / arresto;Passeggero;M;Illeso;0;;Non accertato;
5671616;5;30/10/2021 01:00:00;Strada Urbana;NUOVA CIRCONVALLAZIONE INTERNA;da specificare;;;;prossimit� uscita  Batteria Nomentana;Ribaltamento senza urto contro ostacolo fisso;Rettilineo;Una carreggiata a senso unico di marcia;Asciutto;Asfaltata;Orizzontale;Sereno;Scarso;Sufficiente;;1;0;0;0;12.5268;41.9299;-1;1;Autovettura privata;In marcia / fermata / arresto;Conducente;F;Rimandato;0;NON DECEDUTO;Non accertato;
5671620;5;30/10/2021 10:20:00;Strada Urbana;VIA TIBURTINA;in prossimit�;;del civico n.;1263;;Veicolo in marcia contro ostacolo accidentale;Rettilineo;Due carreggiate;Asciutto;Strada pavimentata dissestata;Verticale ed orizzontale;Sereno;Normale;Buona;;1;0;0;0;12.605;41.934;-1;1;Motociclo a solo;In marcia / fermata / arresto;Conducente;M;Rimandato;0;NON DECEDUTO;Non accertato;
5671621;20;30/10/2021 18:20:00;Regionale entro l'abitato;VIA CASSIA;da specificare;;;;direzione centro altezza rampa G.R.A.;Tamponamento;Rettilineo;Una carreggiata a doppio senso;Asciutto;Asfaltata;Verticale ed orizzontale;Sereno;Intenso;Sufficiente;;0;0;0;3;12.4257;41.9751;-1;1;Autovettura privata;In marcia / fermata / arresto;Passeggero;M;Illeso;0;;Non accertato;Inesploso
5671621;20;30/10/2021 18:20:00;Regionale entro l'abitato;VIA CASSIA;da specificare;;;;direzione centro altezza rampa G.R.A.;Tamponamento;Rettilineo;Una carreggiata a doppio senso;Asciutto;Asfaltata;Verticale ed orizzontale;Sereno;Intenso;Sufficiente;;0;0;0;3;12.4257;41.9751;-1;1;Autovettura privata;In marcia / fermata / arresto;Conducente;F;Illeso;0;;Non accertato;Inesploso
5671621;20;30/10/2021 18:20:00;Regionale entro l'abitato;VIA CASSIA;da specificare;;;;direzione centro altezza rampa G.R.A.;Tamponamento;Rettilineo;Una carreggiata a doppio senso;Asciutto;Asfaltata;Verticale ed orizzontale;Sereno;Intenso;Sufficiente;;0;0;0;3;12.4257;41.9751;-1;2;Autovettura privata;In marcia / fermata / arresto;Conducente;F;Illeso;0;;Non accertato;Inesploso
5671624;5;30/10/2021 13:15:00;Strada Urbana;VIA DI PORTONACCIO;da specificare;;;;prossimit� via Tiburtina;Scontro laterale fra veicoli in marcia;Rettilineo;Una carreggiata a doppio senso;Asciutto;Asfaltata;Verticale ed orizzontale;Sereno;Normale;Buona;;0;0;0;3;12.5345;41.9082;-1;1;Autovettura privata;In marcia / fermata / arresto;Conducente;M;Illeso;0;;Non accertato;Inesploso
5671624;5;30/10/2021 13:15:00;Strada Urbana;VIA DI PORTONACCIO;da specificare;;;;prossimit� via Tiburtina;Scontro laterale fra veicoli in marcia;Rettilineo;Una carreggiata a doppio senso;Asciutto;Asfaltata;Verticale ed orizzontale;Sereno;Normale;Buona;;0;0;0;3;12.5345;41.9082;-1;1;Autovettura privata;In marcia / fermata / arresto;Passeggero;F;Illeso;0;;Non accertato;Inesploso
5671624;5;30/10/2021 13:15:00;Strada Urbana;VIA DI PORTONACCIO;da specificare;;;;prossimit� via Tiburtina;Scontro laterale fra veicoli in marcia;Rettilineo;Una carreggiata a doppio senso;Asciutto;Asfaltata;Verticale ed orizzontale;Sereno;Normale;Buona;;0;0;0;3;12.5345;41.9082;-1;2;Motociclo a solo;In marcia / fermata / arresto;Conducente;M;Illeso;0;;Non accertato;
5671630;5;30/10/2021 18:30:00;Strada Urbana;VIA FONDI DI MONASTERO;da specificare;;;;prossimit� Via Di S. Alessandro;Scontro laterale fra veicoli in marcia;Rettilineo;Due carreggiate;Asciutto;Asfaltata;Orizzontale;Sereno;Normale;Sufficiente;;0;0;0;2;12.5981;41.9505;-1;1;Autovettura privata;In marcia / fermata / arresto;Conducente;F;Illeso;0;;Non accertato;
5671630;5;30/10/2021 18:30:00;Strada Urbana;VIA FONDI DI MONASTERO;da specificare;;;;prossimit� Via Di S. Alessandro;Scontro laterale fra veicoli in marcia;Rettilineo;Due carreggiate;Asciutto;Asfaltata;Orizzontale;Sereno;Normale;Sufficiente;;0;0;0;2;12.5981;41.9505;-1;2;Autovettura privata;In marcia / fermata / arresto;Conducente;M;Illeso;0;;Non accertato;
5671638;5;31/10/2021 02:30:00;Strada Urbana;VIA NOMENTANA;in prossimit�;;del civico n.;2;;Scontro laterale fra veicoli in marcia;Rettilineo;Due carreggiate;Asciutto;Asfaltata;Verticale ed orizzontale;Sereno;Scarso;Sufficiente;;0;0;0;5;12.5017;41.9094;-1;1;Autovettura privata;In marcia / fermata / arresto;Passeggero;M;Illeso;0;;Non accertato;
5671638;5;31/10/2021 02:30:00;Strada Urbana;VIA NOMENTANA;in prossimit�;;del civico n.;2;;Scontro laterale fra veicoli in marcia;Rettilineo;Due carreggiate;Asciutto;Asfaltata;Verticale ed orizzontale;Sereno;Scarso;Sufficiente;;0;0;0;5;12.5017;41.9094;-1;1;Autovettura privata;In marcia / fermata / arresto;Conducente;M;Illeso;0;;Non accertato;
5671638;5;31/10/2021 02:30:00;Strada Urbana;VIA NOMENTANA;in prossimit�;;del civico n.;2;;Scontro laterale fra veicoli in marcia;Rettilineo;Due carreggiate;Asciutto;Asfaltata;Verticale ed orizzontale;Sereno;Scarso;Sufficiente;;0;0;0;5;12.5017;41.9094;-1;1;Autovettura privata;In marcia / fermata / arresto;Passeggero;M;Illeso;0;;Non accertato;
5671638;5;31/10/2021 02:30:00;Strada Urbana;VIA NOMENTANA;in prossimit�;;del civico n.;2;;Scontro laterale fra veicoli in marcia;Rettilineo;Due carreggiate;Asciutto;Asfaltata;Verticale ed orizzontale;Sereno;Scarso;Sufficiente;;0;0;0;5;12.5017;41.9094;-1;1;Autovettura privata;In marcia / fermata / arresto;Passeggero;F;Illeso;0;;Non accertato;
5671638;5;31/10/2021 02:30:00;Strada Urbana;VIA NOMENTANA;in prossimit�;;del civico n.;2;;Scontro laterale fra veicoli in marcia;Rettilineo;Due carreggiate;Asciutto;Asfaltata;Verticale ed orizzontale;Sereno;Scarso;Sufficiente;;0;0;0;5;12.5017;41.9094;-1;2;Autovettura privata;In marcia / fermata / arresto;Conducente;M;Illeso;0;;Non accertato;
5671647;5;31/10/2021 07:50:00;Strada Urbana;VIA GIUSEPPE SPATARO;all'intersezione con;VIA ALBERTO CANALETTI GAUDENTI;VIA ALBERTO CANALETTI GAUDENTI;;;Scontro laterale fra veicoli in marcia;Incrocio;Una carreggiata a doppio senso;Asciutto;Asfaltata;Orizzontale;Sereno;Scarso;Buona;;0;0;0;3;12.5794;41.9146;-1;1;Motociclo con passeggero;In marcia / fermata / arresto;Conducente;M;Illeso;0;;Non accertato;
5671647;5;31/10/2021 07:50:00;Strada Urbana;VIA GIUSEPPE SPATARO;all'intersezione con;VIA ALBERTO CANALETTI GAUDENTI;VIA ALBERTO CANALETTI GAUDENTI;;;Scontro laterale fra veicoli in marcia;Incrocio;Una carreggiata a doppio senso;Asciutto;Asfaltata;Orizzontale;Sereno;Scarso;Buona;;0;0;0;3;12.5794;41.9146;-1;1;Motociclo con passeggero;In marcia / fermata / arresto;Passeggero;M;Illeso;0;;Non accertato;
5671647;5;31/10/2021 07:50:00;Strada Urbana;VIA GIUSEPPE SPATARO;all'intersezione con;VIA ALBERTO CANALETTI GAUDENTI;VIA ALBERTO CANALETTI GAUDENTI;;;Scontro laterale fra veicoli in marcia;Incrocio;Una carreggiata a doppio senso;Asciutto;Asfaltata;Orizzontale;Sereno;Scarso;Buona;;0;0;0;3;12.5794;41.9146;-1;2;Autovettura privata;In marcia / fermata / arresto;Conducente;F;Illeso;0;;Non accertato;
5671650;10;30/10/2021 13:40:00;Strada Urbana;VIA DEL CASALE FERRANTI;da specificare;;;;altezza svincolo complanare interna del GRA      ;Scontro frontale/laterale DX fra veicoli in marcia;Rettilineo;Una carreggiata a doppio senso;Asciutto;Asfaltata;Verticale ed orizzontale;Sereno;Normale;Buona;;1;0;0;2;12.5869;41.8342;-1;1;Autovettura privata;In marcia / fermata / arresto;Conducente;F;Illeso;0;;Non accertato;Inesploso
5671650;10;30/10/2021 13:40:00;Strada Urbana;VIA DEL CASALE FERRANTI;da specificare;;;;altezza svincolo complanare interna del GRA      ;Scontro frontale/laterale DX fra veicoli in marcia;Rettilineo;Una carreggiata a doppio senso;Asciutto;Asfaltata;Verticale ed orizzontale;Sereno;Normale;Buona;;1;0;0;2;12.5869;41.8342;-1;1;Autovettura privata;In marcia / fermata / arresto;Passeggero;F;Illeso;0;;Non accertato;Inesploso
5671650;10;30/10/2021 13:40:00;Strada Urbana;VIA DEL CASALE FERRANTI;da specificare;;;;altezza svincolo complanare interna del GRA      ;Scontro frontale/laterale DX fra veicoli in marcia;Rettilineo;Una carreggiata a doppio senso;Asciutto;Asfaltata;Verticale ed orizzontale;Sereno;Normale;Buona;;1;0;0;2;12.5869;41.8342;-1;2;Motociclo con passeggero;In marcia / fermata / arresto;Conducente;M;Rimandato;0;NON DECEDUTO;Non accertato;
5671658;10;30/10/2021 12:45:00;Strada Urbana;VIA DI PASSOLOMBARDO;da specificare;;;;in corrispondenza svincolo per Roma/Napoli;Scontro frontale/laterale SX fra veicoli in marcia;Curva a visuale libera;Una carreggiata a doppio senso;Asciutto;Asfaltata;Verticale ed orizzontale;Sereno;Scarso;Buona;;0;0;0;3;12.6311;41.8397;-1;1;Motociclo con passeggero;In marcia / fermata / arresto;Conducente;M;Illeso;0;;Non accertato;
5671658;10;30/10/2021 12:45:00;Strada Urbana;VIA DI PASSOLOMBARDO;da specificare;;;;in corrispondenza svincolo per Roma/Napoli;Scontro frontale/laterale SX fra veicoli in marcia;Curva a visuale libera;Una carreggiata a doppio senso;Asciutto;Asfaltata;Verticale ed orizzontale;Sereno;Scarso;Buona;;0;0;0;3;12.6311;41.8397;-1;2;Autovettura privata;In marcia / fermata / arresto;Passeggero;F;Illeso;0;;Non accertato;Inesploso
5671658;10;30/10/2021 12:45:00;Strada Urbana;VIA DI PASSOLOMBARDO;da specificare;;;;in corrispondenza svincolo per Roma/Napoli;Scontro frontale/laterale SX fra veicoli in marcia;Curva a visuale libera;Una carreggiata a doppio senso;Asciutto;Asfaltata;Verticale ed orizzontale;Sereno;Scarso;Buona;;0;0;0;3;12.6311;41.8397;-1;2;Autovettura privata;In marcia / fermata / arresto;Conducente;M;Illeso;0;;Non accertato;Inesploso
5671663;10;30/10/2021 14:30:00;Strada Urbana;VIALE GIULIO AGRICOLA;all'intersezione con;VIA MARCO VALERIO CORVO;VIA MARCO VALERIO CORVO;;;Scontro frontale/laterale DX fra veicoli in marcia;Intersezione stradale segnalata;Due carreggiate;Asciutto;Asfaltata;Verticale ed orizzontale;Sereno;Normale;Buona;;0;0;0;3;12.5615;41.8558;-1;1;Autovettura privata;In marcia / fermata / arresto;Conducente;M;Illeso;0;;Non accertato;Inesploso
5671663;10;30/10/2021 14:30:00;Strada Urbana;VIALE GIULIO AGRICOLA;all'intersezione con;VIA MARCO VALERIO CORVO;VIA MARCO VALERIO CORVO;;;Scontro frontale/laterale DX fra veicoli in marcia;Intersezione stradale segnalata;Due carreggiate;Asciutto;Asfaltata;Verticale ed orizzontale;Sereno;Normale;Buona;;0;0;0;3;12.5615;41.8558;-1;1;Autovettura privata;In marcia / fermata / arresto;Passeggero;M;Illeso;0;;Non accertato;Inesploso
5671663;10;30/10/2021 14:30:00;Strada Urbana;VIALE GIULIO AGRICOLA;all'intersezione con;VIA MARCO VALERIO CORVO;VIA MARCO VALERIO CORVO;;;Scontro frontale/laterale DX fra veicoli in marcia;Intersezione stradale segnalata;Due carreggiate;Asciutto;Asfaltata;Verticale ed orizzontale;Sereno;Normale;Buona;;0;0;0;3;12.5615;41.8558;-1;2;Autovettura privata;In marcia / fermata / arresto;Conducente;M;Illeso;0;;Non accertato;Inesploso
5671663;10;30/10/2021 14:30:00;Strada Urbana;VIALE GIULIO AGRICOLA;all'intersezione con;VIA MARCO VALERIO CORVO;VIA MARCO VALERIO CORVO;;;Scontro frontale/laterale DX fra veicoli in marcia;Intersezione stradale segnalata;Due carreggiate;Asciutto;Asfaltata;Verticale ed orizzontale;Sereno;Normale;Buona;;0;0;0;3;12.5615;41.8558;-1;3;Autocarro inferiore 35 q.;Allontanatosi;;;;;;;
5671666;10;30/10/2021 17:49:00;Strada Urbana;VIA APPIA NUOVA;in prossimit�;;del civico n.;1255;;Scontro laterale fra veicoli in marcia;Rettilineo;Pi� di due carreggiate;Asciutto;Asfaltata;Verticale ed orizzontale;Sereno;Normale;Buona;;1;0;0;3;12.5743;41.8209;-1;1;Autovettura privata;In marcia / fermata / arresto;Conducente;M;Rimandato;0;NON DECEDUTO;Non accertato;Inesploso
5671666;10;30/10/2021 17:49:00;Strada Urbana;VIA APPIA NUOVA;in prossimit�;;del civico n.;1255;;Scontro laterale fra veicoli in marcia;Rettilineo;Pi� di due carreggiate;Asciutto;Asfaltata;Verticale ed orizzontale;Sereno;Normale;Buona;;1;0;0;3;12.5743;41.8209;-1;2;Autovettura privata;In marcia / fermata / arresto;Passeggero;M;Illeso;0;;Non accertato;Inesploso
5671666;10;30/10/2021 17:49:00;Strada Urbana;VIA APPIA NUOVA;in prossimit�;;del civico n.;1255;;Scontro laterale fra veicoli in marcia;Rettilineo;Pi� di due carreggiate;Asciutto;Asfaltata;Verticale ed orizzontale;Sereno;Normale;Buona;;1;0;0;3;12.5743;41.8209;-1;2;Autovettura privata;In marcia / fermata / arresto;Passeggero;M;Illeso;0;;Non accertato;Inesploso
5671666;10;30/10/2021 17:49:00;Strada Urbana;VIA APPIA NUOVA;in prossimit�;;del civico n.;1255;;Scontro laterale fra veicoli in marcia;Rettilineo;Pi� di due carreggiate;Asciutto;Asfaltata;Verticale ed orizzontale;Sereno;Normale;Buona;;1;0;0;3;12.5743;41.8209;-1;2;Autovettura privata;In marcia / fermata / arresto;Conducente;M;Illeso;0;;Non accertato;Inesploso
5671667;13;29/10/2021 13:35:00;Strada Urbana;VIALE DEI ROMAGNOLI;da specificare;;;;altezza fermata 76771;Veicolo in marcia contro veicoli in arresto;Rettilineo;Una carreggiata a doppio senso;Asciutto;Asfaltata;Orizzontale;Nuvoloso;Normale;Buona;;2;0;0;3;12.3574;41.7826;-1;1;Autovettura privata;In marcia / fermata / arresto;Conducente;F;Rimandato;0;NON DECEDUTO;Non accertato;Inesploso
5671667;13;29/10/2021 13:35:00;Strada Urbana;VIALE DEI ROMAGNOLI;da specificare;;;;altezza fermata 76771;Veicolo in marcia contro veicoli in arresto;Rettilineo;Una carreggiata a doppio senso;Asciutto;Asfaltata;Orizzontale;Nuvoloso;Normale;Buona;;2;0;0;3;12.3574;41.7826;-1;2;Autovettura privata;In marcia / fermata / arresto;Passeggero;F;Illeso;0;;Non accertato;Inesploso
5671667;13;29/10/2021 13:35:00;Strada Urbana;VIALE DEI ROMAGNOLI;da specificare;;;;altezza fermata 76771;Veicolo in marcia contro veicoli in arresto;Rettilineo;Una carreggiata a doppio senso;Asciutto;Asfaltata;Orizzontale;Nuvoloso;Normale;Buona;;2;0;0;3;12.3574;41.7826;-1;2;Autovettura privata;In marcia / fermata / arresto;Conducente;F;Illeso;0;;Non accertato;Inesploso
5671667;13;29/10/2021 13:35:00;Strada Urbana;VIALE DEI ROMAGNOLI;da specificare;;;;altezza fermata 76771;Veicolo in marcia contro veicoli in arresto;Rettilineo;Una carreggiata a doppio senso;Asciutto;Asfaltata;Orizzontale;Nuvoloso;Normale;Buona;;2;0;0;3;12.3574;41.7826;-1;2;Autovettura privata;In marcia / fermata / arresto;Passeggero;F;Illeso;0;;Non accertato;Inesploso
5671667;13;29/10/2021 13:35:00;Strada Urbana;VIALE DEI ROMAGNOLI;da specificare;;;;altezza fermata 76771;Veicolo in marcia contro veicoli in arresto;Rettilineo;Una carreggiata a doppio senso;Asciutto;Asfaltata;Orizzontale;Nuvoloso;Normale;Buona;;2;0;0;3;12.3574;41.7826;-1;3;Autovettura privata;In marcia / fermata / arresto;Conducente;M;Rimandato;0;NON DECEDUTO;Non accertato;Inesploso
5671668;10;30/10/2021 20:38:00;Strada Urbana;VIA APPIA NUOVA;da specificare;;;;alt. GRA inv. marcia dir. Roma centro;Tamponamento;Rettilineo;Due carreggiate;Asciutto;Asfaltata;Verticale ed orizzontale;Nuvoloso;Intenso;Buona;;0;0;0;2;12.5755;41.8153;-1;1;Autocarro inferiore 35 q.;In marcia / fermata / arresto;Conducente;M;Illeso;0;;Non accertato;Inesploso
5671668;10;30/10/2021 20:38:00;Strada Urbana;VIA APPIA NUOVA;da specificare;;;;alt. GRA inv. marcia dir. Roma centro;Tamponamento;Rettilineo;Due carreggiate;Asciutto;Asfaltata;Verticale ed orizzontale;Nuvoloso;Intenso;Buona;;0;0;0;2;12.5755;41.8153;-1;2;Autovettura privata;In marcia / fermata / arresto;Conducente;M;Illeso;0;;Non accertato;Inesploso
5671703;13;30/10/2021 06:30:00;Strada Urbana;VIA CRISTOFORO COLOMBO;all'intersezione con;VIA TIRTEO;VIA TIRTEO;;;Veicolo in marcia contro ostacolo fisso;Incrocio;Una carreggiata a senso unico di marcia;Asciutto;Asfaltata;Verticale ed orizzontale;Sereno;Scarso;Sufficiente;;0;0;0;1;12.4536;41.8089;-1;1;Autovettura privata;In marcia / fermata / arresto;Conducente;M;Illeso;0;;Non accertato;Inesploso
5671705;13;30/10/2021 12:00:00;Strada Urbana;VIALE AMMIRAGLIO DEL BONO;in prossimit�;;del civico n.;52;;Investimento di pedone;Rettilineo;Una carreggiata a senso unico di marcia;Asciutto;Asfaltata;Verticale ed orizzontale;Sereno;Normale;Buona;;0;0;0;1;12.2837;41.7372;0;;;;Pedone;F;Illeso;0;;;
5671706;13;30/10/2021 12:15:00;Strada Urbana;VIA TESPI;in prossimit�;;del civico n.;54;;Veicolo in marcia contro veicoli in sosta;Rettilineo;Una carreggiata a senso unico di marcia;Asciutto;Asfaltata;Verticale ed orizzontale;Sereno;Normale;Buona;;0;0;0;1;12.3675;41.7701;-1;1;Autovettura privata;Sosta;;;;;;;
5671706;13;30/10/2021 12:15:00;Strada Urbana;VIA TESPI;in prossimit�;;del civico n.;54;;Veicolo in marcia contro veicoli in sosta;Rettilineo;Una carreggiata a senso unico di marcia;Asciutto;Asfaltata;Verticale ed orizzontale;Sereno;Normale;Buona;;0;0;0;1;12.3675;41.7701;-1;2;Autovettura privata;Sosta;;;;;;;
5671706;13;30/10/2021 12:15:00;Strada Urbana;VIA TESPI;in prossimit�;;del civico n.;54;;Veicolo in marcia contro veicoli in sosta;Rettilineo;Una carreggiata a senso unico di marcia;Asciutto;Asfaltata;Verticale ed orizzontale;Sereno;Normale;Buona;;0;0;0;1;12.3675;41.7701;-1;3;Autovettura privata;In marcia / fermata / arresto;Conducente;M;Illeso;0;;;
5671707;13;30/10/2021 14:20:00;Strada Urbana;VIALE VASCO DE GAMA;all'intersezione con;VIA DEI BRAGOZZI;VIA DEI BRAGOZZI;;;Scontro frontale/laterale SX fra veicoli in marcia;Incrocio;Una carreggiata a doppio senso;Asciutto;Asfaltata;Verticale ed orizzontale;Sereno;Scarso;Buona;;0;0;0;3;12.2745;41.7346;0;1;Velocipede;In marcia / fermata / arresto;Conducente;M;Illeso;0;;Esente;
5671707;13;30/10/2021 14:20:00;Strada Urbana;VIALE VASCO DE GAMA;all'intersezione con;VIA DEI BRAGOZZI;VIA DEI BRAGOZZI;;;Scontro frontale/laterale SX fra veicoli in marcia;Incrocio;Una carreggiata a doppio senso;Asciutto;Asfaltata;Verticale ed orizzontale;Sereno;Scarso;Buona;;0;0;0;3;12.2745;41.7346;0;2;Autovettura privata;In marcia / fermata / arresto;Conducente;M;Illeso;0;;Non accertato;Inesploso
5671707;13;30/10/2021 14:20:00;Strada Urbana;VIALE VASCO DE GAMA;all'intersezione con;VIA DEI BRAGOZZI;VIA DEI BRAGOZZI;;;Scontro frontale/laterale SX fra veicoli in marcia;Incrocio;Una carreggiata a doppio senso;Asciutto;Asfaltata;Verticale ed orizzontale;Sereno;Scarso;Buona;;0;0;0;3;12.2745;41.7346;0;2;Autovettura privata;In marcia / fermata / arresto;Passeggero;F;Illeso;0;;Non accertato;Inesploso
5671711;13;30/10/2021 15:20:00;Strada Urbana;VIALE DEI ROMAGNOLI;da specificare;;;;FRONTE CINELAND;Scontro laterale fra veicoli in marcia;Rettilineo;Una carreggiata a senso unico di marcia;Asciutto;Asfaltata;Verticale;Sereno;Normale;Buona;;1;0;0;2;12.3574;41.7826;-1;1;Autovettura privata;In marcia / fermata / arresto;Passeggero;F;Rimandato;0;NON DECEDUTO;;
5671711;13;30/10/2021 15:20:00;Strada Urbana;VIALE DEI ROMAGNOLI;da specificare;;;;FRONTE CINELAND;Scontro laterale fra veicoli in marcia;Rettilineo;Una carreggiata a senso unico di marcia;Asciutto;Asfaltata;Verticale;Sereno;Normale;Buona;;1;0;0;2;12.3574;41.7826;-1;1;Autovettura privata;In marcia / fermata / arresto;Conducente;F;Illeso;0;;Non accertato;Inesploso
5671711;13;30/10/2021 15:20:00;Strada Urbana;VIALE DEI ROMAGNOLI;da specificare;;;;FRONTE CINELAND;Scontro laterale fra veicoli in marcia;Rettilineo;Una carreggiata a senso unico di marcia;Asciutto;Asfaltata;Verticale;Sereno;Normale;Buona;;1;0;0;2;12.3574;41.7826;-1;2;Autovettura privata;In marcia / fermata / arresto;Conducente;M;Illeso;0;;;
5671713;13;30/10/2021 15:25:00;Comunale extraurbana;VIA CRISTOFORO COLOMBO;da specificare;;;;DIREZIONE GRA SEMAFORO MALAFEDE;Veicolo in marcia contro veicoli in arresto;Rettilineo;Pi� di due carreggiate;Asciutto;Asfaltata;Verticale ed orizzontale;Sereno;Normale;Buona;;5;0;0;7;12.4536;41.8089;-1;1;Autovettura privata;In marcia / fermata / arresto;Passeggero;F;Illeso;0;;Non accertato;Inesploso
5671713;13;30/10/2021 15:25:00;Comunale extraurbana;VIA CRISTOFORO COLOMBO;da specificare;;;;DIREZIONE GRA SEMAFORO MALAFEDE;Veicolo in marcia contro veicoli in arresto;Rettilineo;Pi� di due carreggiate;Asciutto;Asfaltata;Verticale ed orizzontale;Sereno;Normale;Buona;;5;0;0;7;12.4536;41.8089;-1;1;Autovettura privata;In marcia / fermata / arresto;Passeggero;F;Ricoverato;0;NON DECEDUTO;Non accertato;Inesploso
5671713;13;30/10/2021 15:25:00;Comunale extraurbana;VIA CRISTOFORO COLOMBO;da specificare;;;;DIREZIONE GRA SEMAFORO MALAFEDE;Veicolo in marcia contro veicoli in arresto;Rettilineo;Pi� di due carreggiate;Asciutto;Asfaltata;Verticale ed orizzontale;Sereno;Normale;Buona;;5;0;0;7;12.4536;41.8089;-1;1;Autovettura privata;In marcia / fermata / arresto;Passeggero;M;Illeso;0;;Non accertato;Inesploso
5671713;13;30/10/2021 15:25:00;Comunale extraurbana;VIA CRISTOFORO COLOMBO;da specificare;;;;DIREZIONE GRA SEMAFORO MALAFEDE;Veicolo in marcia contro veicoli in arresto;Rettilineo;Pi� di due carreggiate;Asciutto;Asfaltata;Verticale ed orizzontale;Sereno;Normale;Buona;;5;0;0;7;12.4536;41.8089;-1;1;Autovettura privata;In marcia / fermata / arresto;Conducente;F;Illeso;0;;Non accertato;Inesploso
5671713;13;30/10/2021 15:25:00;Comunale extraurbana;VIA CRISTOFORO COLOMBO;da specificare;;;;DIREZIONE GRA SEMAFORO MALAFEDE;Veicolo in marcia contro veicoli in arresto;Rettilineo;Pi� di due carreggiate;Asciutto;Asfaltata;Verticale ed orizzontale;Sereno;Normale;Buona;;5;0;0;7;12.4536;41.8089;-1;2;Autovettura privata;In marcia / fermata / arresto;Passeggero;F;Illeso;0;;Non accertato;Esploso
5671713;13;30/10/2021 15:25:00;Comunale extraurbana;VIA CRISTOFORO COLOMBO;da specificare;;;;DIREZIONE GRA SEMAFORO MALAFEDE;Veicolo in marcia contro veicoli in arresto;Rettilineo;Pi� di due carreggiate;Asciutto;Asfaltata;Verticale ed orizzontale;Sereno;Normale;Buona;;5;0;0;7;12.4536;41.8089;-1;2;Autovettura privata;In marcia / fermata / arresto;Conducente;M;Illeso;0;;Non accertato;Esploso
5671713;13;30/10/2021 15:25:00;Comunale extraurbana;VIA CRISTOFORO COLOMBO;da specificare;;;;DIREZIONE GRA SEMAFORO MALAFEDE;Veicolo in marcia contro veicoli in arresto;Rettilineo;Pi� di due carreggiate;Asciutto;Asfaltata;Verticale ed orizzontale;Sereno;Normale;Buona;;5;0;0;7;12.4536;41.8089;-1;2;Autovettura privata;In marcia / fermata / arresto;Passeggero;F;Illeso;0;;;
5671713;13;30/10/2021 15:25:00;Comunale extraurbana;VIA CRISTOFORO COLOMBO;da specificare;;;;DIREZIONE GRA SEMAFORO MALAFEDE;Veicolo in marcia contro veicoli in arresto;Rettilineo;Pi� di due carreggiate;Asciutto;Asfaltata;Verticale ed orizzontale;Sereno;Normale;Buona;;5;0;0;7;12.4536;41.8089;-1;3;Autovettura privata;In marcia / fermata / arresto;Conducente;F;Ricoverato;0;NON DECEDUTO;Non accertato;Inesploso
5671713;13;30/10/2021 15:25:00;Comunale extraurbana;VIA CRISTOFORO COLOMBO;da specificare;;;;DIREZIONE GRA SEMAFORO MALAFEDE;Veicolo in marcia contro veicoli in arresto;Rettilineo;Pi� di due carreggiate;Asciutto;Asfaltata;Verticale ed orizzontale;Sereno;Normale;Buona;;5;0;0;7;12.4536;41.8089;-1;4;Autovettura privata;In marcia / fermata / arresto;Passeggero;F;Ricoverato;0;NON DECEDUTO;Non accertato;Esploso
5671713;13;30/10/2021 15:25:00;Comunale extraurbana;VIA CRISTOFORO COLOMBO;da specificare;;;;DIREZIONE GRA SEMAFORO MALAFEDE;Veicolo in marcia contro veicoli in arresto;Rettilineo;Pi� di due carreggiate;Asciutto;Asfaltata;Verticale ed orizzontale;Sereno;Normale;Buona;;5;0;0;7;12.4536;41.8089;-1;4;Autovettura privata;In marcia / fermata / arresto;Passeggero;F;Ricoverato;0;NON DECEDUTO;;
5671713;13;30/10/2021 15:25:00;Comunale extraurbana;VIA CRISTOFORO COLOMBO;da specificare;;;;DIREZIONE GRA SEMAFORO MALAFEDE;Veicolo in marcia contro veicoli in arresto;Rettilineo;Pi� di due carreggiate;Asciutto;Asfaltata;Verticale ed orizzontale;Sereno;Normale;Buona;;5;0;0;7;12.4536;41.8089;-1;4;Autovettura privata;In marcia / fermata / arresto;Conducente;M;Ricoverato;0;NON DECEDUTO;Non accertato;Esploso
5671713;13;30/10/2021 15:25:00;Comunale extraurbana;VIA CRISTOFORO COLOMBO;da specificare;;;;DIREZIONE GRA SEMAFORO MALAFEDE;Veicolo in marcia contro veicoli in arresto;Rettilineo;Pi� di due carreggiate;Asciutto;Asfaltata;Verticale ed orizzontale;Sereno;Normale;Buona;;5;0;0;7;12.4536;41.8089;-1;5;Autocarro inferiore 35 q.;In marcia / fermata / arresto;Conducente;M;Illeso;0;;Non accertato;Inesploso