Protocollo;Gruppo;DataOraIncidente;Localizzazione1;STRADA1;Localizzazione2;STRADA2;Strada02;Chilometrica;DaSpecificare;NaturaIncidente;particolaritastrade;TipoStrada;FondoStradale;Pavimentazione;Segnaletica;CondizioneAtmosferica;Traffico;Visibilita;Illuminazione;NUM_FERITI;NUM_RISERVATA;NUM_MORTI;NUM_ILLESI;Longitudine;Latitudine;Confermato;Progressivo;TipoVeicolo;StatoVeicolo;TipoPersona;Sesso;Tipolesione;Deceduto;DecedutoDopo;CinturaCascoUtilizzato;Airbag;
5671714;13;31/10/2021 02:00:00;Strada Urbana;VIA EURIPIDE;in prossimit�;;del civico n.;32;;Veicolo in marcia contro ostacolo fisso;Rettilineo;Una carreggiata a doppio senso;Asciutto;Asfaltata;Verticale ed orizzontale;Sereno;Normale;Buona;;0;0;0;1;12.3714;41.769;-1;1;Autovettura privata;In marcia / fermata / arresto;Conducente;F;Illeso;0;;;
5671716;13;31/10/2021 21:50:00;Strada Urbana;VIA GEROLAMO MASINI;da specificare;;;;interno area di sosta;Veicolo in marcia contro veicolo in sosta;Rettilineo;Una carreggiata a senso unico di marcia;Asciutto;Asfaltata;Orizzontale;Sereno;Scarso;Buona;;0;0;0;0;12.3551;41.7768;-1;1;Autovettura privata;Allontanatosi;;;;;;;
5671716;13;31/10/2021 21:50:00;Strada Urbana;VIA GEROLAMO MASINI;da specificare;;;;interno area di sosta;Veicolo in marcia contro veicolo in sosta;Rettilineo;Una carreggiata a senso unico di marcia;Asciutto;Asfaltata;Orizzontale;Sereno;Scarso;Buona;;0;0;0;0;12.3551;41.7768;-1;2;Autovettura privata;Sosta;;;;;;;
5671736;10;31/10/2021 15:30:00;Strada Urbana;VIA EMANUELE CARNEVALE;da specificare;;;;rotatoria con via e. Ferri alt. sottopasso;Veicolo in marcia contro veicolo fermo;Rotatoria;Una carreggiata a senso unico di marcia;Asciutto;Asfaltata;Verticale ed orizzontale;Nuvoloso;Normale;Buona;;0;0;0;4;12.6033;41.8506;-1;1;Autovettura privata;In marcia / fermata / arresto;Conducente;F;Illeso;0;;Non accertato;Inesploso
5671736;10;31/10/2021 15:30:00;Strada Urbana;VIA EMANUELE CARNEVALE;da specificare;;;;rotatoria con via e. Ferri alt. sottopasso;Veicolo in marcia contro veicolo fermo;Rotatoria;Una carreggiata a senso unico di marcia;Asciutto;Asfaltata;Verticale ed orizzontale;Nuvoloso;Normale;Buona;;0;0;0;4;12.6033;41.8506;-1;1;Autovettura privata;In marcia / fermata / arresto;Passeggero;F;Illeso;0;;Non accertato;Inesploso
5671736;10;31/10/2021 15:30:00;Strada Urbana;VIA EMANUELE CARNEVALE;da specificare;;;;rotatoria con via e. Ferri alt. sottopasso;Veicolo in marcia contro veicolo fermo;Rotatoria;Una carreggiata a senso unico di marcia;Asciutto;Asfaltata;Verticale ed orizzontale;Nuvoloso;Normale;Buona;;0;0;0;4;12.6033;41.8506;-1;2;Motociclo con passeggero;In marcia / fermata / arresto;Passeggero;F;Illeso;0;;Non accertato;
5671736;10;31/10/2021 15:30:00;Strada Urbana;VIA EMANUELE CARNEVALE;da specificare;;;;rotatoria con via e. Ferri alt. sottopasso;Veicolo in marcia contro veicolo fermo;Rotatoria;Una carreggiata a senso unico di marcia;Asciutto;Asfaltata;Verticale ed orizzontale;Nuvoloso;Normale;Buona;;0;0;0;4;12.6033;41.8506;-1;2;Motociclo con passeggero;In marcia / fermata / arresto;Conducente;M;Illeso;0;;Non accertato;
5671801;2;31/10/2021 17:05:00;Strada Urbana;LUNGOTEVERE GRANDE A.GLIO THAON DI REVEL;da specificare;;;;fronte civico 11;Ribaltamento senza urto contro ostacolo fisso;Rettilineo;Una carreggiata a doppio senso;Asciutto;Asfaltata;Verticale ed orizzontale;Sereno;Normale;Buona;;1;0;0;1;12.4651;41.9334;-1;1;Ciclomotore;In marcia / fermata / arresto;Conducente;M;Rimandato;0;NON DECEDUTO;;
5671801;2;31/10/2021 17:05:00;Strada Urbana;LUNGOTEVERE GRANDE A.GLIO THAON DI REVEL;da specificare;;;;fronte civico 11;Ribaltamento senza urto contro ostacolo fisso;Rettilineo;Una carreggiata a doppio senso;Asciutto;Asfaltata;Verticale ed orizzontale;Sereno;Normale;Buona;;1;0;0;1;12.4651;41.9334;-1;2;Autovettura privata;In marcia / fermata / arresto;Conducente;M;Illeso;0;;;
5672217;13;31/10/2021 02:10:00;Strada Urbana;VIA OSTIENSE;in corrispondenza;;del civico n.;917;;Tamponamento;Rettilineo;Una carreggiata a doppio senso;Asciutto;Asfaltata;Verticale ed orizzontale;Sereno;Scarso;Sufficiente;;0;0;1;1;12.4447;41.8253;-1;1;Autovettura privata;In marcia / fermata / arresto;Conducente;M;Illeso;0;;;
5672217;13;31/10/2021 02:10:00;Strada Urbana;VIA OSTIENSE;in corrispondenza;;del civico n.;917;;Tamponamento;Rettilineo;Una carreggiata a doppio senso;Asciutto;Asfaltata;Verticale ed orizzontale;Sereno;Scarso;Sufficiente;;0;0;1;1;12.4447;41.8253;-1;2;Motociclo a solo;In marcia / fermata / arresto;Conducente;M;Deceduto sul posto;-1;;;
5672240;20;31/10/2021 20:37:00;Strada Urbana;VIA FLAMINIA;all'intersezione con;VIA ANTONIO SERRA;VIA ANTONIO SERRA;;;Scontro frontale/laterale DX fra veicoli in marcia;Intersezione non regolata/non segnalata;Una carreggiata a doppio senso;Asciutto;Asfaltata;Verticale ed orizzontale;Sereno;Normale;Buona;;1;0;0;2;12.472;41.9437;-1;1;Autovettura privata;In marcia / fermata / arresto;Passeggero;F;Illeso;0;;Non accertato;Inesploso
5672240;20;31/10/2021 20:37:00;Strada Urbana;VIA FLAMINIA;all'intersezione con;VIA ANTONIO SERRA;VIA ANTONIO SERRA;;;Scontro frontale/laterale DX fra veicoli in marcia;Intersezione non regolata/non segnalata;Una carreggiata a doppio senso;Asciutto;Asfaltata;Verticale ed orizzontale;Sereno;Normale;Buona;;1;0;0;2;12.472;41.9437;-1;1;Autovettura privata;In marcia / fermata / arresto;Conducente;M;Illeso;0;;Non accertato;Inesploso
5672240;20;31/10/2021 20:37:00;Strada Urbana;VIA FLAMINIA;all'intersezione con;VIA ANTONIO SERRA;VIA ANTONIO SERRA;;;Scontro frontale/laterale DX fra veicoli in marcia;Intersezione non regolata/non segnalata;Una carreggiata a doppio senso;Asciutto;Asfaltata;Verticale ed orizzontale;Sereno;Normale;Buona;;1;0;0;2;12.472;41.9437;-1;2;Motociclo a solo;In marcia / fermata / arresto;Conducente;M;Rimandato;0;NON DECEDUTO;Non accertato;
5672241;4;30/10/2021 17:20:00;Strada Urbana;VIA ANTONIO SILVANI;in corrispondenza;;del civico n.;25;;Tamponamento;Rettilineo;Una carreggiata a senso unico di marcia;Asciutto;Asfaltata;Assente;Sereno;Normale;Buona;;0;0;0;1;12.5185;41.9503;-1;1;Ciclomotore;In marcia / fermata / arresto;Conducente;F;Illeso;0;;Non accertato;
5672241;4;30/10/2021 17:20:00;Strada Urbana;VIA ANTONIO SILVANI;in corrispondenza;;del civico n.;25;;Tamponamento;Rettilineo;Una carreggiata a senso unico di marcia;Asciutto;Asfaltata;Assente;Sereno;Normale;Buona;;0;0;0;1;12.5185;41.9503;-1;2;Autovettura privata;Allontanatosi;;;;;;;
5672265;4;30/10/2021 16:00:00;Strada Urbana;VIA MONTE RESEGONE;da specificare;;;;prossimit� via Monte Catinaccio;Veicolo in marcia contro veicolo in sosta;Curva a visuale libera;Una carreggiata a doppio senso;Asciutto;Asfaltata;Orizzontale;Sereno;Normale;Buona;;0;0;0;1;12.5339;41.9526;-1;1;Autovettura privata;In marcia / fermata / arresto;Conducente;M;Illeso;0;;Non accertato;Inesploso
5672265;4;30/10/2021 16:00:00;Strada Urbana;VIA MONTE RESEGONE;da specificare;;;;prossimit� via Monte Catinaccio;Veicolo in marcia contro veicolo in sosta;Curva a visuale libera;Una carreggiata a doppio senso;Asciutto;Asfaltata;Orizzontale;Sereno;Normale;Buona;;0;0;0;1;12.5339;41.9526;-1;2;Autovettura privata;Sosta;;;;;;;
5672265;4;30/10/2021 16:00:00;Strada Urbana;VIA MONTE RESEGONE;da specificare;;;;prossimit� via Monte Catinaccio;Veicolo in marcia contro veicolo in sosta;Curva a visuale libera;Una carreggiata a doppio senso;Asciutto;Asfaltata;Orizzontale;Sereno;Normale;Buona;;0;0;0;1;12.5339;41.9526;-1;3;Autovettura privata;Sosta;;;;;;;
5672268;20;31/10/2021 21:42:00;Strada Urbana;VIA CASSIA NUOVA;all'intersezione con;VIA VILFREDO PARETO;VIA VILFREDO PARETO;;;Scontro laterale fra veicoli in marcia;Intersezione semaforizzata;Due carreggiate;Bagnato (umidit� in atto);Asfaltata;Verticale ed orizzontale;Nuvoloso;Normale;Buona;;0;0;0;2;12.4638;41.9545;-1;1;Autovettura pubblica;In marcia / fermata / arresto;Conducente;M;Illeso;0;;Non accertato;Inesploso
5672268;20;31/10/2021 21:42:00;Strada Urbana;VIA CASSIA NUOVA;all'intersezione con;VIA VILFREDO PARETO;VIA VILFREDO PARETO;;;Scontro laterale fra veicoli in marcia;Intersezione semaforizzata;Due carreggiate;Bagnato (umidit� in atto);Asfaltata;Verticale ed orizzontale;Nuvoloso;Normale;Buona;;0;0;0;2;12.4638;41.9545;-1;2;Motociclo a solo;In marcia / fermata / arresto;Conducente;M;Illeso;0;;Non accertato;
5672269;19;31/10/2021 12:45:00;Strada Urbana;VIA PASQUALE II;in prossimit�;;del civico n.;90;;Veicolo in marcia che urta buche nella carreggiata;Rettilineo;Una carreggiata a doppio senso;Asciutto;Asfaltata;Assente;Sereno;Scarso;Buona;;0;0;0;1;12.4116;41.9126;-1;1;Autovettura privata;In marcia / fermata / arresto;Conducente;M;Illeso;0;;Non accertato;Esploso
5672272;19;31/10/2021 13:45:00;Strada Urbana;VIA TRIONFALE;in prossimit�;;del civico n.;8686;;Tamponamento Multiplo;Rettilineo;Una carreggiata a senso unico di marcia;Asciutto;Asfaltata;Verticale ed orizzontale;Sereno;Scarso;Buona;;1;0;0;3;12.4238;41.94;-1;1;Autovettura privata;In marcia / fermata / arresto;Conducente;F;Illeso;0;;Non accertato;Inesploso
5672272;19;31/10/2021 13:45:00;Strada Urbana;VIA TRIONFALE;in prossimit�;;del civico n.;8686;;Tamponamento Multiplo;Rettilineo;Una carreggiata a senso unico di marcia;Asciutto;Asfaltata;Verticale ed orizzontale;Sereno;Scarso;Buona;;1;0;0;3;12.4238;41.94;-1;2;Autovettura privata;In marcia / fermata / arresto;Conducente;M;Illeso;0;;Non accertato;Inesploso
5672272;19;31/10/2021 13:45:00;Strada Urbana;VIA TRIONFALE;in prossimit�;;del civico n.;8686;;Tamponamento Multiplo;Rettilineo;Una carreggiata a senso unico di marcia;Asciutto;Asfaltata;Verticale ed orizzontale;Sereno;Scarso;Buona;;1;0;0;3;12.4238;41.94;-1;3;Autovettura privata;In marcia / fermata / arresto;Conducente;M;Illeso;0;;Non accertato;Inesploso
5672272;19;31/10/2021 13:45:00;Strada Urbana;VIA TRIONFALE;in prossimit�;;del civico n.;8686;;Tamponamento Multiplo;Rettilineo;Una carreggiata a senso unico di marcia;Asciutto;Asfaltata;Verticale ed orizzontale;Sereno;Scarso;Buona;;1;0;0;3;12.4238;41.94;-1;4;Autovettura privata;In marcia / fermata / arresto;Conducente;M;Rimandato;0;NON DECEDUTO;Non accertato;Inesploso
5672276;20;31/10/2021 23:45:00;Regionale entro l'abitato;VIA FLAMINIA;in corrispondenza;;del civico n.;462;;Veicolo in marcia contro veicolo arresto;Rettilineo;Una carreggiata a senso unico di marcia;Bagnato (umidit� in atto);Asfaltata;Verticale ed orizzontale;Nuvoloso;Normale;Sufficiente;;0;0;0;4;12.4672;41.9378;-1;1;Autovettura privata;In marcia / fermata / arresto;Conducente;F;Illeso;0;;Non accertato;Inesploso
5672276;20;31/10/2021 23:45:00;Regionale entro l'abitato;VIA FLAMINIA;in corrispondenza;;del civico n.;462;;Veicolo in marcia contro veicolo arresto;Rettilineo;Una carreggiata a senso unico di marcia;Bagnato (umidit� in atto);Asfaltata;Verticale ed orizzontale;Nuvoloso;Normale;Sufficiente;;0;0;0;4;12.4672;41.9378;-1;1;Autovettura privata;In marcia / fermata / arresto;Passeggero;F;Illeso;0;;Non accertato;Inesploso
5672276;20;31/10/2021 23:45:00;Regionale entro l'abitato;VIA FLAMINIA;in corrispondenza;;del civico n.;462;;Veicolo in marcia contro veicolo arresto;Rettilineo;Una carreggiata a senso unico di marcia;Bagnato (umidit� in atto);Asfaltata;Verticale ed orizzontale;Nuvoloso;Normale;Sufficiente;;0;0;0;4;12.4672;41.9378;-1;1;Autovettura privata;In marcia / fermata / arresto;Passeggero;F;Illeso;0;;Non accertato;Inesploso
5672276;20;31/10/2021 23:45:00;Regionale entro l'abitato;VIA FLAMINIA;in corrispondenza;;del civico n.;462;;Veicolo in marcia contro veicolo arresto;Rettilineo;Una carreggiata a senso unico di marcia;Bagnato (umidit� in atto);Asfaltata;Verticale ed orizzontale;Nuvoloso;Normale;Sufficiente;;0;0;0;4;12.4672;41.9378;-1;2;Autovettura privata;Allontanatosi;;;;;;;
5672314;4;30/10/2021 14:30:00;Provinciale entro l'abitato;VIA NOMENTANA;in corrispondenza;;del civico n.;1141;;Veicolo in marcia contro veicolo fermo;Curva a visuale libera;Una carreggiata a doppio senso;Asciutto;Asfaltata;Orizzontale;Sereno;Normale;Buona;;1;0;0;1;12.5775;41.9568;-1;1;Autovettura privata;In marcia / fermata / arresto;Conducente;F;Illeso;0;;;
5672314;4;30/10/2021 14:30:00;Provinciale entro l'abitato;VIA NOMENTANA;in corrispondenza;;del civico n.;1141;;Veicolo in marcia contro veicolo fermo;Curva a visuale libera;Una carreggiata a doppio senso;Asciutto;Asfaltata;Orizzontale;Sereno;Normale;Buona;;1;0;0;1;12.5775;41.9568;-1;2;Motociclo a solo;In marcia / fermata / arresto;Conducente;M;Rifiuta cure immediate;0;NON DECEDUTO;;
5672377;1;30/10/2021 13:00:00;Strada Urbana;VIA LUIGI VANVITELLI;in corrispondenza;;del civico n.;37;;Veicolo in marcia contro veicolo fermo;Rettilineo;Una carreggiata a senso unico di marcia;Asciutto;Asfaltata;Verticale ed orizzontale;Sereno;Scarso;Buona;;1;0;0;1;12.4765;41.8804;-1;1;Autovettura privata;In marcia / fermata / arresto;Conducente;M;Illeso;0;;Non accertato;Inesploso
5672377;1;30/10/2021 13:00:00;Strada Urbana;VIA LUIGI VANVITELLI;in corrispondenza;;del civico n.;37;;Veicolo in marcia contro veicolo fermo;Rettilineo;Una carreggiata a senso unico di marcia;Asciutto;Asfaltata;Verticale ed orizzontale;Sereno;Scarso;Buona;;1;0;0;1;12.4765;41.8804;-1;2;Motociclo a solo;In marcia / fermata / arresto;Conducente;M;Rimandato;0;NON DECEDUTO;Non accertato;
5672377;1;30/10/2021 13:00:00;Strada Urbana;VIA LUIGI VANVITELLI;in corrispondenza;;del civico n.;37;;Veicolo in marcia contro veicolo fermo;Rettilineo;Una carreggiata a senso unico di marcia;Asciutto;Asfaltata;Verticale ed orizzontale;Sereno;Scarso;Buona;;1;0;0;1;12.4765;41.8804;-1;3;Autovettura privata;Sosta;;;;;;;
5672389;4;30/10/2021 16:00:00;Strada Urbana;VIA FRANCO SACCHETTI;in corrispondenza;;del civico n.;89;;Scontro frontale/laterale SX fra veicoli in marcia;Rettilineo;Una carreggiata a doppio senso;Asciutto;Asfaltata;Assente;Sereno;Normale;Buona;;0;0;0;3;12.5439;41.9474;-1;1;Motociclo a solo;In marcia / fermata / arresto;Conducente;M;Illeso;0;;;
5672389;4;30/10/2021 16:00:00;Strada Urbana;VIA FRANCO SACCHETTI;in corrispondenza;;del civico n.;89;;Scontro frontale/laterale SX fra veicoli in marcia;Rettilineo;Una carreggiata a doppio senso;Asciutto;Asfaltata;Assente;Sereno;Normale;Buona;;0;0;0;3;12.5439;41.9474;-1;2;Autovettura privata;In marcia / fermata / arresto;Conducente;M;Illeso;0;;Non accertato;Inesploso
5672389;4;30/10/2021 16:00:00;Strada Urbana;VIA FRANCO SACCHETTI;in corrispondenza;;del civico n.;89;;Scontro frontale/laterale SX fra veicoli in marcia;Rettilineo;Una carreggiata a doppio senso;Asciutto;Asfaltata;Assente;Sereno;Normale;Buona;;0;0;0;3;12.5439;41.9474;-1;2;Autovettura privata;In marcia / fermata / arresto;Passeggero;M;Illeso;0;;;
5672394;1;31/10/2021 14:00:00;Strada Urbana;LUNGOTEVERE AVENTINO;da specificare;;;;fronte civ. 8;Scontro laterale fra veicoli in marcia;Rettilineo;Una carreggiata a senso unico di marcia;Asciutto;Asfaltata;Assente;Nuvoloso;Scarso;Buona;;1;0;0;4;12.479;41.8855;-1;1;Motociclo a solo;In marcia / fermata / arresto;Conducente;M;Ricoverato;0;NON DECEDUTO;;
5672394;1;31/10/2021 14:00:00;Strada Urbana;LUNGOTEVERE AVENTINO;da specificare;;;;fronte civ. 8;Scontro laterale fra veicoli in marcia;Rettilineo;Una carreggiata a senso unico di marcia;Asciutto;Asfaltata;Assente;Nuvoloso;Scarso;Buona;;1;0;0;4;12.479;41.8855;-1;2;Autovettura privata;In marcia / fermata / arresto;Passeggero;M;Illeso;0;;;
5672394;1;31/10/2021 14:00:00;Strada Urbana;LUNGOTEVERE AVENTINO;da specificare;;;;fronte civ. 8;Scontro laterale fra veicoli in marcia;Rettilineo;Una carreggiata a senso unico di marcia;Asciutto;Asfaltata;Assente;Nuvoloso;Scarso;Buona;;1;0;0;4;12.479;41.8855;-1;2;Autovettura privata;In marcia / fermata / arresto;Conducente;M;Illeso;0;;;
5672394;1;31/10/2021 14:00:00;Strada Urbana;LUNGOTEVERE AVENTINO;da specificare;;;;fronte civ. 8;Scontro laterale fra veicoli in marcia;Rettilineo;Una carreggiata a senso unico di marcia;Asciutto;Asfaltata;Assente;Nuvoloso;Scarso;Buona;;1;0;0;4;12.479;41.8855;-1;2;Autovettura privata;In marcia / fermata / arresto;Passeggero;M;Illeso;0;;;
5672394;1;31/10/2021 14:00:00;Strada Urbana;LUNGOTEVERE AVENTINO;da specificare;;;;fronte civ. 8;Scontro laterale fra veicoli in marcia;Rettilineo;Una carreggiata a senso unico di marcia;Asciutto;Asfaltata;Assente;Nuvoloso;Scarso;Buona;;1;0;0;4;12.479;41.8855;-1;2;Autovettura privata;In marcia / fermata / arresto;Passeggero;M;Illeso;0;;;
5672446;4;30/10/2021 12:20:00;Strada Urbana;VIA VAL DI NON;in corrispondenza;;del civico n.;58;;Tamponamento;Rettilineo;Due carreggiate;Asciutto;Asfaltata;Verticale ed orizzontale;Sereno;Normale;Buona;;0;0;0;2;12.5164;41.9438;0;1;Autovettura privata;In marcia / fermata / arresto;Passeggero;F;Illeso;0;;;
5672446;4;30/10/2021 12:20:00;Strada Urbana;VIA VAL DI NON;in corrispondenza;;del civico n.;58;;Tamponamento;Rettilineo;Due carreggiate;Asciutto;Asfaltata;Verticale ed orizzontale;Sereno;Normale;Buona;;0;0;0;2;12.5164;41.9438;0;1;Autovettura privata;In marcia / fermata / arresto;Conducente;F;Illeso;0;;;
5672446;4;30/10/2021 12:20:00;Strada Urbana;VIA VAL DI NON;in corrispondenza;;del civico n.;58;;Tamponamento;Rettilineo;Due carreggiate;Asciutto;Asfaltata;Verticale ed orizzontale;Sereno;Normale;Buona;;0;0;0;2;12.5164;41.9438;0;2;Autovettura privata;Allontanatosi;;;;;;;
5672452;1;28/10/2021 14:30:00;Strada Urbana;VIA SAN MARTINO DELLA BATTAGLIA;in corrispondenza;;del civico n.;25;;Veicolo in marcia contro veicolo in sosta;Rettilineo;Una carreggiata a doppio senso;Asciutto;Asfaltata;Verticale ed orizzontale;Sereno;Normale;Buona;;1;0;0;0;12.505;41.9057;-1;1;Velocipede;In marcia / fermata / arresto;Conducente;M;Ricoverato;0;NON DECEDUTO;Esente;
5672452;1;28/10/2021 14:30:00;Strada Urbana;VIA SAN MARTINO DELLA BATTAGLIA;in corrispondenza;;del civico n.;25;;Veicolo in marcia contro veicolo in sosta;Rettilineo;Una carreggiata a doppio senso;Asciutto;Asfaltata;Verticale ed orizzontale;Sereno;Normale;Buona;;1;0;0;0;12.505;41.9057;-1;2;Autovettura privata;Sosta;;;;;;;
5672454;4;30/10/2021 11:05:00;Provinciale;VIA NOMENTANA;all'intersezione con;VIA BONVESIN DE LA RIVA;VIA BONVESIN DE LA RIVA;;;Scontro frontale/laterale DX fra veicoli in marcia;Intersezione stradale segnalata;Una carreggiata a doppio senso;Asciutto;Asfaltata;Verticale ed orizzontale;Sereno;Normale;Buona;;0;0;0;2;12.5737;41.959;-1;1;Autovettura privata;In marcia / fermata / arresto;Conducente;M;Illeso;0;;;
5672454;4;30/10/2021 11:05:00;Provinciale;VIA NOMENTANA;all'intersezione con;VIA BONVESIN DE LA RIVA;VIA BONVESIN DE LA RIVA;;;Scontro frontale/laterale DX fra veicoli in marcia;Intersezione stradale segnalata;Una carreggiata a doppio senso;Asciutto;Asfaltata;Verticale ed orizzontale;Sereno;Normale;Buona;;0;0;0;2;12.5737;41.959;-1;2;Autovettura privata;In marcia / fermata / arresto;Conducente;F;Illeso;0;;;
5672465;4;30/10/2021 10:00:00;Strada Urbana;VIA DELLA BUFALOTTA;in corrispondenza;;del civico n.;358;;Veicolo in marcia contro ostacolo fisso;Rettilineo;Una carreggiata a doppio senso;Asciutto;Asfaltata;Verticale ed orizzontale;Sereno;Intenso;Buona;;0;0;0;1;12.5446;41.9537;-1;1;Autovettura privata;In marcia / fermata / arresto;Conducente;M;Illeso;0;;Non accertato;Inesploso
5672506;4;30/10/2021 20:20:00;Provinciale entro l'abitato;VIA NOMENTANA;all'intersezione con;VIA MONTE BIANCO;VIA MONTE BIANCO;;;Scontro laterale fra veicoli in marcia;Intersezione stradale segnalata;Una carreggiata a doppio senso;Asciutto;Asfaltata;Orizzontale;Sereno;Normale;Insufficiente;;2;0;0;4;12.5737;41.959;-1;1;Autovettura privata;In marcia / fermata / arresto;Passeggero;F;Rimandato;0;NON DECEDUTO;Non accertato;
5672506;4;30/10/2021 20:20:00;Provinciale entro l'abitato;VIA NOMENTANA;all'intersezione con;VIA MONTE BIANCO;VIA MONTE BIANCO;;;Scontro laterale fra veicoli in marcia;Intersezione stradale segnalata;Una carreggiata a doppio senso;Asciutto;Asfaltata;Orizzontale;Sereno;Normale;Insufficiente;;2;0;0;4;12.5737;41.959;-1;1;Autovettura privata;In marcia / fermata / arresto;Conducente;M;Rifiuta cure immediate;0;NON DECEDUTO;Non accertato;
5672506;4;30/10/2021 20:20:00;Provinciale entro l'abitato;VIA NOMENTANA;all'intersezione con;VIA MONTE BIANCO;VIA MONTE BIANCO;;;Scontro laterale fra veicoli in marcia;Intersezione stradale segnalata;Una carreggiata a doppio senso;Asciutto;Asfaltata;Orizzontale;Sereno;Normale;Insufficiente;;2;0;0;4;12.5737;41.959;-1;2;Autovettura privata;In marcia / fermata / arresto;Passeggero;M;Illeso;0;;Non accertato;
5672506;4;30/10/2021 20:20:00;Provinciale entro l'abitato;VIA NOMENTANA;all'intersezione con;VIA MONTE BIANCO;VIA MONTE BIANCO;;;Scontro laterale fra veicoli in marcia;Intersezione stradale segnalata;Una carreggiata a doppio senso;Asciutto;Asfaltata;Orizzontale;Sereno;Normale;Insufficiente;;2;0;0;4;12.5737;41.959;-1;2;Autovettura privata;In marcia / fermata / arresto;Passeggero;F;Illeso;0;;Non accertato;
5672506;4;30/10/2021 20:20:00;Provinciale entro l'abitato;VIA NOMENTANA;all'intersezione con;VIA MONTE BIANCO;VIA MONTE BIANCO;;;Scontro laterale fra veicoli in marcia;Intersezione stradale segnalata;Una carreggiata a doppio senso;Asciutto;Asfaltata;Orizzontale;Sereno;Normale;Insufficiente;;2;0;0;4;12.5737;41.959;-1;2;Autovettura privata;In marcia / fermata / arresto;Passeggero;F;Illeso;0;;Non accertato;
5672506;4;30/10/2021 20:20:00;Provinciale entro l'abitato;VIA NOMENTANA;all'intersezione con;VIA MONTE BIANCO;VIA MONTE BIANCO;;;Scontro laterale fra veicoli in marcia;Intersezione stradale segnalata;Una carreggiata a doppio senso;Asciutto;Asfaltata;Orizzontale;Sereno;Normale;Insufficiente;;2;0;0;4;12.5737;41.959;-1;2;Autovettura privata;In marcia / fermata / arresto;Conducente;M;Illeso;0;;Non accertato;
5672537;1;31/10/2021 21:50:00;Strada Urbana;VIA DI CAMPO MARZIO;in prossimit�;;del civico n.;49;;Veicolo in marcia contro veicolo in sosta;Rettilineo;Una carreggiata a senso unico di marcia;Asciutto;In cubetti di porfido;Verticale ed orizzontale;Nuvoloso;Scarso;Sufficiente;;0;0;0;1;12.4778;41.9028;-1;1;Autovettura pubblica;In marcia / fermata / arresto;Conducente;M;Illeso;0;;Non accertato;Inesploso
5672537;1;31/10/2021 21:50:00;Strada Urbana;VIA DI CAMPO MARZIO;in prossimit�;;del civico n.;49;;Veicolo in marcia contro veicolo in sosta;Rettilineo;Una carreggiata a senso unico di marcia;Asciutto;In cubetti di porfido;Verticale ed orizzontale;Nuvoloso;Scarso;Sufficiente;;0;0;0;1;12.4778;41.9028;-1;2;Autocarro inferiore 35 q.;Sosta;;;;;;;
5672541;4;31/10/2021 01:45:00;Provinciale entro l'abitato;VIA NOMENTANA;all'intersezione con;VIA ARTURO GRAF;VIA ARTURO GRAF;;;Scontro frontale/laterale SX fra veicoli in marcia;Intersezione semaforizzata;Una carreggiata a doppio senso;Asciutto;Asfaltata;Verticale ed orizzontale;Sereno;Scarso;Sufficiente;;0;0;0;2;12.5737;41.959;-1;1;Autovettura privata;In marcia / fermata / arresto;Conducente;M;Illeso;0;;;
5672541;4;31/10/2021 01:45:00;Provinciale entro l'abitato;VIA NOMENTANA;all'intersezione con;VIA ARTURO GRAF;VIA ARTURO GRAF;;;Scontro frontale/laterale SX fra veicoli in marcia;Intersezione semaforizzata;Una carreggiata a doppio senso;Asciutto;Asfaltata;Verticale ed orizzontale;Sereno;Scarso;Sufficiente;;0;0;0;2;12.5737;41.959;-1;2;Autovettura privata;In marcia / fermata / arresto;Conducente;M;Illeso;0;;;
5672560;4;31/10/2021 18:15:00;Statale entro l'abitato;VIA SALARIA;da specificare;;;;PROSSIMIT� FRONTE CIV. 1410;Investimento di pedone;Rettilineo;Una carreggiata a doppio senso;Asciutto;Asfaltata;Orizzontale;Nuvoloso;Normale;Sufficiente;;1;0;0;2;12.5115;41.9873;-1;;;;Pedone;M;Rimandato;0;NON DECEDUTO;;
5672560;4;31/10/2021 18:15:00;Statale entro l'abitato;VIA SALARIA;da specificare;;;;PROSSIMIT� FRONTE CIV. 1410;Investimento di pedone;Rettilineo;Una carreggiata a doppio senso;Asciutto;Asfaltata;Orizzontale;Nuvoloso;Normale;Sufficiente;;1;0;0;2;12.5115;41.9873;-1;1;Autovettura privata;In marcia / fermata / arresto;Conducente;M;Illeso;0;;Non accertato;
5672560;4;31/10/2021 18:15:00;Statale entro l'abitato;VIA SALARIA;da specificare;;;;PROSSIMIT� FRONTE CIV. 1410;Investimento di pedone;Rettilineo;Una carreggiata a doppio senso;Asciutto;Asfaltata;Orizzontale;Nuvoloso;Normale;Sufficiente;;1;0;0;2;12.5115;41.9873;-1;1;Autovettura privata;In marcia / fermata / arresto;Passeggero;M;Illeso;0;;Non accertato;Inesploso