Protocollo;Gruppo;DataOraIncidente;Localizzazione1;STRADA1;Localizzazione2;STRADA2;Strada02;Chilometrica;DaSpecificare;NaturaIncidente;particolaritastrade;TipoStrada;FondoStradale;Pavimentazione;Segnaletica;CondizioneAtmosferica;Traffico;Visibilita;Illuminazione;NUM_FERITI;NUM_RISERVATA;NUM_MORTI;NUM_ILLESI;Longitudine;Latitudine;Confermato;Progressivo;TipoVeicolo;StatoVeicolo;TipoPersona;Sesso;Tipolesione;Deceduto;DecedutoDopo;CinturaCascoUtilizzato;Airbag;
5672644;6;29/10/2021 19:00:00;Strada Urbana;VIA TOR DE' SCHIAVI;in prossimit�;;del civico n.;365;;Scontro laterale fra veicoli in marcia;Rettilineo;Due carreggiate;Asciutto;Asfaltata;Verticale ed orizzontale;Sereno;Intenso;Buona;;0;0;0;2;12.5595;41.8932;-1;1;Autocarro inferiore 35 q.;In marcia / fermata / arresto;Conducente;M;Illeso;0;;Non accertato;
5672644;6;29/10/2021 19:00:00;Strada Urbana;VIA TOR DE' SCHIAVI;in prossimit�;;del civico n.;365;;Scontro laterale fra veicoli in marcia;Rettilineo;Due carreggiate;Asciutto;Asfaltata;Verticale ed orizzontale;Sereno;Intenso;Buona;;0;0;0;2;12.5595;41.8932;-1;2;Autovettura privata;In marcia / fermata / arresto;Conducente;F;Illeso;0;;;
5672646;1;31/10/2021 18:05:00;Strada Urbana;PIAZZA DI PORTA CAPENA;all'intersezione con;VIALE DEL PARCO DEL CELIO;VIALE DEL PARCO DEL CELIO;;;Veicolo in marcia contro ostacolo accidentale;Incrocio;Una carreggiata a senso unico di marcia;Asciutto;Asfaltata;Verticale ed orizzontale;Sereno;Normale;Sufficiente;;0;0;0;1;12.4895;41.8842;-1;1;Autovettura privata;In marcia / fermata / arresto;Conducente;M;Illeso;0;;;
5672654;6;30/10/2021;Strada Urbana;VIA PRENESTINA;in prossimit�;;del civico n.;362b;;Veicolo in marcia contro veicolo in sosta;Rettilineo;Pi� di due carreggiate;Asciutto;Asfaltata;Verticale ed orizzontale;Nuvoloso;Normale;Sufficiente;;0;0;0;0;12.5553;41.8939;-1;2;Autovettura privata;Sosta;;;;;;;
5672659;6;30/10/2021 11:48:00;Strada Urbana;VIA FEDERICO DELPINO;all'intersezione semaforizzata con;VIA TOR DE' SCHIAVI;VIA TOR DE' SCHIAVI;;;Scontro laterale fra veicoli in marcia;Intersezione semaforizzata;Due carreggiate;Asciutto;Asfaltata;Verticale ed orizzontale;Sereno;Normale;Buona;;0;0;0;4;12.5607;41.8907;-1;1;Motociclo a solo;In marcia / fermata / arresto;Conducente;M;Illeso;0;;;
5672659;6;30/10/2021 11:48:00;Strada Urbana;VIA FEDERICO DELPINO;all'intersezione semaforizzata con;VIA TOR DE' SCHIAVI;VIA TOR DE' SCHIAVI;;;Scontro laterale fra veicoli in marcia;Intersezione semaforizzata;Due carreggiate;Asciutto;Asfaltata;Verticale ed orizzontale;Sereno;Normale;Buona;;0;0;0;4;12.5607;41.8907;-1;2;Autovettura privata;In marcia / fermata / arresto;Passeggero;M;Illeso;0;;Non accertato;Inesploso
5672659;6;30/10/2021 11:48:00;Strada Urbana;VIA FEDERICO DELPINO;all'intersezione semaforizzata con;VIA TOR DE' SCHIAVI;VIA TOR DE' SCHIAVI;;;Scontro laterale fra veicoli in marcia;Intersezione semaforizzata;Due carreggiate;Asciutto;Asfaltata;Verticale ed orizzontale;Sereno;Normale;Buona;;0;0;0;4;12.5607;41.8907;-1;2;Autovettura privata;In marcia / fermata / arresto;Passeggero;M;Illeso;0;;Non accertato;Inesploso
5672659;6;30/10/2021 11:48:00;Strada Urbana;VIA FEDERICO DELPINO;all'intersezione semaforizzata con;VIA TOR DE' SCHIAVI;VIA TOR DE' SCHIAVI;;;Scontro laterale fra veicoli in marcia;Intersezione semaforizzata;Due carreggiate;Asciutto;Asfaltata;Verticale ed orizzontale;Sereno;Normale;Buona;;0;0;0;4;12.5607;41.8907;-1;2;Autovettura privata;In marcia / fermata / arresto;Conducente;M;Illeso;0;;;
5672689;6;30/10/2021 17:50:00;Strada Urbana;VIA GABRIO SERBELLONI;in prossimit�;;del civico n.;67;;Veicolo in marcia contro veicolo in sosta;Rettilineo;Una carreggiata a senso unico di marcia;Asciutto;Asfaltata;Verticale ed orizzontale;Sereno;Scarso;Buona;;0;0;0;1;12.5411;41.8788;-1;1;Autocarro inferiore 35 q.;In marcia / fermata / arresto;Conducente;M;Illeso;0;;Non accertato;Inesploso
5672689;6;30/10/2021 17:50:00;Strada Urbana;VIA GABRIO SERBELLONI;in prossimit�;;del civico n.;67;;Veicolo in marcia contro veicolo in sosta;Rettilineo;Una carreggiata a senso unico di marcia;Asciutto;Asfaltata;Verticale ed orizzontale;Sereno;Scarso;Buona;;0;0;0;1;12.5411;41.8788;-1;2;Autocarro inferiore 35 q.;Sosta;;;;;;;
5672710;6;30/10/2021 21:50:00;Strada Urbana;VIA TOR DE' SCHIAVI;all'intersezione con;VIA ALATRI;VIA ALATRI;;;Scontro frontale/laterale DX fra veicoli in marcia;Intersezione stradale segnalata;Una carreggiata a senso unico di marcia;Asciutto;Asfaltata;Assente;Sereno;Scarso;Sufficiente;;0;0;0;5;12.5594;41.8935;-1;1;Autovettura privata;In marcia / fermata / arresto;Conducente;M;Illeso;0;;Non accertato;Inesploso
5672710;6;30/10/2021 21:50:00;Strada Urbana;VIA TOR DE' SCHIAVI;all'intersezione con;VIA ALATRI;VIA ALATRI;;;Scontro frontale/laterale DX fra veicoli in marcia;Intersezione stradale segnalata;Una carreggiata a senso unico di marcia;Asciutto;Asfaltata;Assente;Sereno;Scarso;Sufficiente;;0;0;0;5;12.5594;41.8935;-1;1;Autovettura privata;In marcia / fermata / arresto;Passeggero;F;Illeso;0;;;
5672710;6;30/10/2021 21:50:00;Strada Urbana;VIA TOR DE' SCHIAVI;all'intersezione con;VIA ALATRI;VIA ALATRI;;;Scontro frontale/laterale DX fra veicoli in marcia;Intersezione stradale segnalata;Una carreggiata a senso unico di marcia;Asciutto;Asfaltata;Assente;Sereno;Scarso;Sufficiente;;0;0;0;5;12.5594;41.8935;-1;2;Autovettura privata;In marcia / fermata / arresto;Passeggero;M;Illeso;0;;;
5672710;6;30/10/2021 21:50:00;Strada Urbana;VIA TOR DE' SCHIAVI;all'intersezione con;VIA ALATRI;VIA ALATRI;;;Scontro frontale/laterale DX fra veicoli in marcia;Intersezione stradale segnalata;Una carreggiata a senso unico di marcia;Asciutto;Asfaltata;Assente;Sereno;Scarso;Sufficiente;;0;0;0;5;12.5594;41.8935;-1;2;Autovettura privata;In marcia / fermata / arresto;Conducente;M;Illeso;0;;Non accertato;Inesploso
5672710;6;30/10/2021 21:50:00;Strada Urbana;VIA TOR DE' SCHIAVI;all'intersezione con;VIA ALATRI;VIA ALATRI;;;Scontro frontale/laterale DX fra veicoli in marcia;Intersezione stradale segnalata;Una carreggiata a senso unico di marcia;Asciutto;Asfaltata;Assente;Sereno;Scarso;Sufficiente;;0;0;0;5;12.5594;41.8935;-1;2;Autovettura privata;In marcia / fermata / arresto;Passeggero;M;Illeso;0;;;
5672717;7;29/10/2021 18:15:00;Strada Urbana;VIA ACHILLE VERTUNNI;in prossimit�;;del civico n.;52;;Veicolo in marcia contro ostacolo fisso;Rettilineo;Una carreggiata a doppio senso;Asciutto;Asfaltata;Verticale ed orizzontale;Sereno;Normale;Sufficiente;;0;0;0;3;12.6146;41.9072;-1;1;Autovettura privata;In marcia / fermata / arresto;Passeggero;F;Illeso;0;;;
5672717;7;29/10/2021 18:15:00;Strada Urbana;VIA ACHILLE VERTUNNI;in prossimit�;;del civico n.;52;;Veicolo in marcia contro ostacolo fisso;Rettilineo;Una carreggiata a doppio senso;Asciutto;Asfaltata;Verticale ed orizzontale;Sereno;Normale;Sufficiente;;0;0;0;3;12.6146;41.9072;-1;1;Autovettura privata;In marcia / fermata / arresto;Passeggero;F;Illeso;0;;;
5672717;7;29/10/2021 18:15:00;Strada Urbana;VIA ACHILLE VERTUNNI;in prossimit�;;del civico n.;52;;Veicolo in marcia contro ostacolo fisso;Rettilineo;Una carreggiata a doppio senso;Asciutto;Asfaltata;Verticale ed orizzontale;Sereno;Normale;Sufficiente;;0;0;0;3;12.6146;41.9072;-1;1;Autovettura privata;In marcia / fermata / arresto;Conducente;M;Illeso;0;;;
5672720;6;30/10/2021 20:30:00;Strada Urbana;VIA TOR DE' SCHIAVI;in prossimit�;;del civico n.;274;;Veicolo in marcia contro veicolo fermo;Rettilineo;Due carreggiate;Asciutto;Asfaltata;Assente;Sereno;Normale;Buona;;1;0;0;1;12.5612;41.8854;-1;1;Autovettura privata;In marcia / fermata / arresto;Conducente;M;Rifiuta cure immediate;0;NON DECEDUTO;Non accertato;Inesploso
5672720;6;30/10/2021 20:30:00;Strada Urbana;VIA TOR DE' SCHIAVI;in prossimit�;;del civico n.;274;;Veicolo in marcia contro veicolo fermo;Rettilineo;Due carreggiate;Asciutto;Asfaltata;Assente;Sereno;Normale;Buona;;1;0;0;1;12.5612;41.8854;-1;1;Autovettura privata;In marcia / fermata / arresto;Passeggero;F;Illeso;0;;Non accertato;Inesploso
5672720;6;30/10/2021 20:30:00;Strada Urbana;VIA TOR DE' SCHIAVI;in prossimit�;;del civico n.;274;;Veicolo in marcia contro veicolo fermo;Rettilineo;Due carreggiate;Asciutto;Asfaltata;Assente;Sereno;Normale;Buona;;1;0;0;1;12.5612;41.8854;-1;2;Autovettura privata;Sosta;;;;;;;
5672720;6;30/10/2021 20:30:00;Strada Urbana;VIA TOR DE' SCHIAVI;in prossimit�;;del civico n.;274;;Veicolo in marcia contro veicolo fermo;Rettilineo;Due carreggiate;Asciutto;Asfaltata;Assente;Sereno;Normale;Buona;;1;0;0;1;12.5612;41.8854;-1;3;Autovettura privata;Allontanatosi;;;;;;;
5672734;6;31/10/2021 21:32:00;Strada Urbana;VIA DI TOR PIGNATTARA;all'intersezione con;VIA PIETRO ROVETTI;VIA PIETRO ROVETTI;;;Scontro frontale/laterale SX fra veicoli in marcia;Intersezione semaforizzata;Una carreggiata a doppio senso;Bagnato (pioggia);Asfaltata;Verticale ed orizzontale;Pioggia in atto;Normale;Sufficiente;;1;0;0;1;12.5419;41.8781;-1;1;Autovettura privata;In marcia / fermata / arresto;Conducente;M;Illeso;0;;Non accertato;Inesploso
5672734;6;31/10/2021 21:32:00;Strada Urbana;VIA DI TOR PIGNATTARA;all'intersezione con;VIA PIETRO ROVETTI;VIA PIETRO ROVETTI;;;Scontro frontale/laterale SX fra veicoli in marcia;Intersezione semaforizzata;Una carreggiata a doppio senso;Bagnato (pioggia);Asfaltata;Verticale ed orizzontale;Pioggia in atto;Normale;Sufficiente;;1;0;0;1;12.5419;41.8781;-1;2;Motociclo a solo;In marcia / fermata / arresto;Conducente;M;Rimandato;0;NON DECEDUTO;;
5672792;7;29/10/2021 18:45:00;Strada Urbana;VIALE PALMIRO TOGLIATTI;all'intersezione con;VIA CASILINA;VIA CASILINA;;;Scontro laterale fra veicoli in marcia;Incrocio;Due carreggiate;Asciutto;Asfaltata;Verticale ed orizzontale;Sereno;Normale;Sufficiente;;0;0;0;2;12.5699;41.8739;-1;1;Autovettura privata;In marcia / fermata / arresto;Conducente;M;Illeso;0;;;
5672792;7;29/10/2021 18:45:00;Strada Urbana;VIALE PALMIRO TOGLIATTI;all'intersezione con;VIA CASILINA;VIA CASILINA;;;Scontro laterale fra veicoli in marcia;Incrocio;Due carreggiate;Asciutto;Asfaltata;Verticale ed orizzontale;Sereno;Normale;Sufficiente;;0;0;0;2;12.5699;41.8739;-1;2;Autovettura privata;In marcia / fermata / arresto;Conducente;M;Illeso;0;;;
5672817;7;30/10/2021 10:10:00;Strada Urbana;VIA PRENESTINA;in corrispondenza;;del civico n.;1530;;Tamponamento;Rettilineo;Una carreggiata a doppio senso;Asciutto;Asfaltata;Orizzontale;Sereno;Normale;Buona;;1;0;0;1;12.6657;41.8907;0;1;Motociclo a solo;In marcia / fermata / arresto;Conducente;M;Rimandato;0;NON DECEDUTO;Non accertato;Inesploso
5672817;7;30/10/2021 10:10:00;Strada Urbana;VIA PRENESTINA;in corrispondenza;;del civico n.;1530;;Tamponamento;Rettilineo;Una carreggiata a doppio senso;Asciutto;Asfaltata;Orizzontale;Sereno;Normale;Buona;;1;0;0;1;12.6657;41.8907;0;2;Autovettura privata;In marcia / fermata / arresto;Conducente;F;Illeso;0;;Non accertato;Inesploso
5673128;4;31/10/2021 23:20:00;Strada Urbana;VIA TIBURTINA;in prossimit�;;del civico n.;916;;Scontro laterale fra veicoli in marcia;Rettilineo;Due carreggiate;Bagnato (pioggia);Asfaltata;Verticale ed orizzontale;Pioggia in atto;Scarso;Sufficiente;;1;0;0;1;12.5711;41.9242;-1;1;Motociclo a solo;In marcia / fermata / arresto;Conducente;M;Rimandato;0;NON DECEDUTO;;
5673128;4;31/10/2021 23:20:00;Strada Urbana;VIA TIBURTINA;in prossimit�;;del civico n.;916;;Scontro laterale fra veicoli in marcia;Rettilineo;Due carreggiate;Bagnato (pioggia);Asfaltata;Verticale ed orizzontale;Pioggia in atto;Scarso;Sufficiente;;1;0;0;1;12.5711;41.9242;-1;2;Autovettura privata;In marcia / fermata / arresto;Conducente;M;Illeso;0;;;
5673142;8;31/10/2021 12:30:00;Strada Urbana;VIA DEL TORRACCIO DI TORRENOVA;all'intersezione con;VIA CRISTOFANO ROBETTA;VIA CRISTOFANO ROBETTA;;;Scontro frontale/laterale SX fra veicoli in marcia;Incrocio;Una carreggiata a doppio senso;Asciutto;Asfaltata;Verticale ed orizzontale;Nuvoloso;Scarso;Buona;;0;0;0;3;12.6274;41.867;-1;1;Autovettura privata;In marcia / fermata / arresto;Conducente;M;Illeso;0;;;
5673142;8;31/10/2021 12:30:00;Strada Urbana;VIA DEL TORRACCIO DI TORRENOVA;all'intersezione con;VIA CRISTOFANO ROBETTA;VIA CRISTOFANO ROBETTA;;;Scontro frontale/laterale SX fra veicoli in marcia;Incrocio;Una carreggiata a doppio senso;Asciutto;Asfaltata;Verticale ed orizzontale;Nuvoloso;Scarso;Buona;;0;0;0;3;12.6274;41.867;-1;1;Autovettura privata;In marcia / fermata / arresto;Passeggero;F;Illeso;0;;;Inesploso
5673142;8;31/10/2021 12:30:00;Strada Urbana;VIA DEL TORRACCIO DI TORRENOVA;all'intersezione con;VIA CRISTOFANO ROBETTA;VIA CRISTOFANO ROBETTA;;;Scontro frontale/laterale SX fra veicoli in marcia;Incrocio;Una carreggiata a doppio senso;Asciutto;Asfaltata;Verticale ed orizzontale;Nuvoloso;Scarso;Buona;;0;0;0;3;12.6274;41.867;-1;2;Autovettura privata;In marcia / fermata / arresto;Conducente;M;Illeso;0;;;
5673148;12;31/10/2021 19:05:00;Strada Urbana;VIA DEI MOTORISTI;in corrispondenza;;del civico n.;59;;Investimento di pedone;Rettilineo;Una carreggiata a senso unico di marcia;Asciutto;Asfaltata;Orizzontale;Sereno;Scarso;Buona;;1;0;0;1;12.4928;41.8167;-1;;;;Pedone;M;Rimandato;0;NON DECEDUTO;;
5673148;12;31/10/2021 19:05:00;Strada Urbana;VIA DEI MOTORISTI;in corrispondenza;;del civico n.;59;;Investimento di pedone;Rettilineo;Una carreggiata a senso unico di marcia;Asciutto;Asfaltata;Orizzontale;Sereno;Scarso;Buona;;1;0;0;1;12.4928;41.8167;-1;1;Autovettura privata;In marcia / fermata / arresto;Conducente;F;Illeso;0;;Utilizzato;Inesploso
5673155;11;31/10/2021 09:00:00;Strada Urbana;VIA DI GROTTA PERFETTA;all'intersezione con;VIA POGGIO AMENO;VIA POGGIO AMENO;;;Scontro frontale/laterale SX fra veicoli in marcia;Intersezione stradale segnalata;Una carreggiata a doppio senso;Asciutto;Asfaltata;Verticale ed orizzontale;Sereno;Scarso;Buona;;0;0;0;2;12.4888;41.8468;-1;1;Autovettura privata;In marcia / fermata / arresto;Conducente;M;Illeso;0;;;
5673155;11;31/10/2021 09:00:00;Strada Urbana;VIA DI GROTTA PERFETTA;all'intersezione con;VIA POGGIO AMENO;VIA POGGIO AMENO;;;Scontro frontale/laterale SX fra veicoli in marcia;Intersezione stradale segnalata;Una carreggiata a doppio senso;Asciutto;Asfaltata;Verticale ed orizzontale;Sereno;Scarso;Buona;;0;0;0;2;12.4888;41.8468;-1;2;Autovettura privata;In marcia / fermata / arresto;Conducente;M;Illeso;0;;;
5673155;11;31/10/2021 09:00:00;Strada Urbana;VIA DI GROTTA PERFETTA;all'intersezione con;VIA POGGIO AMENO;VIA POGGIO AMENO;;;Scontro frontale/laterale SX fra veicoli in marcia;Intersezione stradale segnalata;Una carreggiata a doppio senso;Asciutto;Asfaltata;Verticale ed orizzontale;Sereno;Scarso;Buona;;0;0;0;2;12.4888;41.8468;-1;3;Autovettura privata;Sosta;;;;;;;
5673163;12;31/10/2021 17:30:00;Strada Urbana;VIALE ROMUALDO CHIESA;all'intersezione con;VIALE CAMILLO SABATINI;VIALE CAMILLO SABATINI;;;Investimento di pedone;Intersezione semaforizzata;Una carreggiata a doppio senso;Asciutto;Asfaltata;Verticale ed orizzontale;Nuvoloso;Scarso;Insufficiente;;1;0;0;1;12.4417;41.8194;-1;;;;Pedone;M;Rimandato;0;NON DECEDUTO;;
5673163;12;31/10/2021 17:30:00;Strada Urbana;VIALE ROMUALDO CHIESA;all'intersezione con;VIALE CAMILLO SABATINI;VIALE CAMILLO SABATINI;;;Investimento di pedone;Intersezione semaforizzata;Una carreggiata a doppio senso;Asciutto;Asfaltata;Verticale ed orizzontale;Nuvoloso;Scarso;Insufficiente;;1;0;0;1;12.4417;41.8194;-1;1;Autovettura privata;In marcia / fermata / arresto;Conducente;F;Illeso;0;;Non accertato;Inesploso
5673180;8;31/10/2021 17:30:00;Strada Urbana;VIA LAERTE;in corrispondenza;;del palo luce n.;1;;Veicolo in marcia contro veicolo in sosta;Rettilineo;Una carreggiata a doppio senso;Asciutto;Asfaltata;Assente;Sereno;Scarso;Buona;;0;0;0;2;12.6156;41.8696;-1;1;Autovettura privata;Sosta;;;;;;;
5673180;8;31/10/2021 17:30:00;Strada Urbana;VIA LAERTE;in corrispondenza;;del palo luce n.;1;;Veicolo in marcia contro veicolo in sosta;Rettilineo;Una carreggiata a doppio senso;Asciutto;Asfaltata;Assente;Sereno;Scarso;Buona;;0;0;0;2;12.6156;41.8696;-1;2;Autovettura privata;In marcia / fermata / arresto;Conducente;M;Illeso;0;;Non accertato;Inesploso
5673180;8;31/10/2021 17:30:00;Strada Urbana;VIA LAERTE;in corrispondenza;;del palo luce n.;1;;Veicolo in marcia contro veicolo in sosta;Rettilineo;Una carreggiata a doppio senso;Asciutto;Asfaltata;Assente;Sereno;Scarso;Buona;;0;0;0;2;12.6156;41.8696;-1;2;Autovettura privata;In marcia / fermata / arresto;Passeggero;M;Illeso;0;;Non accertato;Inesploso
5673185;12;31/10/2021 19:50:00;Provinciale entro l'abitato;VIA DEL MARE;da specificare;;;;pross. palo Acea n. 6 -200 mt da Via dei Cocchieri;Tamponamento Multiplo;Rettilineo;Una carreggiata a doppio senso;Asciutto;Asfaltata;Verticale ed orizzontale;Nuvoloso;Normale;Sufficiente;;2;0;0;4;12.4632;41.8403;-1;1;Autovettura privata;In marcia / fermata / arresto;Passeggero;F;Illeso;0;;;
5673185;12;31/10/2021 19:50:00;Provinciale entro l'abitato;VIA DEL MARE;da specificare;;;;pross. palo Acea n. 6 -200 mt da Via dei Cocchieri;Tamponamento Multiplo;Rettilineo;Una carreggiata a doppio senso;Asciutto;Asfaltata;Verticale ed orizzontale;Nuvoloso;Normale;Sufficiente;;2;0;0;4;12.4632;41.8403;-1;1;Autovettura privata;In marcia / fermata / arresto;Conducente;F;Illeso;0;;;
5673185;12;31/10/2021 19:50:00;Provinciale entro l'abitato;VIA DEL MARE;da specificare;;;;pross. palo Acea n. 6 -200 mt da Via dei Cocchieri;Tamponamento Multiplo;Rettilineo;Una carreggiata a doppio senso;Asciutto;Asfaltata;Verticale ed orizzontale;Nuvoloso;Normale;Sufficiente;;2;0;0;4;12.4632;41.8403;-1;2;Autovettura privata;In marcia / fermata / arresto;Passeggero;M;Rimandato;0;NON DECEDUTO;;
5673185;12;31/10/2021 19:50:00;Provinciale entro l'abitato;VIA DEL MARE;da specificare;;;;pross. palo Acea n. 6 -200 mt da Via dei Cocchieri;Tamponamento Multiplo;Rettilineo;Una carreggiata a doppio senso;Asciutto;Asfaltata;Verticale ed orizzontale;Nuvoloso;Normale;Sufficiente;;2;0;0;4;12.4632;41.8403;-1;2;Autovettura privata;In marcia / fermata / arresto;Conducente;M;Rimandato;0;NON DECEDUTO;;
5673185;12;31/10/2021 19:50:00;Provinciale entro l'abitato;VIA DEL MARE;da specificare;;;;pross. palo Acea n. 6 -200 mt da Via dei Cocchieri;Tamponamento Multiplo;Rettilineo;Una carreggiata a doppio senso;Asciutto;Asfaltata;Verticale ed orizzontale;Nuvoloso;Normale;Sufficiente;;2;0;0;4;12.4632;41.8403;-1;3;Autovettura privata;In marcia / fermata / arresto;Conducente;M;Illeso;0;;;
5673185;12;31/10/2021 19:50:00;Provinciale entro l'abitato;VIA DEL MARE;da specificare;;;;pross. palo Acea n. 6 -200 mt da Via dei Cocchieri;Tamponamento Multiplo;Rettilineo;Una carreggiata a doppio senso;Asciutto;Asfaltata;Verticale ed orizzontale;Nuvoloso;Normale;Sufficiente;;2;0;0;4;12.4632;41.8403;-1;3;Autovettura privata;In marcia / fermata / arresto;Passeggero;F;Illeso;0;;;
5673219;18;29/10/2021 17:00:00;Strada Urbana;VIA GREGORIO XI;da specificare;;;;fronte civico 335;Scontro laterale fra veicoli in marcia;Rettilineo;Una carreggiata a doppio senso;Asciutto;Asfaltata;Verticale;Sereno;Normale;Buona;;0;0;0;3;12.4067;41.892;-1;1;Autovettura privata;In marcia / fermata / arresto;Conducente;F;Illeso;0;;Non accertato;Inesploso
5673219;18;29/10/2021 17:00:00;Strada Urbana;VIA GREGORIO XI;da specificare;;;;fronte civico 335;Scontro laterale fra veicoli in marcia;Rettilineo;Una carreggiata a doppio senso;Asciutto;Asfaltata;Verticale;Sereno;Normale;Buona;;0;0;0;3;12.4067;41.892;-1;2;Autovettura privata;In marcia / fermata / arresto;Conducente;M;Illeso;0;;Non accertato;Inesploso
5673219;18;29/10/2021 17:00:00;Strada Urbana;VIA GREGORIO XI;da specificare;;;;fronte civico 335;Scontro laterale fra veicoli in marcia;Rettilineo;Una carreggiata a doppio senso;Asciutto;Asfaltata;Verticale;Sereno;Normale;Buona;;0;0;0;3;12.4067;41.892;-1;2;Autovettura privata;In marcia / fermata / arresto;Passeggero;F;Illeso;0;;Non accertato;Inesploso
5673225;11;31/10/2021 12:00:00;Strada Urbana;VIA DELLE SETTE CHIESE;all'intersezione con;VIA LEON PANCALDO;VIA LEON PANCALDO;;;Scontro laterale fra veicoli in marcia;Intersezione semaforizzata;Una carreggiata a senso unico di marcia;Asciutto;Asfaltata;Verticale ed orizzontale;Sereno;Intenso;Buona;;0;0;0;2;12.4941;41.8601;-1;1;Autovettura privata;In marcia / fermata / arresto;Conducente;M;Illeso;0;;Non accertato;
5673225;11;31/10/2021 12:00:00;Strada Urbana;VIA DELLE SETTE CHIESE;all'intersezione con;VIA LEON PANCALDO;VIA LEON PANCALDO;;;Scontro laterale fra veicoli in marcia;Intersezione semaforizzata;Una carreggiata a senso unico di marcia;Asciutto;Asfaltata;Verticale ed orizzontale;Sereno;Intenso;Buona;;0;0;0;2;12.4941;41.8601;-1;2;Autovettura privata;In marcia / fermata / arresto;Conducente;M;Illeso;0;;Non accertato;
5673271;18;30/10/2021 14:25:00;Strada Urbana;VIA DI CASAL SELCE;in prossimit�;;del civico n.;332;;Scontro frontale/laterale DX fra veicoli in marcia;Rettilineo;Una carreggiata a doppio senso;Asciutto;Asfaltata;Verticale;Sereno;Normale;Buona;;1;0;0;2;12.3514;41.9121;-1;1;Autovettura privata;In marcia / fermata / arresto;Passeggero;F;Illeso;0;;Non accertato;Inesploso
5673271;18;30/10/2021 14:25:00;Strada Urbana;VIA DI CASAL SELCE;in prossimit�;;del civico n.;332;;Scontro frontale/laterale DX fra veicoli in marcia;Rettilineo;Una carreggiata a doppio senso;Asciutto;Asfaltata;Verticale;Sereno;Normale;Buona;;1;0;0;2;12.3514;41.9121;-1;1;Autovettura privata;In marcia / fermata / arresto;Conducente;M;Illeso;0;;Non accertato;Inesploso
5673271;18;30/10/2021 14:25:00;Strada Urbana;VIA DI CASAL SELCE;in prossimit�;;del civico n.;332;;Scontro frontale/laterale DX fra veicoli in marcia;Rettilineo;Una carreggiata a doppio senso;Asciutto;Asfaltata;Verticale;Sereno;Normale;Buona;;1;0;0;2;12.3514;41.9121;-1;2;Motociclo a solo;In marcia / fermata / arresto;Conducente;M;Rimandato;0;NON DECEDUTO;Non accertato;
5673278;5;31/10/2021 22:10:00;Strada Urbana;VIA DI ACQUA BULLICANTE;all'intersezione semaforizzata con;VIA AVERSA;VIA AVERSA;;;Scontro frontale/laterale SX fra veicoli in marcia;Intersezione semaforizzata;Una carreggiata a doppio senso;Asciutto;Asfaltata;Verticale ed orizzontale;Nuvoloso;Normale;Sufficiente;;2;0;0;3;12.5419;41.8911;-1;1;Autovettura privata;In marcia / fermata / arresto;Passeggero;M;Illeso;0;;Non accertato;Inesploso
5673278;5;31/10/2021 22:10:00;Strada Urbana;VIA DI ACQUA BULLICANTE;all'intersezione semaforizzata con;VIA AVERSA;VIA AVERSA;;;Scontro frontale/laterale SX fra veicoli in marcia;Intersezione semaforizzata;Una carreggiata a doppio senso;Asciutto;Asfaltata;Verticale ed orizzontale;Nuvoloso;Normale;Sufficiente;;2;0;0;3;12.5419;41.8911;-1;1;Autovettura privata;In marcia / fermata / arresto;Conducente;F;Rimandato;0;NON DECEDUTO;Non accertato;Inesploso
5673278;5;31/10/2021 22:10:00;Strada Urbana;VIA DI ACQUA BULLICANTE;all'intersezione semaforizzata con;VIA AVERSA;VIA AVERSA;;;Scontro frontale/laterale SX fra veicoli in marcia;Intersezione semaforizzata;Una carreggiata a doppio senso;Asciutto;Asfaltata;Verticale ed orizzontale;Nuvoloso;Normale;Sufficiente;;2;0;0;3;12.5419;41.8911;-1;1;Autovettura privata;In marcia / fermata / arresto;Passeggero;M;Rimandato;0;NON DECEDUTO;Non accertato;Inesploso
5673278;5;31/10/2021 22:10:00;Strada Urbana;VIA DI ACQUA BULLICANTE;all'intersezione semaforizzata con;VIA AVERSA;VIA AVERSA;;;Scontro frontale/laterale SX fra veicoli in marcia;Intersezione semaforizzata;Una carreggiata a doppio senso;Asciutto;Asfaltata;Verticale ed orizzontale;Nuvoloso;Normale;Sufficiente;;2;0;0;3;12.5419;41.8911;-1;2;Autovettura privata;In marcia / fermata / arresto;Conducente;M;Illeso;0;;Non accertato;Inesploso
5673278;5;31/10/2021 22:10:00;Strada Urbana;VIA DI ACQUA BULLICANTE;all'intersezione semaforizzata con;VIA AVERSA;VIA AVERSA;;;Scontro frontale/laterale SX fra veicoli in marcia;Intersezione semaforizzata;Una carreggiata a doppio senso;Asciutto;Asfaltata;Verticale ed orizzontale;Nuvoloso;Normale;Sufficiente;;2;0;0;3;12.5419;41.8911;-1;2;Autovettura privata;In marcia / fermata / arresto;Passeggero;M;Illeso;0;;Non accertato;Inesploso