Protocollo;Gruppo;DataOraIncidente;Localizzazione1;STRADA1;Localizzazione2;STRADA2;Strada02;Chilometrica;DaSpecificare;NaturaIncidente;particolaritastrade;TipoStrada;FondoStradale;Pavimentazione;Segnaletica;CondizioneAtmosferica;Traffico;Visibilita;Illuminazione;NUM_FERITI;NUM_RISERVATA;NUM_MORTI;NUM_ILLESI;Longitudine;Latitudine;Confermato;Progressivo;TipoVeicolo;StatoVeicolo;TipoPersona;Sesso;Tipolesione;Deceduto;DecedutoDopo;CinturaCascoUtilizzato;Airbag;
5674023;3;29/10/2021 14:00:00;Strada Urbana;VIALE DELL'UNIVERSITA';all'intersezione con;VIALE DELLE SCIENZE;VIALE DELLE SCIENZE;;;Scontro frontale/laterale DX fra veicoli in marcia;Intersezione semaforizzata;Due carreggiate;Asciutto;Asfaltata;Verticale ed orizzontale;Sereno;Normale;Buona;;1;0;0;1;12.5109;41.904;-1;1;Autovettura privata;In marcia / fermata / arresto;Conducente;M;Illeso;0;;;
5674023;3;29/10/2021 14:00:00;Strada Urbana;VIALE DELL'UNIVERSITA';all'intersezione con;VIALE DELLE SCIENZE;VIALE DELLE SCIENZE;;;Scontro frontale/laterale DX fra veicoli in marcia;Intersezione semaforizzata;Due carreggiate;Asciutto;Asfaltata;Verticale ed orizzontale;Sereno;Normale;Buona;;1;0;0;1;12.5109;41.904;-1;2;Motociclo a solo;In marcia / fermata / arresto;Conducente;M;Ricoverato;0;NON DECEDUTO;;
5674045;17;30/10/2021 03:10:00;Strada Urbana;LUNGOTEVERE DELLA VITTORIA;all'intersezione semaforizzata con;VIA TIMAVO;VIA TIMAVO;;;Veicolo in marcia contro ostacolo fisso;Intersezione semaforizzata;Una carreggiata a doppio senso;Asciutto;Asfaltata;Verticale ed orizzontale;Sereno;Scarso;Sufficiente;;1;0;0;2;12.4626;41.9221;-1;1;Autovettura privata;In marcia / fermata / arresto;Conducente;M;Rimandato;0;NON DECEDUTO;Non accertato;
5674045;17;30/10/2021 03:10:00;Strada Urbana;LUNGOTEVERE DELLA VITTORIA;all'intersezione semaforizzata con;VIA TIMAVO;VIA TIMAVO;;;Veicolo in marcia contro ostacolo fisso;Intersezione semaforizzata;Una carreggiata a doppio senso;Asciutto;Asfaltata;Verticale ed orizzontale;Sereno;Scarso;Sufficiente;;1;0;0;2;12.4626;41.9221;-1;1;Autovettura privata;In marcia / fermata / arresto;Passeggero;M;Illeso;0;;Non accertato;
5674045;17;30/10/2021 03:10:00;Strada Urbana;LUNGOTEVERE DELLA VITTORIA;all'intersezione semaforizzata con;VIA TIMAVO;VIA TIMAVO;;;Veicolo in marcia contro ostacolo fisso;Intersezione semaforizzata;Una carreggiata a doppio senso;Asciutto;Asfaltata;Verticale ed orizzontale;Sereno;Scarso;Sufficiente;;1;0;0;2;12.4626;41.9221;-1;1;Autovettura privata;In marcia / fermata / arresto;Passeggero;M;Illeso;0;;Non accertato;
5674053;3;29/10/2021 13:20:00;Strada Urbana;VIA NOMENTANA;all'intersezione con;VIALE VENTUNO APRILE;VIALE VENTUNO APRILE;;;Scontro laterale fra veicoli in marcia;Intersezione semaforizzata;Pi� di due carreggiate;Asciutto;Asfaltata;Verticale ed orizzontale;Sereno;Normale;Buona;;1;0;0;1;12.5177;41.9212;-1;1;Motociclo a solo;In marcia / fermata / arresto;Conducente;M;Rimandato;0;NON DECEDUTO;Non accertato;
5674053;3;29/10/2021 13:20:00;Strada Urbana;VIA NOMENTANA;all'intersezione con;VIALE VENTUNO APRILE;VIALE VENTUNO APRILE;;;Scontro laterale fra veicoli in marcia;Intersezione semaforizzata;Pi� di due carreggiate;Asciutto;Asfaltata;Verticale ed orizzontale;Sereno;Normale;Buona;;1;0;0;1;12.5177;41.9212;-1;2;Autovettura privata;In marcia / fermata / arresto;Conducente;M;Illeso;0;;Non accertato;Inesploso
5674057;17;30/10/2021 16:20:00;Strada Urbana;VIA TACITO;da specificare;;;;fronte civico n. 80;Scontro laterale fra veicoli in marcia;Rettilineo;Una carreggiata a senso unico di marcia;Asciutto;Asfaltata;Verticale ed orizzontale;Sereno;Normale;Buona;;0;0;0;2;12.4679;41.9065;0;1;Autovettura privata;In marcia / fermata / arresto;Conducente;M;Illeso;0;;;
5674057;17;30/10/2021 16:20:00;Strada Urbana;VIA TACITO;da specificare;;;;fronte civico n. 80;Scontro laterale fra veicoli in marcia;Rettilineo;Una carreggiata a senso unico di marcia;Asciutto;Asfaltata;Verticale ed orizzontale;Sereno;Normale;Buona;;0;0;0;2;12.4679;41.9065;0;2;Autovettura privata;In marcia / fermata / arresto;Conducente;M;Illeso;0;;;
5674064;12;31/10/2021 18:10:00;Strada Urbana;VIA DI DECIMA;da specificare;;;;prossimit�via delle Comete ;Scontro laterale fra veicoli in marcia;Rettilineo;Pi� di due carreggiate;Asciutto;Asfaltata;Verticale ed orizzontale;Sereno;Normale;Sufficiente;;0;0;0;4;12.4514;41.8162;-1;1;Autovettura privata;In marcia / fermata / arresto;Conducente;M;Illeso;0;;;
5674064;12;31/10/2021 18:10:00;Strada Urbana;VIA DI DECIMA;da specificare;;;;prossimit�via delle Comete ;Scontro laterale fra veicoli in marcia;Rettilineo;Pi� di due carreggiate;Asciutto;Asfaltata;Verticale ed orizzontale;Sereno;Normale;Sufficiente;;0;0;0;4;12.4514;41.8162;-1;1;Autovettura privata;In marcia / fermata / arresto;Passeggero;F;Illeso;0;;;
5674064;12;31/10/2021 18:10:00;Strada Urbana;VIA DI DECIMA;da specificare;;;;prossimit�via delle Comete ;Scontro laterale fra veicoli in marcia;Rettilineo;Pi� di due carreggiate;Asciutto;Asfaltata;Verticale ed orizzontale;Sereno;Normale;Sufficiente;;0;0;0;4;12.4514;41.8162;-1;2;Autovettura privata;In marcia / fermata / arresto;Passeggero;M;Illeso;0;;;
5674064;12;31/10/2021 18:10:00;Strada Urbana;VIA DI DECIMA;da specificare;;;;prossimit�via delle Comete ;Scontro laterale fra veicoli in marcia;Rettilineo;Pi� di due carreggiate;Asciutto;Asfaltata;Verticale ed orizzontale;Sereno;Normale;Sufficiente;;0;0;0;4;12.4514;41.8162;-1;2;Autovettura privata;In marcia / fermata / arresto;Conducente;M;Illeso;0;;;
5674083;23;30/10/2021 11:20:00;Strada Urbana;VIA CARLO CATTANEO;in prossimit�;;del civico n.;10;;Veicolo in marcia contro veicolo in sosta;Rettilineo;Una carreggiata a senso unico di marcia;Asciutto;Asfaltata;Verticale ed orizzontale;Sereno;Normale;Buona;;0;0;0;1;12.5015;41.8978;-1;1;Motociclo a solo;Sosta;;;;;;;
5674083;23;30/10/2021 11:20:00;Strada Urbana;VIA CARLO CATTANEO;in prossimit�;;del civico n.;10;;Veicolo in marcia contro veicolo in sosta;Rettilineo;Una carreggiata a senso unico di marcia;Asciutto;Asfaltata;Verticale ed orizzontale;Sereno;Normale;Buona;;0;0;0;1;12.5015;41.8978;-1;2;Autocarro inferiore 35 q.;In marcia / fermata / arresto;Conducente;M;Illeso;0;;Non accertato;Inesploso
5674111;3;29/10/2021 11:30:00;Strada Urbana;VIALE DELLO SCALO S. LORENZO;in prossimit�;;del civico n.;16;;Scontro frontale/laterale SX fra veicoli in marcia;Rettilineo;Pi� di due carreggiate;Asciutto;Asfaltata;Verticale ed orizzontale;Sereno;Normale;Buona;;1;0;0;1;12.517;41.8938;-1;1;Autocarro superiore 35 q.;In marcia / fermata / arresto;Conducente;M;Illeso;0;;Non accertato;Inesploso
5674111;3;29/10/2021 11:30:00;Strada Urbana;VIALE DELLO SCALO S. LORENZO;in prossimit�;;del civico n.;16;;Scontro frontale/laterale SX fra veicoli in marcia;Rettilineo;Pi� di due carreggiate;Asciutto;Asfaltata;Verticale ed orizzontale;Sereno;Normale;Buona;;1;0;0;1;12.517;41.8938;-1;2;Ciclomotore;In marcia / fermata / arresto;Conducente;F;Rimandato;0;NON DECEDUTO;Non accertato;
5674145;23;30/10/2021 21:00:00;Strada Urbana;VIA D'ARACOELI;all'intersezione con;VIA DI S. MARCO;VIA DI S. MARCO;;;Scontro frontale/laterale SX fra veicoli in marcia;Incrocio;Una carreggiata a senso unico di marcia;Bagnato (pioggia);Asfaltata;Verticale ed orizzontale;Nuvoloso;Normale;Sufficiente;;1;0;0;1;12.4795;41.8951;-1;1;Autovettura pubblica;In marcia / fermata / arresto;Conducente;M;Illeso;0;;Non accertato;Inesploso
5674145;23;30/10/2021 21:00:00;Strada Urbana;VIA D'ARACOELI;all'intersezione con;VIA DI S. MARCO;VIA DI S. MARCO;;;Scontro frontale/laterale SX fra veicoli in marcia;Incrocio;Una carreggiata a senso unico di marcia;Bagnato (pioggia);Asfaltata;Verticale ed orizzontale;Nuvoloso;Normale;Sufficiente;;1;0;0;1;12.4795;41.8951;-1;2;Velocipede;In marcia / fermata / arresto;Conducente;M;Rimandato;0;NON DECEDUTO;Esente;
5674153;3;30/10/2021 21:50:00;Strada Urbana;VIALE DELLO SCALO S. LORENZO;da specificare;;;;pross.t� intersezione Via dei Sardi;Scontro laterale fra veicoli in marcia;Rettilineo;Pi� di due carreggiate;Asciutto;Asfaltata;Verticale ed orizzontale;Sereno;Normale;Buona;;0;0;0;2;12.518;41.8952;-1;1;Autovettura privata;In marcia / fermata / arresto;Conducente;M;Illeso;0;;;
5674153;3;30/10/2021 21:50:00;Strada Urbana;VIALE DELLO SCALO S. LORENZO;da specificare;;;;pross.t� intersezione Via dei Sardi;Scontro laterale fra veicoli in marcia;Rettilineo;Pi� di due carreggiate;Asciutto;Asfaltata;Verticale ed orizzontale;Sereno;Normale;Buona;;0;0;0;2;12.518;41.8952;-1;2;Ciclomotore;In marcia / fermata / arresto;Conducente;F;Illeso;0;;;
5674155;17;30/10/2021 19:50:00;Strada Urbana;VIA IGEA;all'intersezione con;VIA BERNARDO BLUMENSTIHL;VIA BERNARDO BLUMENSTIHL;;;Scontro laterale fra veicoli in marcia;Incrocio;Una carreggiata a doppio senso;Asciutto;Asfaltata;Verticale ed orizzontale;Sereno;Scarso;Sufficiente;;0;0;0;4;12.4419;41.9346;-1;1;Autovettura privata;In marcia / fermata / arresto;Conducente;M;Illeso;0;;Non accertato;Inesploso
5674155;17;30/10/2021 19:50:00;Strada Urbana;VIA IGEA;all'intersezione con;VIA BERNARDO BLUMENSTIHL;VIA BERNARDO BLUMENSTIHL;;;Scontro laterale fra veicoli in marcia;Incrocio;Una carreggiata a doppio senso;Asciutto;Asfaltata;Verticale ed orizzontale;Sereno;Scarso;Sufficiente;;0;0;0;4;12.4419;41.9346;-1;1;Autovettura privata;In marcia / fermata / arresto;Passeggero;M;Illeso;0;;;
5674155;17;30/10/2021 19:50:00;Strada Urbana;VIA IGEA;all'intersezione con;VIA BERNARDO BLUMENSTIHL;VIA BERNARDO BLUMENSTIHL;;;Scontro laterale fra veicoli in marcia;Incrocio;Una carreggiata a doppio senso;Asciutto;Asfaltata;Verticale ed orizzontale;Sereno;Scarso;Sufficiente;;0;0;0;4;12.4419;41.9346;-1;1;Autovettura privata;In marcia / fermata / arresto;Passeggero;F;Illeso;0;;Non accertato;Inesploso
5674155;17;30/10/2021 19:50:00;Strada Urbana;VIA IGEA;all'intersezione con;VIA BERNARDO BLUMENSTIHL;VIA BERNARDO BLUMENSTIHL;;;Scontro laterale fra veicoli in marcia;Incrocio;Una carreggiata a doppio senso;Asciutto;Asfaltata;Verticale ed orizzontale;Sereno;Scarso;Sufficiente;;0;0;0;4;12.4419;41.9346;-1;2;Motociclo a solo;In marcia / fermata / arresto;Conducente;M;Illeso;0;;Non accertato;
5674159;17;30/10/2021 19:30:00;Strada Urbana;LUNGOTEVERE MICHELANGELO;in corrispondenza;;del civico n.;8 C;;Veicolo in marcia contro veicoli in arresto;Rettilineo;Pi� di due carreggiate;Asciutto;Asfaltata;Verticale;Sereno;Normale;Buona;;0;0;0;3;12.4698;41.9132;-1;1;Autovettura privata;In marcia / fermata / arresto;Conducente;F;Illeso;0;;;
5674159;17;30/10/2021 19:30:00;Strada Urbana;LUNGOTEVERE MICHELANGELO;in corrispondenza;;del civico n.;8 C;;Veicolo in marcia contro veicoli in arresto;Rettilineo;Pi� di due carreggiate;Asciutto;Asfaltata;Verticale;Sereno;Normale;Buona;;0;0;0;3;12.4698;41.9132;-1;2;Autovettura privata;In marcia / fermata / arresto;Conducente;M;Illeso;0;;;
5674159;17;30/10/2021 19:30:00;Strada Urbana;LUNGOTEVERE MICHELANGELO;in corrispondenza;;del civico n.;8 C;;Veicolo in marcia contro veicoli in arresto;Rettilineo;Pi� di due carreggiate;Asciutto;Asfaltata;Verticale;Sereno;Normale;Buona;;0;0;0;3;12.4698;41.9132;-1;3;Autobus di linea;In marcia / fermata / arresto;Conducente;M;Illeso;0;;;
5674169;3;30/10/2021 10:40:00;Strada Urbana;VIA TREVISO;all'intersezione con;VIA PAVIA;VIA PAVIA;;;Scontro laterale fra veicoli in marcia;Incrocio;Una carreggiata a doppio senso;Asciutto;Asfaltata;Verticale ed orizzontale;Sereno;Normale;Buona;;2;0;0;1;12.5138;41.9086;-1;1;Autovettura privata;In marcia / fermata / arresto;Passeggero;F;Rimandato;0;NON DECEDUTO;;
5674169;3;30/10/2021 10:40:00;Strada Urbana;VIA TREVISO;all'intersezione con;VIA PAVIA;VIA PAVIA;;;Scontro laterale fra veicoli in marcia;Incrocio;Una carreggiata a doppio senso;Asciutto;Asfaltata;Verticale ed orizzontale;Sereno;Normale;Buona;;2;0;0;1;12.5138;41.9086;-1;1;Autovettura privata;In marcia / fermata / arresto;Conducente;F;Rimandato;0;NON DECEDUTO;;
5674169;3;30/10/2021 10:40:00;Strada Urbana;VIA TREVISO;all'intersezione con;VIA PAVIA;VIA PAVIA;;;Scontro laterale fra veicoli in marcia;Incrocio;Una carreggiata a doppio senso;Asciutto;Asfaltata;Verticale ed orizzontale;Sereno;Normale;Buona;;2;0;0;1;12.5138;41.9086;-1;2;Autovettura privata;In marcia / fermata / arresto;Conducente;M;Illeso;0;;;
5674178;23;29/10/2021 19:10:00;Strada Urbana;VIA DEGLI SCIPIONI;all'intersezione con;VIA PAOLO EMILIO;VIA PAOLO EMILIO;;;Scontro frontale/laterale DX fra veicoli in marcia;Intersezione stradale segnalata;Una carreggiata a senso unico di marcia;Asciutto;Asfaltata;Verticale ed orizzontale;Sereno;Scarso;Sufficiente;;1;0;0;1;12.463;41.9098;-1;1;Autovettura privata;In marcia / fermata / arresto;Conducente;F;Illeso;0;;Non accertato;Inesploso
5674178;23;29/10/2021 19:10:00;Strada Urbana;VIA DEGLI SCIPIONI;all'intersezione con;VIA PAOLO EMILIO;VIA PAOLO EMILIO;;;Scontro frontale/laterale DX fra veicoli in marcia;Intersezione stradale segnalata;Una carreggiata a senso unico di marcia;Asciutto;Asfaltata;Verticale ed orizzontale;Sereno;Scarso;Sufficiente;;1;0;0;1;12.463;41.9098;-1;2;Motociclo a solo;In marcia / fermata / arresto;Conducente;M;Rimandato;0;NON DECEDUTO;Non accertato;
5674178;23;29/10/2021 19:10:00;Strada Urbana;VIA DEGLI SCIPIONI;all'intersezione con;VIA PAOLO EMILIO;VIA PAOLO EMILIO;;;Scontro frontale/laterale DX fra veicoli in marcia;Intersezione stradale segnalata;Una carreggiata a senso unico di marcia;Asciutto;Asfaltata;Verticale ed orizzontale;Sereno;Scarso;Sufficiente;;1;0;0;1;12.463;41.9098;-1;3;Autovettura privata;Sosta;;;;;;;
5674216;17;31/10/2021 11:20:00;Strada Urbana;VIA ALESSANDRO FARNESE;in corrispondenza;;del civico n.;2;;Veicolo in marcia contro ostacolo fisso;Rettilineo;Una carreggiata a senso unico di marcia;Asciutto;Asfaltata;Verticale ed orizzontale;Sereno;Scarso;Buona;;0;0;0;0;12.469;41.9091;0;1;Autovettura privata;Allontanatosi;;;;;;;
5674300;17;31/10/2021 21:00:00;Strada Urbana;CIRCONVALLAZIONE TRIONFALE;all'intersezione con;VIA MARSILIO FICINO;VIA MARSILIO FICINO;;;Scontro frontale/laterale DX fra veicoli in marcia;Incrocio;Una carreggiata a doppio senso;Asciutto;Asfaltata;Orizzontale;Nuvoloso;Normale;Buona;;1;0;0;1;12.4497;41.9116;-1;1;Autovettura privata;In marcia / fermata / arresto;Conducente;F;Illeso;0;;;
5674300;17;31/10/2021 21:00:00;Strada Urbana;CIRCONVALLAZIONE TRIONFALE;all'intersezione con;VIA MARSILIO FICINO;VIA MARSILIO FICINO;;;Scontro frontale/laterale DX fra veicoli in marcia;Incrocio;Una carreggiata a doppio senso;Asciutto;Asfaltata;Orizzontale;Nuvoloso;Normale;Buona;;1;0;0;1;12.4497;41.9116;-1;2;Motociclo a solo;In marcia / fermata / arresto;Conducente;F;Rimandato;0;NON DECEDUTO;;
5674544;9;22/10/2021 14:00:00;Strada Urbana;VIA GALLIA;all'intersezione con;VIA SATURNIA;VIA SATURNIA;;;Scontro frontale/laterale SX fra veicoli in marcia;Intersezione stradale segnalata;Una carreggiata a doppio senso;Asciutto;Asfaltata;Verticale ed orizzontale;Sereno;Normale;Buona;;1;0;0;1;12.5061;41.8794;-1;1;Autovettura privata;In marcia / fermata / arresto;Conducente;M;Illeso;0;;;
5674544;9;22/10/2021 14:00:00;Strada Urbana;VIA GALLIA;all'intersezione con;VIA SATURNIA;VIA SATURNIA;;;Scontro frontale/laterale SX fra veicoli in marcia;Intersezione stradale segnalata;Una carreggiata a doppio senso;Asciutto;Asfaltata;Verticale ed orizzontale;Sereno;Normale;Buona;;1;0;0;1;12.5061;41.8794;-1;2;Motociclo a solo;In marcia / fermata / arresto;Conducente;M;Rimandato;0;NON DECEDUTO;;
5675904;3;31/10/2021 01:15:00;Strada Urbana;VIA NOMENTANA;in prossimit�;;del civico n.;1;;Tamponamento;Rettilineo;Due carreggiate;Asciutto;Asfaltata;Verticale ed orizzontale;Sereno;Normale;Sufficiente;;0;0;0;6;12.5292;41.9329;-1;1;Autovettura privata;In marcia / fermata / arresto;Conducente;M;Illeso;0;;Utilizzato;Inesploso
5675904;3;31/10/2021 01:15:00;Strada Urbana;VIA NOMENTANA;in prossimit�;;del civico n.;1;;Tamponamento;Rettilineo;Due carreggiate;Asciutto;Asfaltata;Verticale ed orizzontale;Sereno;Normale;Sufficiente;;0;0;0;6;12.5292;41.9329;-1;1;Autovettura privata;In marcia / fermata / arresto;Passeggero;F;Illeso;0;;Utilizzato;
5675904;3;31/10/2021 01:15:00;Strada Urbana;VIA NOMENTANA;in prossimit�;;del civico n.;1;;Tamponamento;Rettilineo;Due carreggiate;Asciutto;Asfaltata;Verticale ed orizzontale;Sereno;Normale;Sufficiente;;0;0;0;6;12.5292;41.9329;-1;1;Autovettura privata;In marcia / fermata / arresto;Passeggero;M;Illeso;0;;;Inesploso
5675904;3;31/10/2021 01:15:00;Strada Urbana;VIA NOMENTANA;in prossimit�;;del civico n.;1;;Tamponamento;Rettilineo;Due carreggiate;Asciutto;Asfaltata;Verticale ed orizzontale;Sereno;Normale;Sufficiente;;0;0;0;6;12.5292;41.9329;-1;1;Autovettura privata;In marcia / fermata / arresto;Passeggero;F;Illeso;0;;Utilizzato;Inesploso
5675904;3;31/10/2021 01:15:00;Strada Urbana;VIA NOMENTANA;in prossimit�;;del civico n.;1;;Tamponamento;Rettilineo;Due carreggiate;Asciutto;Asfaltata;Verticale ed orizzontale;Sereno;Normale;Sufficiente;;0;0;0;6;12.5292;41.9329;-1;2;Autovettura privata;In marcia / fermata / arresto;Conducente;M;Illeso;0;;;
5675904;3;31/10/2021 01:15:00;Strada Urbana;VIA NOMENTANA;in prossimit�;;del civico n.;1;;Tamponamento;Rettilineo;Due carreggiate;Asciutto;Asfaltata;Verticale ed orizzontale;Sereno;Normale;Sufficiente;;0;0;0;6;12.5292;41.9329;-1;2;Autovettura privata;In marcia / fermata / arresto;Passeggero;M;Illeso;0;;;
5675913;3;31/10/2021 23:30:00;Strada Urbana;VIA LIVORNO;all'intersezione con;VIA GIUSEPPE PITRE';VIA GIUSEPPE PITRE';;;Scontro frontale/laterale SX fra veicoli in marcia;Intersezione stradale segnalata;Una carreggiata a doppio senso;Bagnato (pioggia);Asfaltata;Orizzontale;Nuvoloso;Normale;Buona;;0;0;0;4;12.5213;41.9138;-1;1;Autovettura privata;In marcia / fermata / arresto;Passeggero;F;Illeso;0;;;
5675913;3;31/10/2021 23:30:00;Strada Urbana;VIA LIVORNO;all'intersezione con;VIA GIUSEPPE PITRE';VIA GIUSEPPE PITRE';;;Scontro frontale/laterale SX fra veicoli in marcia;Intersezione stradale segnalata;Una carreggiata a doppio senso;Bagnato (pioggia);Asfaltata;Orizzontale;Nuvoloso;Normale;Buona;;0;0;0;4;12.5213;41.9138;-1;1;Autovettura privata;In marcia / fermata / arresto;Conducente;M;Illeso;0;;;
5675913;3;31/10/2021 23:30:00;Strada Urbana;VIA LIVORNO;all'intersezione con;VIA GIUSEPPE PITRE';VIA GIUSEPPE PITRE';;;Scontro frontale/laterale SX fra veicoli in marcia;Intersezione stradale segnalata;Una carreggiata a doppio senso;Bagnato (pioggia);Asfaltata;Orizzontale;Nuvoloso;Normale;Buona;;0;0;0;4;12.5213;41.9138;-1;2;Autovettura privata;In marcia / fermata / arresto;Passeggero;M;Illeso;0;;;
5675913;3;31/10/2021 23:30:00;Strada Urbana;VIA LIVORNO;all'intersezione con;VIA GIUSEPPE PITRE';VIA GIUSEPPE PITRE';;;Scontro frontale/laterale SX fra veicoli in marcia;Intersezione stradale segnalata;Una carreggiata a doppio senso;Bagnato (pioggia);Asfaltata;Orizzontale;Nuvoloso;Normale;Buona;;0;0;0;4;12.5213;41.9138;-1;2;Autovettura privata;In marcia / fermata / arresto;Conducente;M;Illeso;0;;;
5675938;3;31/10/2021 11:00:00;Strada Urbana;PIAZZALE DEL VERANO;da specificare;;;;cimitero verano riquadri 145/131;Scontro frontale/laterale SX fra veicoli in marcia;Rettilineo;Una carreggiata a doppio senso;Asciutto;Asfaltata;Assente;Nuvoloso;Scarso;Buona;;0;0;0;2;12.5188;41.9016;-1;1;Autovettura privata;In marcia / fermata / arresto;Conducente;F;Illeso;0;;;
5675938;3;31/10/2021 11:00:00;Strada Urbana;PIAZZALE DEL VERANO;da specificare;;;;cimitero verano riquadri 145/131;Scontro frontale/laterale SX fra veicoli in marcia;Rettilineo;Una carreggiata a doppio senso;Asciutto;Asfaltata;Assente;Nuvoloso;Scarso;Buona;;0;0;0;2;12.5188;41.9016;-1;2;Autovettura privata;In marcia / fermata / arresto;Conducente;M;Illeso;0;;;
5676458;1;30/10/2021 18:50:00;;VIA GOITO;all'intersezione con;VIA GAETA;VIA GAETA;;;Infortunio per sola frenata improvvisa;;;;;;;;;;1;0;0;0;12.5006;41.9059;0;1;Motociclo a solo;In marcia / fermata / arresto;Conducente;M;Rimandato;0;NON DECEDUTO;Non accertato;
5677276;1;17/10/2021 00:30:00;Strada Urbana;VIA DEI NORMANNI;in prossimit�;;del civico n.;5;;Veicolo in marcia contro veicolo in sosta;Rettilineo;Una carreggiata a senso unico di marcia;Asciutto;Asfaltata;Assente;Sereno;Intenso;Buona;;0;0;0;0;;;0;1;Autovettura privata;Sosta;;;;;;;
5677276;1;17/10/2021 00:30:00;Strada Urbana;VIA DEI NORMANNI;in prossimit�;;del civico n.;5;;Veicolo in marcia contro veicolo in sosta;Rettilineo;Una carreggiata a senso unico di marcia;Asciutto;Asfaltata;Assente;Sereno;Intenso;Buona;;0;0;0;0;;;0;2;Autovettura privata;Allontanatosi;;;;;;;
5677322;13;31/10/2021;Strada Urbana;VIA EURIPIDE;in prossimit�;;del civico n.;30;;Veicolo in marcia contro ostacolo fisso;Rettilineo;Una carreggiata a doppio senso;Asciutto;Asfaltata;Orizzontale;Nuvoloso;Scarso;Buona;;0;0;0;0;12.3715;41.7691;-1;1;Autovettura privata;Allontanatosi;;;;;;;
5678240;4;14/10/2021 11:50:00;Statale;VIA SALARIA;in prossimit�;;della chilometrica;16.8;;Veicolo in marcia contro ostacolo fisso;Rettilineo;Una carreggiata a doppio senso;Asciutto;Asfaltata;Orizzontale;Sereno;Normale;Buona;;0;0;0;1;12.5115;41.9873;-1;1;Autocarro inferiore 35 q.;In marcia / fermata / arresto;Conducente;M;Illeso;0;;;
5684114;2;28/10/2021 16:10:00;Strada Urbana;SOTTOVIA IGNAZIO GUIDI;da specificare;;;;altezza uscita via nomentana;Tamponamento;Sottopasso illuminato;Una carreggiata a senso unico di marcia;Asciutto;Asfaltata;Verticale ed orizzontale;Sereno;Normale;Sufficiente;;1;0;0;0;12.5014;41.9096;-1;1;Motociclo a solo;In marcia / fermata / arresto;Conducente;M;Rimandato;0;NON DECEDUTO;;
5685222;12;07/10/2021 09:50:00;Strada Urbana;VIALE DON PASQUINO BORGHI;in prossimit�;;del civico n.;192;;Scontro laterale fra veicoli in marcia;Rettilineo;Una carreggiata a doppio senso;Asciutto;Asfaltata;Verticale ed orizzontale;Sereno;Normale;Buona;;0;0;0;2;12.443;41.8118;-1;1;Autovettura privata;In marcia / fermata / arresto;Conducente;M;Illeso;0;;Non accertato;Inesploso
5685222;12;07/10/2021 09:50:00;Strada Urbana;VIALE DON PASQUINO BORGHI;in prossimit�;;del civico n.;192;;Scontro laterale fra veicoli in marcia;Rettilineo;Una carreggiata a doppio senso;Asciutto;Asfaltata;Verticale ed orizzontale;Sereno;Normale;Buona;;0;0;0;2;12.443;41.8118;-1;2;Macchina operatrice;In marcia / fermata / arresto;Conducente;M;Illeso;0;;Esente;Inesistente
5687534;26;27/10/2021 17:28:00;Strada Urbana;VIA DELLE TRE PILE;all'intersezione con;VIA DEL TEATRO DI MARCELLO;VIA DEL TEATRO DI MARCELLO;;;Veicolo in marcia contro ostacolo accidentale;Intersezione stradale segnalata;Una carreggiata a senso unico di marcia;Asciutto;Acciotolata;Verticale ed orizzontale;Sereno;Scarso;Buona;;0;0;0;1;12.4819;41.8937;-1;1;Motociclo a solo;In marcia / fermata / arresto;Conducente;M;Illeso;0;;Utilizzato;
5725285;6;28/10/2021 20:05:00;Strada Urbana;VIA GIUSEPPE DALLA VEDOVA;all'intersezione con;VIA ALFONSO ANTONINI;VIA ALFONSO ANTONINI;;;Investimento di pedone;Incrocio;Una carreggiata a senso unico di marcia;Asciutto;Asfaltata;Verticale ed orizzontale;Sereno;Scarso;Insufficiente;;1;0;0;1;12.5423;41.8864;-1;;;;Pedone;F;Rifiuta cure immediate;0;NON DECEDUTO;;
5725285;6;28/10/2021 20:05:00;Strada Urbana;VIA GIUSEPPE DALLA VEDOVA;all'intersezione con;VIA ALFONSO ANTONINI;VIA ALFONSO ANTONINI;;;Investimento di pedone;Incrocio;Una carreggiata a senso unico di marcia;Asciutto;Asfaltata;Verticale ed orizzontale;Sereno;Scarso;Insufficiente;;1;0;0;1;12.5423;41.8864;-1;1;Autovettura privata;In marcia / fermata / arresto;Conducente;F;Illeso;0;;Utilizzato;Inesploso
5743064;1;08/10/2021 19:39:00;Strada Urbana;LUNGOTEVERE TESTACCIO;all'intersezione con;VIA ORAZIO ANTINORI;VIA ORAZIO ANTINORI;;;Scontro laterale fra veicoli in marcia;Incrocio;Una carreggiata a doppio senso;Asciutto;Asfaltata;Verticale ed orizzontale;Sereno;Normale;Buona;;0;0;0;2;12.4707;41.8777;-1;1;Autovettura privata;In marcia / fermata / arresto;Conducente;M;Illeso;0;;;
5743064;1;08/10/2021 19:39:00;Strada Urbana;LUNGOTEVERE TESTACCIO;all'intersezione con;VIA ORAZIO ANTINORI;VIA ORAZIO ANTINORI;;;Scontro laterale fra veicoli in marcia;Incrocio;Una carreggiata a doppio senso;Asciutto;Asfaltata;Verticale ed orizzontale;Sereno;Normale;Buona;;0;0;0;2;12.4707;41.8777;-1;2;Autovettura privata;In marcia / fermata / arresto;Conducente;F;Illeso;0;;;